,Ticker,Description,3-Month Performance,6-Month Performance,YTD Performance,Yearly Performance,1-Year Beta,Volatility
0,AAPL,Apple Inc.,-7.78952799,-11.09176822,9.76358612,-13.70466478,1.2153943,2.15610781
1,MSFT,Microsoft Corporation,3.456948,-12.30307848,-0.15221326,-19.15864504,1.1529822,2.46077622
2,GOOG,Alphabet Inc.,2.4688775,-15.80711707,9.03929645,-24.65384615,1.1696144,3.27112387
3,AMZN,"Amazon.com, Inc.",-3.30801039,-26.18016298,17.65738357,-28.61731997,1.5287412,3.26229674
4,BRK.A,Berkshire Hathaway Inc.,3.30981982,4.74716591,-1.67248546,0.53619233,0.86321163,1.08999752
5,TSLA,"Tesla, Inc.",-28.79299295,-45.35732241,40.67696463,-39.87439261,1.8497294,7.96996997
6,V,Visa Inc.,9.66444881,10.14952642,9.47056575,3.83430022,1.0078174,1.53994647
7,NVDA,NVIDIA Corporation,38.74447904,5.3783546,29.02834826,-12.9480764,2.0593154,6.34464752
8,XOM,Exxon Mobil Corporation,1.05900151,20.271129,3.44325014,51.4739229,0.62893593,2.1723895
9,UNH,UnitedHealth Group Incorporated,-12.47027027,-9.58009158,-7.4914783,5.28608583,0.51837486,2.15552805
10,JNJ,Johnson & Johnson,-6.92864529,-6.11416981,-8.03814714,-5.18553201,0.2813858,4.63123914
11,JPM,JP Morgan Chase & Co.,9.66343501,22.63552226,2.87636794,-3.50925862,1.04175,1.01504571
12,META,"Meta Platforms, Inc.",55.89950175,-9.60722847,19.73619932,-50.25377139,1.18353,3.25961211
13,WMT,Walmart Inc.,-0.5735469,7.55901937,-0.2806033,4.52205882,0.6576082,1.43696468
14,MA,Mastercard Incorporated,11.70910842,6.03428571,6.0464053,3.3616488,1.0340476,1.25338387
15,CVX,Chevron Corporation,-5.25915049,9.34655703,-2.15681869,34.0,0.62272906,3.32815109
16,LLY,Eli Lilly and Company,-1.54121967,6.19717431,-7.03325506,43.37445787,0.5758799,2.45684322
17,PG,Procter & Gamble Company (The),4.68448404,-0.45884512,-6.58496191,-11.09639997,0.68524146,1.31166239
18,HD,"Home Depot, Inc. (The)",4.61763825,3.58991264,-1.00182723,-12.75231141,0.8608769,1.41859798
19,BABA,Alibaba Group Holding Limited,63.50536686,20.86956522,22.05026891,-1.81015453,0.7436719,7.83384952
20,BAC,Bank of America Corporation,-3.1284303,5.62537403,6.22931086,-22.1180364,1.0795128,1.08015918
21,MRK,"Merck & Company, Inc.",5.40486836,21.59312321,-3.91268907,33.37943173,0.2676406,1.06161137
22,KO,Coca-Cola Company (The),1.01615859,-4.5790716,-4.59408433,2.10473144,0.6406932,1.17433014
23,ABBV,AbbVie Inc.,-0.68866767,2.77307367,-10.11478647,7.10346349,0.47329116,1.28046262
24,PFE,"Pfizer, Inc.",-9.27083333,-12.53263708,-14.62458342,-19.00688116,0.612419,1.70526558
25,AVGO,Broadcom Inc.,22.20599208,8.62336304,2.91150442,7.01008539,1.0961082,1.93700842
26,ORCL,Oracle Corporation,11.13231552,13.85557873,5.91730326,9.20115014,0.9871757,2.29911484
27,PEP,"PepsiCo, Inc.",-6.33359125,-3.19853781,-6.15205715,0.57563349,0.5438876,1.36868866
28,COST,Costco Wholesale Corporation,-0.08338297,-7.65504587,9.88646288,4.03935999,1.0793738,1.04522653
29,TMO,Thermo Fisher Scientific Inc,9.2442018,-4.41271132,1.9881075,1.75087454,0.9687682,2.29509951
30,MCD,McDonald's Corporation,-1.02305528,3.76939284,2.79285091,8.356,0.6566887,0.92942309
31,CSCO,"Cisco Systems, Inc.",5.79201404,7.39420935,0.7521939,-11.52293578,0.7610624,0.81047382
32,DIS,Walt Disney Company (The),-0.10213556,1.75919796,20.91481232,-20.42748317,1.2047673,1.91663565
33,NKE,"Nike, Inc.",32.06186644,11.41773938,6.59637284,-12.31612545,1.1975579,1.07365001
34,ABT,Abbott Laboratories,10.2288697,0.64155439,-0.63342684,-9.07510143,0.74432075,0.95785441
35,DHR,Danaher Corporation,3.54679803,-8.94441364,-1.8893992,-3.4858948,1.0927129,1.70192491
36,TMUS,"T-Mobile US, Inc.",-3.92836133,3.10044893,5.74100719,39.04077192,0.71935,1.79578918
37,ACN,Accenture plc,-4.43809657,-9.18961864,1.90193165,-17.84366577,1.2822845,1.51476346
38,WFC,Wells Fargo & Company,-0.6225848,6.68356764,11.24729632,-13.654169,1.0158236,1.83366077
39,VZ,Verizon Communications Inc.,8.08320169,-9.7008359,3.21850641,-20.19828927,0.3764665,1.52334152
40,CMCSA,Comcast Corporation,22.68250743,3.75462718,12.30681168,-18.05144548,0.7598607,1.69491525
41,ADBE,Adobe Inc.,13.21142644,-11.96434195,6.83795861,-26.44661368,1.6756078,2.171816
42,CRM,"Salesforce, Inc.",-0.15151515,-11.20034496,21.8655226,-23.12179188,1.5700502,1.86046512
43,MS,Morgan Stanley,15.26726727,13.32073689,12.05698605,-3.16851665,1.0839461,2.04382638
44,PM,Philip Morris International Inc,12.540646,5.19756839,2.28548911,1.79411765,0.73586494,1.29782082
45,LIN,Linde plc,6.91072956,8.38668801,2.31686971,5.74895888,0.8076819,1.34493183
46,NFLX,"Netflix, Inc.",19.22544485,57.08438987,18.46943568,-8.70048609,1.6829754,2.29414349
47,TXN,Texas Instruments Incorporated,6.71227811,-2.74141902,3.53426624,-0.3912318,0.9566998,1.75947971
48,BMY,Bristol-Myers Squibb Company,-6.45454545,-1.73260573,0.37625418,13.11243719,0.30607575,1.4329438
49,UPS,"United Parcel Service, Inc.",4.74076705,-9.10164877,1.54932002,-9.61695608,1.00396,3.23147571
50,COP,ConocoPhillips,-6.37719435,26.40797063,3.40597117,36.99704478,0.80073714,2.72583728
51,NEE,"NextEra Energy, Inc.",-4.01585881,-12.49854261,-11.04658054,3.77488938,0.9322731,1.94952597
52,QCOM,QUALCOMM Incorporated,9.929848,-10.85602059,18.21284239,-18.75192889,1.1721853,2.49711871
53,RTX,Raytheon Technologies Corporation,3.54557852,5.29066667,-2.25764927,10.9475104,0.6666865,1.98763477
54,T,AT&T Inc.,8.56219709,9.44625407,8.91410049,10.96764335,0.59651345,1.86023127
55,SCHW,Charles Schwab Corporation (The),-5.71928072,10.09040537,-9.65657533,-15.13039568,1.19757,3.77871415
56,HON,Honeywell International Inc.,0.6505258,8.6713139,-4.35510109,2.69487973,0.78847903,1.83843198
57,CAT,"Caterpillar, Inc.",19.60847093,42.64673794,8.65049028,27.19490248,0.9683752,1.41207761
58,AMGN,Amgen Inc.,-6.68026706,2.29730829,-3.5573274,12.29189913,0.50487477,1.42059058
59,PDD,Pinduoduo Inc.,62.92134831,97.21883881,13.61244299,90.49019608,0.5358921,9.25790627
60,AXP,American Express Company,15.13736997,12.06594405,15.46074629,0.52398696,1.2593112,3.21718988
61,DE,Deere & Company,5.67839196,24.72569836,-1.72897196,13.02805547,0.99719495,1.85406699
62,BA,Boeing Company (The),45.61427877,27.45121877,8.66545737,11.06579087,1.0856533,1.75725772
63,SBUX,Starbucks Corporation,23.0978878,26.03185676,7.79634049,14.03324216,0.8382205,1.48853576
64,UNP,Union Pacific Corporation,1.52129817,-10.44108437,-3.42032901,-18.28571429,0.7250913,1.9675
65,IBM,International Business Machines Corporation,-2.13381555,2.63996359,-4.11055989,1.58420302,0.64932156,1.58978952
66,LOW,"Lowe's Companies, Inc.",1.97474747,6.4757686,0.20844707,-11.43909821,0.97955877,1.6952523
67,GS,"Goldman Sachs Group, Inc. (The)",3.57256686,7.64597826,3.46164978,5.84194475,1.1096002,2.81782066
68,SPGI,S&P Global Inc.,12.56494604,-0.77506775,7.04595954,-7.36027123,1.176027,2.2428884
69,LMT,Lockheed Martin Corporation,-5.2342448,7.79834765,-4.71668839,18.37316885,0.6122653,1.54379213
70,INTU,Intuit Inc.,-3.9286703,-7.75688307,4.97857323,-19.93809597,1.6786664,2.51795071
71,AMD,"Advanced Micro Devices, Inc.",17.83361796,-23.60012654,9.77605382,-28.65583456,1.8768508,4.14364641
72,ELV,"Elevance Health, Inc.",-10.26055046,2.87324892,-3.85311001,12.5253083,0.5683641,1.64954361
73,INTC,Intel Corporation,-2.95138889,-22.5547243,3.34627473,-41.41689373,1.0530825,3.03577882
74,CVS,CVS Health Corporation,-7.99069866,-11.21876594,-5.09158308,-18.39700023,0.5052183,1.60938039
75,BX,Blackstone Inc.,1.63864196,-7.34231595,23.56770833,-21.44690009,1.8061712,2.5706125
76,BLK,"BlackRock, Inc.",13.87459269,11.11177144,3.86944444,-4.70086015,1.5806785,1.69314437
77,MDT,Medtronic plc.,-5.57969357,-11.47084048,5.91253046,-20.1739971,0.506676,0.92754089
78,GILD,"Gilead Sciences, Inc.",6.50396116,36.93116478,-2.03338035,23.71975657,0.5366536,1.83395866
79,C,"Citigroup, Inc.",11.77105832,0.99531616,13.1147541,-18.65765483,0.9818579,1.35683677
80,EL,"Estee Lauder Companies, Inc. (The)",31.71288427,0.61957409,5.86696854,-8.0332316,0.9189102,1.37221269
81,CI,Cigna Corporation,-3.97277228,14.05681526,-5.19305963,36.32610033,0.4809279,1.15020736
82,BKNG,Booking Holdings Inc. Common Stock,28.85551884,25.941468,19.52835695,3.27411727,1.2823061,2.09787602
83,SYK,Stryker Corporation,16.30855278,16.20564403,0.91802483,3.79336162,1.1118698,1.96573996
84,TJX,"TJX Companies, Inc. (The)",12.33461963,30.96079692,2.2325348,17.24683544,0.8383185,1.20044324
85,CB,Chubb Limited,4.92921792,22.21981943,2.75909091,17.20151382,0.6473357,1.48530262
86,ADP,"Automatic Data Processing, Inc.",-8.24874144,-7.82655557,-7.65812534,12.90240682,0.9196164,2.20147375
87,AMAT,"Applied Materials, Inc.",19.55801105,2.32646113,8.4494337,-16.51556653,1.6984748,4.20043533
88,PYPL,"PayPal Holdings, Inc.",-6.30588235,-21.25766265,8.07436559,-49.71269811,1.6455469,2.8855221
89,NOW,"ServiceNow, Inc.",3.62695514,-3.94574064,12.02035031,-16.28931888,1.723443,4.25792966
90,MDLZ,"Mondelez International, Inc.",5.32813515,0.24737168,-2.4962406,-0.44526332,0.6312458,1.59913057
91,GE,General Electric Company,31.85198668,38.25803564,23.23964412,15.99431271,1.2460173,3.17342259
92,ADI,"Analog Devices, Inc.",16.41513335,-1.21052632,2.02935314,9.60939528,1.029933,1.66924082
93,ISRG,"Intuitive Surgical, Inc.",-2.35417423,1.33450469,-10.14874439,-8.3919522,1.3754308,2.18199851
94,MMC,"Marsh & McLennan Companies, Inc.",5.74451073,5.92692995,3.37923156,17.06270852,0.9964924,1.25903474
95,VRTX,Vertex Pharmaceuticals Incorporated,2.41326335,15.93058223,10.86933925,40.78359769,0.54059494,1.08385803
96,REGN,"Regeneron Pharmaceuticals, Inc.",-1.80533333,22.74333333,2.02255285,21.07054201,0.675647,2.2532577
97,SLB,Schlumberger N.V.,6.90702087,52.64156055,6.58342792,44.75847893,0.9213927,1.51461155
98,MO,"Altria Group, Inc.",-4.13614821,1.13636364,-2.68970042,-10.91091091,0.46954253,1.58535315
99,PGR,Progressive Corporation (The),5.06712191,19.12722154,4.6610497,25.42843909,0.7852029,1.15207373
100,DUK,Duke Energy Corporation (Holding Company),8.62455915,-7.11021751,-1.51162791,-1.50208354,0.5647183,0.97855095
101,TGT,Target Corporation,1.34583033,2.61589001,12.47207868,-21.28424098,1.3852905,2.32291541
102,EOG,"EOG Resources, Inc.",-4.68287755,21.68386146,3.203125,20.36446469,0.9028727,2.46537818
103,ZTS,Zoetis Inc.,8.78467635,-8.31663327,10.78972151,-12.78792693,1.0533556,1.1048712
104,USB,U.S. Bancorp,14.01869159,2.97531125,10.40723982,-14.90845684,0.87735826,1.64812526
105,SO,Southern Company (The),2.52394709,-11.1477138,-5.599888,-0.83823529,0.51843554,1.2310887
106,HCA,"HCA Healthcare, Inc.",15.70436689,18.54729255,4.81234742,10.60652373,1.0970644,2.52937662
107,BDX,"Becton, Dickinson and Company",5.55790007,2.92992058,-4.77042565,1.59570777,0.7193059,1.36640487
108,ITW,Illinois Tool Works Inc.,6.95348837,11.91414805,4.21481985,0.16116386,1.0121968,1.29498602
109,APD,"Air Products and Chemicals, Inc.",24.10057721,27.93967801,1.23846997,14.15790814,0.77914506,1.5221623
110,MRNA,"Moderna, Inc.",16.86373328,7.82759032,0.01105889,20.62020674,1.2421812,4.82174491
111,ABNB,"Airbnb, Inc.",-1.33825981,1.15962116,25.28465984,-20.97874337,1.6924081,6.09929078
112,MU,"Micron Technology, Inc.",12.01669995,-1.264,22.05300633,-20.24040326,1.1457356,3.53379802
113,NOC,Northrop Grumman Corporation,-20.07568866,-8.48333333,-19.38633194,18.58010528,0.43800074,2.78585993
114,FISV,"Fiserv, Inc.",2.40147187,-0.98314607,3.96185608,5.32868526,1.0360171,1.453958
115,PNC,"PNC Financial Services Group, Inc. (The)",-0.03682789,-1.11117858,2.01064829,-20.20969085,1.0998143,0.86393089
116,AON,Aon plc,12.09008437,13.08807294,5.47749543,20.70092747,0.94565487,1.53724747
117,BSX,Boston Scientific Corporation,7.35880009,10.04083594,-1.44148021,6.1891516,0.83723885,0.71209465
118,LRCX,Lam Research Corporation,15.89104116,-5.47260734,11.38183003,-13.54539215,1.8121827,2.19154644
119,TFC,Truist Financial Corporation,7.21398539,-3.1,11.58452326,-21.51304066,0.9335488,1.1161637
120,ETN,"Eaton Corporation, PLC",5.8633851,8.89460502,1.76492915,4.08929149,0.85723186,1.22953371
121,CME,CME Group Inc.,0.833787,-11.44438853,4.57003625,-21.43239864,0.65086925,1.70331548
122,FCX,"Freeport-McMoRan, Inc.",30.54318789,48.58108108,15.88932806,20.75782537,1.2374619,2.43458476
123,WM,"Waste Management, Inc.",-3.74096196,-6.68048275,-2.73807255,4.60508336,0.54605556,1.56516045
124,CSX,CSX Corporation,1.87521309,-7.23377833,-3.86100386,-10.91234347,0.8335157,2.305621
125,GD,General Dynamics Corporation,-8.97226103,0.39617907,-7.98063345,8.68757148,0.6729911,1.64774484
126,MMM,3M Company,-11.19350004,-20.66243834,-7.35681369,-33.1432983,0.9218072,3.05614783
127,HUM,Humana Inc.,-12.71218476,0.99135687,-4.59035102,27.43016319,0.35197082,2.91713118
128,CL,Colgate-Palmolive Company,-1.17966102,-8.9,-7.5009519,-11.07857491,0.40244058,2.97015961
129,MPC,Marathon Petroleum Corporation,13.43991567,36.67054715,11.66450497,79.86072423,0.63682264,3.48035036
130,SHW,Sherwin-Williams Company (The),1.69133192,-4.90547387,-4.03192285,-18.23783554,0.9670637,1.88005919
131,CHTR,"Charter Communications, Inc.",4.49309064,-10.74429224,14.28989066,-30.26649067,1.1323702,2.04076371
132,ICE,Intercontinental Exchange Inc.,10.52849741,5.46820924,2.93379656,-12.90217214,1.028639,1.5015015
133,ATVI,"Activision Blizzard, Inc",3.68550369,-4.50088006,-0.82903584,-3.60406091,0.31150407,1.6350211
134,UBER,"Uber Technologies, Inc.",-1.46325241,-0.30282638,16.79148601,-13.28650863,1.1401618,3.2105441
135,MELI,"MercadoLibre, Inc.",24.50169317,36.27193394,33.91272275,17.05793451,2.2383735,5.22656189
136,OXY,Occidental Petroleum Corporation,-13.36125372,-0.8350085,2.93739968,70.33200531,0.73902184,3.85515842
137,SCCO,Southern Copper Corporation,52.84836066,58.70212766,22.35892388,17.835703,0.74717456,3.36490716
138,MCO,Moody's Corporation,16.84641131,1.62364965,10.82892416,-3.80552919,1.4376955,1.96866724
139,NTES,"NetEase, Inc.",50.93513058,-1.12582781,17.54362944,-5.85391487,0.496648,2.88966725
140,BN,Brookfield Corporation,10.6888759,-9.12566152,15.49118388,-13.69768143,1.5397834,2.9343524
141,MET,"MetLife, Inc.",-2.04968101,16.10619469,-0.38652678,10.72579408,0.8913223,1.36756908
142,EPD,Enterprise Products Partners L.P.,1.3866878,-3.36102719,6.27076412,8.20295983,0.5328001,4.36664044
143,KLAC,KLA Corporation,19.84666749,1.19286889,0.95833333,9.96454404,1.5570831,3.16439347
144,PXD,Pioneer Natural Resources Company,-11.94252874,0.82031935,1.97896792,7.54293201,0.87832445,2.30010475
145,NSC,Norfolk Southern Corporation,3.47958297,-4.3870916,-3.6016349,-11.86547284,0.7920924,1.5895771
146,MAR,Marriott International,5.40573821,7.47018205,14.24758091,11.16883117,1.0412601,1.92948606
147,VLO,Valero Energy Corporation,10.38582677,23.50453705,11.48310139,72.07561065,0.5272457,2.68336315
148,MCK,McKesson Corporation,-2.39948454,12.68858801,1.59628696,48.46512722,0.48679867,1.28186324
149,MNST,Monster Beverage Corporation,6.85803758,5.8963484,0.5895647,23.47123387,0.5310739,1.22597097
150,SNPS,"Synopsys, Inc.",17.62649185,-2.54038997,8.32198142,22.16053909,1.272483,2.29927843
151,EMR,Emerson Electric Company,3.80787037,0.32438479,-7.15320911,-0.48818373,0.9615143,2.19040072
152,D,"Dominion Energy, Inc.",-10.46843759,-23.58605558,2.23418134,-19.71055328,0.4926133,1.56727214
153,DG,Dollar General Corporation,-8.67058824,-7.84662868,-5.97900686,13.51627998,0.80400676,2.09444349
154,F,Ford Motor Company,-5.0110538,-16.73126615,9.05245347,-33.2815735,1.4802598,3.1881804
155,VMW,"Vmware, Inc.",7.54017305,4.72014444,-0.55519268,-2.26287915,1.1456817,4.13527541
156,GM,General Motors Company,-9.09318637,-1.35906496,6.68822578,-29.1902439,1.4299597,4.77636665
157,SHOP,Shopify Inc.,33.38044093,23.21148825,32.2219109,-42.80207992,2.8202693,6.43995749
158,SRE,DBA Sempra,6.4993395,-1.34605972,4.49773169,18.99630996,0.70307827,1.1720684
159,PSX,Phillips 66,-0.54205607,19.59991009,2.92069632,23.51439183,0.6507284,2.8664652
160,CDNS,"Cadence Design Systems, Inc.",17.93800979,-0.79314982,10.99920162,29.10922209,1.2890908,2.44442599
161,KHC,The Kraft Heinz Company,4.99349805,9.0786274,-0.39476931,12.76536313,0.3058367,2.26301232
162,BIDU,"Baidu, Inc.",69.45668135,4.59214502,16.50681474,-3.64597829,0.77207786,5.20056142
163,ORLY,"O'Reilly Automotive, Inc.",-5.82938784,11.26564085,-6.26758306,23.26605161,0.76063293,3.37604335
164,SNOW,Snowflake Inc.,-7.17494233,-1.5958816,4.39650464,-37.32786885,1.687355,4.52849944
165,KDP,Keurig Dr Pepper Inc.,-10.86007702,-10.07511008,-2.60869565,-6.94183865,0.5092678,1.73611111
166,AEP,"American Electric Power Company, Inc.",5.41430193,-5.59113551,-2.13909378,4.17274257,0.55825824,1.39167026
167,SQ,"Block, Inc.",28.11496468,-1.53029742,20.34690799,-23.97332063,2.7118995,5.26117529
168,PANW,"Palo Alto Networks, Inc.",-9.3767966,-8.76476468,11.54118313,-3.02666375,1.2122651,1.64768751
169,EW,Edwards Lifesciences Corporation,3.68047983,-25.58458077,0.06578082,-25.70088893,1.0306679,2.9648175
170,AIG,"American International Group, Inc. New",10.05226481,23.62035225,-0.44129236,12.80357143,0.96460766,0.76190476
171,JCI,Johnson Controls International plc,16.42503838,27.13726951,5.17719569,-4.35757321,1.0433564,1.08440797
172,KKR,KKR & Co. Inc.,10.18218623,3.14572674,15.09832946,-17.64260856,1.6209987,2.1347074
173,HES,Hess Corporation,5.33000208,36.7666937,8.37617823,68.80213547,1.0036582,3.13531353
174,APH,Amphenol Corporation,2.31312075,2.09963485,2.05970538,4.23379044,0.9627492,1.24327096
175,NXPI,NXP Semiconductors N.V.,19.27166401,-0.97655172,12.329453,-3.75375375,1.1716107,2.1807202
176,FDX,FedEx Corporation,13.66471133,-21.61805408,5.20660685,-23.66260264,0.9719814,3.79650308
177,GIS,"General Mills, Inc.",-3.80073801,3.67179215,-6.40258497,14.57661881,0.27645314,1.14131829
178,AZO,"AutoZone, Inc.",-4.93008471,11.93573068,-0.52959029,26.95669448,0.8110366,2.98653652
179,HSY,The Hershey Company,-6.37217887,-2.18687001,-3.14615518,15.33174866,0.38354877,2.21112372
180,AFL,AFLAC Incorporated,12.42111744,24.38692098,1.47263129,18.4560493,0.92066765,2.06254334
181,WDAY,"Workday, Inc.",11.35790005,12.10773726,3.38605741,-22.10108144,1.3785976,2.52178429
182,ADM,Archer-Daniels-Midland Company,-15.51972062,-0.23047065,-11.32075472,10.90884574,0.607419,2.07494202
183,ADSK,"Autodesk, Inc.",-3.50237645,-3.47119645,9.70517259,-8.92382736,1.798033,1.9729207
184,A,"Agilent Technologies, Inc.",8.77419355,13.70550768,-0.14477494,14.09022556,1.0613476,3.18796394
185,ROP,"Roper Technologies, Inc.",1.62950875,-0.75928009,-2.82921457,-0.05899983,1.1078899,2.68595286
186,CTVA,"Corteva, Inc.",-5.30062093,11.46167558,6.47028776,33.72540633,0.7414472,2.84611674
187,CMG,"Chipotle Mexican Grill, Inc.",6.50673829,3.11749371,14.96536456,19.77501172,1.1058029,1.63258936
188,CTAS,Cintas Corporation,1.66472371,2.94402342,-3.9411363,15.7587342,1.1320444,1.47424103
189,LVS,Las Vegas Sands Corp.,47.38986504,50.22060732,17.42747008,36.735176,0.8425835,2.97098916
190,FIS,"Fidelity National Information Services, Inc.",-11.36661504,-27.77669903,8.25087311,-32.53831504,1.3062259,2.00406229
191,TRV,"The Travelers Companies, Inc.",1.68840305,19.35340447,0.64270794,13.1374556,0.6228341,1.41635489
192,COF,Capital One Financial Corporation,6.98669644,6.07877502,24.10964818,-18.32966409,1.2934086,2.24347826
193,KMB,Kimberly-Clark Corporation,3.63972361,-2.65640329,-5.19623695,-5.83296832,0.56477094,1.20566273
194,ECL,Ecolab Inc.,0.4539992,-9.16445303,2.31893914,-17.89358799,1.2762617,1.69671968
195,NUE,Nucor Corporation,23.23703704,25.78060029,26.21955846,69.93871297,1.4203342,2.65181328
196,CNC,Centene Corporation,-12.33423307,-19.94427178,-8.90243902,-1.58102767,0.69285125,1.91044376
197,MSI,"Motorola Solutions, Inc.",0.59020577,6.05003153,-2.34232839,12.5267666,0.88757205,1.28596944
198,IQV,"IQVIA Holdings, Inc.",7.05904618,-3.27434385,8.7675447,-2.90912211,1.458017,1.7424847
199,NEM,Newmont Corporation,22.59414226,16.70723611,9.26041019,-12.14392804,0.48464212,1.78503608
200,STZ,"Constellation Brands, Inc.",-8.72212589,-7.61570484,-2.43103448,-3.08686903,0.70249486,2.11429582
201,MCHP,Microchip Technology Incorporated,19.84164687,4.74740484,6.15794642,6.68170285,1.3729507,2.9010465
202,EXC,Exelon Corporation,7.32647815,-5.69234244,-3.46820809,4.70267225,0.77483994,1.89202217
203,PAYX,"Paychex, Inc.",-3.67041828,-9.856166,-1.6718107,3.31501667,1.0737373,2.56592382
204,AJG,Arthur J. Gallagher & Co.,3.838792,12.85755562,3.47568083,30.35642771,0.9398304,1.60448532
205,BIIB,Biogen Inc.,0.88202089,36.16190476,3.3281538,31.06894023,0.38409454,2.00436036
206,ROST,"Ross Stores, Inc.",23.36201534,47.28926847,2.02778016,26.12082671,1.2101794,1.4502558
207,DOW,Dow Inc.,22.20582033,11.44230769,14.5256917,-4.54620326,0.77143216,2.48269896
208,DVN,Devon Energy Corporation,-20.77773542,2.12975098,2.65107854,18.65245527,0.94145477,4.78407449
209,DXCM,"DexCom, Inc.",-13.23408455,19.48125496,-7.70778653,9.04486252,1.2499387,1.77007994
210,PH,Parker-Hannifin Corporation,8.20857347,10.70020584,8.29351536,3.60478025,1.1142972,1.53394565
211,KMI,"Kinder Morgan, Inc.",-1.15068493,0.27793218,0.22222222,4.88372093,0.67829365,3.49417637
212,MSCI,MSCI Inc,5.86637129,5.14779143,7.87741977,4.77155681,1.589801,3.0646632
213,ET,Energy Transfer LP,1.15830116,15.21547933,10.08403361,35.61076605,0.802603,2.37442573
214,LHX,"L3Harris Technologies, Inc.",-14.25160847,-12.89818735,2.0810251,-2.32311593,0.78539824,1.85748219
215,TT,Trane Technologies plc,9.40720845,18.42461122,2.49283165,3.55939218,1.0650709,1.43559826
216,BK,The Bank of New York Mellon Corporation,17.29908084,14.49275362,8.24271422,-13.98202558,0.9093835,1.2288477
217,LULU,lululemon athletica inc.,-9.67462687,-2.70418006,-7.43086148,-0.22093253,1.3868365,2.82728746
218,TEAM,Atlassian Corporation,-25.22037452,-27.54385965,18.97505875,-49.70677776,2.1110895,6.42088895
219,IDXX,"IDEXX Laboratories, Inc.",28.7660641,21.01886887,17.81567135,2.36545921,1.4283601,1.68215749
220,FTNT,"Fortinet, Inc.",-11.76978915,-16.57133519,3.06884716,-6.75799087,1.5324309,3.4956795
221,TEL,TE Connectivity Ltd. New Switzerland Registered Shares,1.46333576,-4.59175916,8.18965517,-8.57434254,1.08784,1.89755313
222,APO,"Apollo Global Management, Inc. (New)",22.91038154,21.46615223,9.55393863,5.29036181,1.2993734,2.51881876
223,SYY,Sysco Corporation,-7.28869896,-8.65497076,2.15827338,2.07815972,0.8741831,1.80621855
224,RSG,"Republic Services, Inc.",-7.01228648,-10.42794256,-4.28747687,0.3233107,0.62578666,1.36499475
225,HLT,Hilton Worldwide Holdings Inc.,4.58836443,10.50800278,11.85724348,3.40037621,1.0562506,1.64360469
226,SE,Sea Limited,24.53739399,-20.2345679,21.56161806,-48.4563223,2.0030625,6.87558466
227,TDG,Transdigm Group Inc.,21.52061856,12.42429541,11.72279793,19.87084965,1.2263371,1.40071174
228,PRU,"Prudential Financial, Inc.",-2.58514954,6.99481865,3.21903429,-6.29821218,1.1461332,1.44180351
229,ANET,"Arista Networks, Inc.",2.8742316,4.73612991,0.75665121,4.9402593,1.1854692,2.22186182
230,PCAR,PACCAR Inc.,11.92509517,19.94707244,10.01213592,17.1559473,0.78327906,2.26519337
231,WMB,"Williams Companies, Inc. (The)",-6.76081731,-6.73279231,-5.13604402,6.21256204,0.7527795,2.28958401
232,XEL,Xcel Energy Inc.,4.25597061,-7.08145722,-2.4495058,2.53043919,0.59190184,1.23638505
233,LNG,"Cheniere Energy, Inc.",-16.32343011,1.5431888,-0.02689076,34.33604336,0.64007235,1.81120388
234,MFC,Manulife Financial Corporation,16.2693683,6.9627193,9.60674157,-3.79684418,1.0045642,1.34089737
235,HAL,Halliburton Company,8.44086022,38.4351407,3.54209446,30.97402597,0.9609392,2.34823882
236,AMP,"Ameriprise Financial, Inc.",10.21757268,28.67043794,9.55661882,14.18597693,1.3641729,1.17041199
237,CARR,Carrier Global Corporation,8.08531746,7.57837571,3.91034812,-5.67099567,1.2608281,1.40617796
238,YUM,"Yum! Brands, Inc.",8.4278632,5.7704918,0.48279084,7.32762206,0.5992672,1.10242377
239,DD,"DuPont de Nemours, Inc.",23.13559322,23.53341268,5.21361332,-4.54605177,1.1773973,1.51874415
240,MRVL,"Marvell Technology, Inc.",2.86624204,-24.43764621,10.76233184,-35.2904916,1.7767234,5.47014659
241,EA,Electronic Arts Inc.,2.1379365,-1.63946927,4.36928554,-1.65446783,0.61616594,1.0615877
242,ODFL,"Old Dominion Freight Line, Inc.",16.0764515,8.75059126,12.54151953,12.47073622,1.2064319,3.96499097
243,WBD,"Warner Bros. Discovery, Inc. - Series A",8.52830189,-11.17974058,49.01554404,-42.61771748,1.4439124,4.85232068
244,BNTX,BioNTech SE,-2.36291612,-16.74173284,-8.14044723,-8.77272727,0.7615526,2.98207885
245,CMI,Cummins Inc.,-0.06478257,12.38502869,1.5135313,11.07510913,0.8786322,1.27726867
246,MPLX,MPLX LP,1.22627737,7.3374613,5.92728384,7.80472637,0.6057014,1.86875726
247,GOLD,Barrick Gold Corporation,26.49350649,24.71190781,11.0604333,5.24041059,1.0632815,1.80412371
248,ABC,AmerisourceBergen Corporation,5.04543433,15.56907159,0.34599976,22.86138982,0.55786186,1.28658322
249,ALL,Allstate Corporation (The),0.70018095,10.34482759,-5.56293345,6.66666667,0.6651685,0.95346465
250,ED,"Consolidated Edison, Inc.",7.98682118,-2.56278831,-0.42949927,14.85016916,0.5380403,1.34065238
251,OTIS,Otis Worldwide Corporation,13.59618353,3.99486191,2.5589055,-1.52049629,0.92417973,1.43088217
252,MTD,"Mettler-Toledo International, Inc.",17.32825853,11.77425813,3.58853483,6.92595246,1.3581007,2.58766449
253,CTSH,Cognizant Technology Solutions Corporation,4.08228353,-4.15565345,13.23733518,-20.19806822,1.1009004,1.46266359
254,ILMN,"Illumina, Inc.",-8.62833783,-6.27648659,2.52281267,-34.77383503,1.3757495,2.54387223
255,DLTR,"Dollar Tree, Inc.",-6.39542196,-10.44461825,5.10521113,16.42549863,1.2236763,1.554718
256,RMD,ResMed Inc.,-1.12324632,-7.4817215,6.01704194,0.50090253,0.9537029,2.47493163
257,AME,"AMETEK, Inc.",7.44431861,13.17798632,1.51947496,7.6637918,0.94017416,1.34516515
258,IBKR,"Interactive Brokers Group, Inc.",-3.66790582,33.61980062,7.06514254,21.03378484,0.9222838,1.73755187
259,DHI,"D.R. Horton, Inc.",20.80254777,27.39118753,4.62268314,12.53114988,1.1469368,2.5432672
260,GEHC,GE HealthCare Technologies Inc.,13.49206349,13.49206349,17.83124588,13.49206349,1.9693985,8.87809187
261,ROK,"Rockwell Automation, Inc.",7.96666021,12.08145525,7.21847931,-2.38687743,1.3217983,3.28329193
262,ALB,Albemarle Corporation,-4.78890989,10.56097561,24.10677618,32.7832837,1.8300792,3.67644353
263,CSGP,"CoStar Group, Inc.",-6.92951016,9.24134063,-0.49814791,17.67371601,1.3850186,1.55339806
264,KR,Kroger Company (The),-7.18034852,-5.57454079,-0.60701439,1.32936053,0.71425307,2.23533417
265,KEYS,Keysight Technologies Inc.,0.39155601,8.38745252,2.33701625,9.22393036,1.0658423,1.28464409
266,BF.A,Brown Forman Inc,-5.76840293,-8.51212037,0.09144947,7.04156479,0.762742,1.61683954
267,CPRT,"Copart, Inc.",14.34238896,3.07082329,7.9465885,8.41442473,0.9861213,1.45726367
268,WBA,"Walgreens Boots Alliance, Inc.",-0.35460993,-7.47213779,-3.48745046,-26.85222267,0.8365189,1.80772391
269,PCG,Pacific Gas & Electric Co.,5.24568393,42.79279279,-0.87554722,29.3877551,0.7598117,1.70454545
270,STT,State Street Corporation,20.05593288,28.21789219,14.62174189,-2.8032345,1.3457227,1.68301382
271,GFS,GlobalFoundries Inc.,-0.99845068,9.29304447,6.63823475,28.62894207,2.0840957,3.62078013
272,DFS,Discover Financial Services,8.29942273,12.17408351,15.82995951,1.66118859,1.1529453,2.8069255
273,BKR,Baker Hughes Company,9.96100674,20.32583398,5.72597137,14.50719823,0.6514692,1.8199545
274,GLW,Corning Incorporated,11.76289926,0.24793388,13.22339764,-10.52372756,0.9444272,2.1194605
275,LYB,LyondellBasell Industries NV,21.66409067,9.07621247,13.49273099,-0.56842105,0.7691932,1.74097665
276,ON,ON Semiconductor Corporation,13.21536745,7.77752485,11.05551212,33.69728916,1.5926278,3.9655659
277,PEG,Public Service Enterprise Group Incorporated,8.33333333,-6.11555009,-0.60191964,-6.40318627,0.74590886,2.22934166
278,OKE,"ONEOK, Inc.",12.13333333,13.45699831,2.49847654,13.84094755,1.0592679,1.52495723
279,PPG,"PPG Industries, Inc.",10.62483751,0.88516557,0.67828693,-16.67210653,1.1625873,2.06380465
280,GPN,Global Payments Inc.,-4.15399322,-13.64027876,9.51246152,-21.86880136,1.3267192,2.36127509
281,APTV,Aptiv PLC,17.93192312,0.58613426,15.84221074,-16.65022387,1.6505471,2.89761155
282,URI,"United Rentals, Inc.",34.18402452,35.78504288,19.94408722,35.08390794,1.3860613,2.03472093
283,NDAQ,"Nasdaq, Inc.",-4.66677321,-0.07249393,-3.05542012,3.85362409,1.0822543,2.19150371
284,WEC,"WEC Energy Group, Inc.",2.02687817,-10.38219642,-1.05757932,-2.33048613,0.60425156,1.74450103
285,CPNG,"Coupang, Inc.",-7.31158605,-12.20031966,9.64737192,-12.8042328,1.1820862,4.58658346
286,GWW,"W.W. Grainger, Inc.",-2.39218215,6.34380776,3.00426111,19.27191309,0.9227436,2.79322748
287,MBLY,Mobileye Global Inc.,36.92191054,35.23025084,1.34680135,35.23025084,1.2351875,4.47676882
288,ENPH,"Enphase Energy, Inc.",-32.53218884,-26.95167286,-21.15763272,76.37965426,1.4355046,5.69212121
289,DELL,Dell Technologies Inc.,2.74781715,-9.5001131,-1.35601578,-27.84490532,1.299811,1.43072289
290,IFF,"International Flavors & Fragrances, Inc.",12.69503546,-10.77330339,5.50128047,-15.62618524,1.1556252,1.91508582
291,ES,Eversource Energy (D/B/A),6.00573215,-9.83933518,-3.71553662,-4.54012201,0.61642575,1.69933019
292,LEN,Lennar Corporation,20.22294923,19.94680851,8.21245501,7.61388286,1.1275741,2.71689728
293,FAST,Fastenal Company,1.35329096,-3.19232276,3.80092398,-9.79927007,0.91269076,2.08797892
294,HPQ,HP Inc.,3.1496063,-12.98309179,6.74074074,-18.10173345,1.107119,1.58123371
295,AWK,"American Water Works Company, Inc.",4.99932259,-0.40480627,0.79989595,-0.81269597,1.0165148,2.28505035
296,VRSK,"Verisk Analytics, Inc.",-2.21822542,-6.8918989,1.13303269,-4.71612937,1.0341293,1.25476137
297,FERG,Ferguson plc,26.1069944,13.45528455,9.06604142,-9.57688071,0.71523196,1.13953988
298,ALNY,"Alnylam Pharmaceuticals, Inc.",7.61004488,7.33333333,-5.29411765,74.6474508,0.73362446,3.22408027
299,WTW,Willis Towers Watson Public Limited Company,14.02163494,21.38483965,1.97158952,12.02744518,0.8996483,1.20728381
300,CEG,Constellation Energy Corporation,-13.48173037,23.66801741,-4.18604651,84.96071829,1.0289195,5.59270517
301,EFX,"Equifax, Inc.",26.5060241,4.70157522,9.61218417,-3.95068275,1.2284671,2.65528352
302,VEEV,Veeva Systems Inc.,-0.29232928,-24.67314488,4.222942,-22.11007079,1.3429681,1.67907755
303,EBAY,eBay Inc.,20.65646594,-0.2244898,16.18898237,-13.83503701,1.4343749,3.26019458
304,MTB,M&T Bank Corporation,-9.56280933,-12.41654779,5.85517241,-8.7835027,0.64327323,1.13547377
305,CBRE,CBRE Group Inc,16.03106365,0.71015888,7.2142491,-12.78924328,1.0435367,2.00841852
306,ZBH,"Zimmer Biomet Holdings, Inc.",10.70737287,9.3698392,-1.24009104,6.77082843,0.87839967,0.74293018
307,IT,"Gartner, Inc.",5.97252258,13.00381518,-1.82375298,20.03602305,0.92550576,1.96793003
308,CDW,CDW Corporation,11.47305527,7.59718294,8.15496098,6.86236713,1.018996,1.3939457
309,CQP,"Cheniere Energy Partners, LP",-12.45933637,10.83196046,-6.05690347,12.80653951,0.69166017,3.79439252
310,EIX,Edison International,12.07236842,-0.7862551,6.45211686,11.26714566,0.88852626,1.27753304
311,SGEN,Seagen Inc.,10.35080804,-21.35071356,8.01759395,13.73090673,0.22371228,2.41864002
312,ULTA,"Ulta Beauty, Inc.",19.66031424,33.46558066,8.15696461,44.44096906,0.79040074,1.44041471
313,YUMC,"Yum China Holdings, Inc.",42.84718997,29.52200463,10.64939737,36.81049822,0.570053,3.4077009
314,FANG,"Diamondback Energy, Inc.",-9.1625,12.30971331,7.68318886,12.43569412,1.1288543,3.95978238
315,TROW,"T. Rowe Price Group, Inc.",4.91954873,-8.09234508,2.47471098,-24.09179099,1.6335781,2.75691438
316,CCEP,Coca-Cola Europacific Partners plc,15.97484277,1.41154904,-0.19844849,-1.09064903,0.70306206,1.47837197
317,FRC,FIRST REPUBLIC BANK,14.97005988,-12.6783378,13.6371007,-14.86880466,1.1836094,2.30117954
318,HZNP,Horizon Therapeutics Public Limited Company,75.85490572,71.57779857,-3.04818959,25.98740698,0.424551,0.81788441
319,DAL,"Delta Air Lines, Inc.",11.85551995,19.25465839,15.4887218,0.76095513,1.3218846,2.95347622
320,TSCO,Tractor Supply Company,0.72336001,18.00942847,-1.15355606,4.89665238,0.77206594,2.09299185
321,FITB,Fifth Third Bancorp,-0.36181464,5.20129298,7.8638144,-18.96785876,0.9901621,1.17515389
322,HRL,Hormel Foods Corporation,-3.59526372,-9.13149351,-1.58241758,-3.82302405,0.34992242,1.47783251
323,HIG,"Hartford Financial Services Group, Inc. (The)",5.25230304,21.04680582,1.1362135,9.48226545,0.73438686,1.4295082
324,TTD,"The Trade Desk, Inc.",-11.17126872,1.15084258,7.02326593,-19.16570865,1.8175972,5.8691665
325,RJF,"Raymond James Financial, Inc.",-6.31287726,12.84459255,4.1472507,9.73095051,1.1517609,2.09405181
326,CRWD,"CrowdStrike Holdings, Inc.",-38.56363636,-46.94614539,-5.70232558,-36.88044832,1.4681547,3.4448575
327,VMC,Vulcan Materials Company (Holding Company),7.9390052,7.93247413,0.5524239,-2.84842873,0.83416826,1.52822421
328,ACGL,Arch Capital Group Ltd.,11.24826147,47.37448181,2.20412075,42.99441341,0.5921628,1.44109391
329,FE,FirstEnergy Corp.,8.85608856,4.0302267,-1.59637837,0.41332361,0.5250414,1.08870378
330,GPC,Genuine Parts Company,-6.61921309,9.98085682,-3.79374062,28.56701906,0.7924107,1.15171249
331,DTE,DTE Energy Company,1.47332919,-11.72791847,-2.9044586,-4.25425006,0.5852742,1.86928278
332,RPRX,Royalty Pharma plc,-8.97526502,-9.78286248,-2.84133769,0.12956725,0.56144273,1.14033951
333,DDOG,"Datadog, Inc.",-11.29264777,-31.10654973,-1.80198151,-43.33512394,1.832787,6.09973898
334,FTV,Fortive Corporation,2.30151375,2.58674102,2.28571429,-3.04494218,1.1236806,1.45190837
335,K,Kellogg Company,-10.88862714,-7.36054422,-4.20652786,5.2883872,0.35493276,1.47557916
336,VRSN,"VeriSign, Inc.",6.99826776,12.04457113,4.58107585,4.39926598,1.2459475,1.84378764
337,PFG,Principal Financial Group Inc,6.7802424,39.63815789,10.84866469,30.01531394,1.1065698,1.4723395
338,SIRI,Sirius XM Holdings Inc.,-4.08496732,-12.25710015,0.51369863,-3.7704918,0.6705684,1.02389078
339,ANSS,"ANSYS, Inc.",16.81479166,-5.29364907,6.64166021,-16.06443746,1.4098336,2.16849929
340,BAX,Baxter International Inc.,-17.46205888,-23.42663274,-10.43650794,-46.85034734,0.7197403,2.42982359
341,TSN,"Tyson Foods, Inc.",-6.89905592,-26.80977392,1.8268467,-28.34786497,0.52199984,2.6875
342,AEE,Ameren Corporation,6.22097287,-5.71707529,-2.33734127,0.87047354,0.67744416,1.27006119
343,IR,Ingersoll Rand Inc.,8.23874755,12.2817702,5.01234099,1.3003663,1.1394807,1.08833666
344,LH,Laboratory Corporation of America Holdings,12.47368657,-1.1883214,6.18181818,-4.8211037,0.93548054,1.58958096
345,DASH,"DoorDash, Inc.",21.6344086,-26.54545455,13.16526611,-43.04128902,1.9781445,4.2867307
346,ETR,Entergy Corporation,0.13017201,-6.35652174,-3.33901804,-1.43693941,0.63642204,1.672707
347,PPL,PPL Corporation,10.63110443,0.9598903,0.47765268,0.51194539,0.7604282,1.18986911
348,RF,Regions Financial Corporation,4.83506552,10.16144349,6.56867249,1.66520596,0.91964346,1.10174984
349,MLM,"Martin Marietta Materials, Inc.",2.36334168,-2.15205205,1.59988301,-6.96858513,0.94880754,1.30486358
350,ZM,"Zoom Video Communications, Inc.",-14.03508772,-32.76004025,6.50630343,-46.57653729,1.7146262,7.33442802
351,HBAN,Huntington Bancshares Incorporated,-3.00653595,11.66290444,3.84884535,-1.13257828,0.80214417,1.28118678
352,RBLX,Roblox Corporation,-21.92924632,-22.59259259,22.89865099,-38.05788006,2.2986486,6.78925035
353,BMRN,BioMarin Pharmaceutical Inc.,31.47638698,31.91489362,11.3592233,38.44296922,0.6432394,2.51286973
354,PWR,"Quanta Services, Inc.",3.84454659,6.72106506,4.36791264,53.9017341,0.9073875,1.85958766
355,TECK,Teck Resources Ltd,29.5112782,46.23275557,9.10530483,33.44092963,1.4167039,2.52018596
356,LUV,Southwest Airlines Company,-3.71878393,-6.06461864,4.87876996,-17.10680065,0.92065686,4.07731377
357,STLD,"Steel Dynamics, Inc.",23.5758016,55.93819563,21.76891616,118.75459221,1.4442937,3.04318259
358,CFG,"Citizens Financial Group, Inc.",3.24707031,14.01995147,7.06329114,-17.37006643,1.0178713,2.6072529
359,ALGN,"Align Technology, Inc.",34.55833966,-6.40140845,23.37324793,-41.54204785,1.6225301,2.94651905
360,HPE,Hewlett Packard Enterprise Company,11.18055556,12.42977528,-0.49720323,1.84478372,1.0177097,1.53813328
361,BIP,Brookfield Infrastructure Partners LP Limited Partnership,-4.40733644,-12.7,11.95896121,-9.90716491,0.5342748,1.55217016
362,QSR,Restaurant Brands International Inc.,11.37313932,20.74342702,2.47768544,23.7502323,0.31691858,1.31241515
363,STE,STERIS plc (Ireland),16.93325662,-6.56091954,8.92962427,-5.63242942,1.1081203,1.49209632
364,NU,Nu Holdings Ltd.,-13.55599214,6.28019324,12.38825032,-35.10324484,1.3218033,3.99061033
365,CAH,"Cardinal Health, Inc.",1.64495328,28.36961941,1.02014125,47.74292272,0.60560185,1.37254902
366,HOLX,"Hologic, Inc.",13.16985811,14.36725602,9.41662227,19.99707859,0.60153735,0.95655883
367,HEI,Heico Corporation,4.91386789,8.43473806,10.17765341,25.2200281,0.95154375,1.80430667
368,DOV,Dover Corporation,8.06062434,8.51885507,5.46029877,-15.0075616,0.9225673,1.49797004
369,MKC,"McCormick & Company, Incorporated",-5.32454361,-15.46298393,-10.28351754,-23.91237901,0.6545684,1.46463283
370,NTRS,Northern Trust Corporation,12.29102896,-4.13106845,6.45089286,-16.53102302,1.1246529,2.1222946
371,PODD,Insulet Corporation,9.75188864,10.24228651,-4.44073456,30.09090909,1.179232,2.46996466
372,LCID,"Lucid Group, Inc.",-19.90456714,-40.71644803,68.57962697,-58.12231136,1.6542841,12.95336788
373,CHD,"Church & Dwight Company, Inc.",8.13095398,-7.0472895,-0.19814241,-16.6252845,0.5707347,1.93264086
374,TDY,Teledyne Technologies Incorporated,4.25886745,6.49614808,3.80669145,4.87756022,1.0277859,1.68415505
375,CTRA,Coterra Energy Inc.,-21.61474889,-14.96551724,1.90082645,16.21112158,0.90812784,2.82118936
376,WST,"West Pharmaceutical Services, Inc.",13.75564824,-23.51377406,9.8653015,-32.12350608,1.3765104,2.88997415
377,WAT,Waters Corporation,6.73336405,-5.27484082,-5.9942029,5.91424186,0.9073708,3.51760355
378,EPAM,"EPAM Systems, Inc.",-6.6742838,-8.66221192,0.0328574,-23.01025334,1.9296044,3.00479681
379,JBHT,"J.B. Hunt Transport Services, Inc.",7.85440613,3.22813646,5.76682227,-1.35393437,0.88332117,3.26596605
380,MPWR,"Monolithic Power Systems, Inc.",16.5761025,-20.2402849,13.33796747,12.33843186,1.594966,4.65837745
381,BBY,"Best Buy Co., Inc.",24.34144235,13.82263803,6.73421475,-10.31976744,1.3948957,3.41138714
382,SPOT,Spotify Technology S.A.,22.54901961,-14.96598639,22.12994626,-41.93810602,1.7485305,2.63527054
383,PAYC,"Paycom Software, Inc.",-10.6002265,-9.26436782,-0.26216874,4.16309296,1.6814376,2.27467131
384,TTWO,"Take-Two Interactive Software, Inc.",-6.45964796,-11.625353,7.03021091,-28.939069,0.8698186,1.96287889
385,CNP,"CenterPoint Energy, Inc (Holding Co)",3.82741823,-5.86750789,-0.2006689,9.3040293,0.7358749,1.99459094
386,MKL,Markel Corporation,15.45164173,12.51693548,5.93849658,17.23173099,0.75406235,1.93850076
387,WAB,Westinghouse Air Brake Technologies Corporation,10.31635389,11.97344073,2.40915879,18.71898442,0.94142425,1.38861725
388,GRMN,Garmin Ltd.,9.18470338,0.4747162,4.68817204,-18.32899925,0.9217018,1.68071546
389,INCY,Incyte Corporation,10.76536017,16.89491336,4.34077585,17.07487754,0.49307477,2.67065868
390,WMG,Warner Music Group Corp.,36.16138763,15.84857235,1.46108457,-7.83563042,1.2627015,3.08142494
391,WRB,W.R. Berkley Corporation,-6.53629788,13.46341463,-3.71188078,26.10837068,0.3219962,1.69565217
392,LPLA,LPL Financial Holdings Inc.,-11.35982306,8.16658911,7.96061493,43.43453042,0.8780226,2.13430564
393,LYV,"Live Nation Entertainment, Inc.",-1.81683352,-18.02703539,12.18754413,-21.81102362,1.140783,2.49716232
394,CHWY,"Chewy, Inc.",8.63887494,4.36670688,13.93205162,-0.98420691,2.4087439,7.54353378
395,ICLR,ICON plc,11.43226705,-3.4067877,13.72937294,-12.6608438,1.4264876,2.17596029
396,RKT,"Rocket Companies, Inc.",30.56338028,-7.11422846,29.83193277,-24.01639344,1.8436484,4.21455939
397,XYL,Xylem Inc.,-5.27499297,4.65838509,-9.63532356,0.89820359,1.0462009,1.63739208
398,NIO,NIO Inc.,16.36011617,-40.81733136,17.72771792,-41.81994192,0.916708,7.25738397
399,FSLR,"First Solar, Inc.",15.39189189,67.76031434,13.09184822,136.86546463,1.0834169,5.41318914
400,CMS,CMS Energy Corporation,9.44813133,-8.72414798,-1.30708661,-0.31811675,0.62894535,1.52610442
401,MGA,"Magna International, Inc.",11.33731134,-0.70433558,11.2592073,-18.66666667,1.1030904,2.73162939
402,IEP,Icahn Enterprises L.P. - Depositary,-1.79191808,-0.88577228,5.31372549,1.72348485,0.21993862,0.72944248
403,EXPE,"Expedia Group, Inc.",19.75129534,12.25956868,30.38474557,-32.5551535,1.4129262,2.46980751
404,BALL,Ball Corporation,15.29506222,-20.70679183,11.42580019,-39.04923599,1.1900638,2.28175749
405,SNAP,Snap Inc.,8.40664712,11.79435484,21.20218579,-61.26440796,1.5878292,4.39663237
406,DRI,"Darden Restaurants, Inc.",1.80860647,17.79042732,5.13811364,8.27621785,0.71093017,1.89399101
407,FOX,Fox Corporation,11.81915272,1.42072974,10.44303797,-10.15446224,0.57257175,1.184
408,ZS,"Zscaler, Inc.",-22.89308176,-23.375,6.86889819,-45.87435433,2.2057116,4.18300654
409,MOH,Molina Healthcare Inc,-15.44972067,-7.99975685,-7.43425076,9.32172782,0.48824593,2.43845719
410,AES,The AES Corporation,0.11355034,17.6078257,-8.15972222,20.77625571,1.174936,2.15909091
411,BR,"Broadridge Financial Solutions, Inc.",-0.92488604,-8.48791799,11.10534894,-0.31241691,1.0575702,1.47928994
412,CAG,"ConAgra Brands, Inc.",1.09379273,8.44822529,-4.47028424,6.23563218,0.48368838,1.7524644
413,IEX,IDEX Corporation,4.24142097,12.38724615,1.51185082,12.27351581,0.81429106,2.63531233
414,ROL,"Rollins, Inc.",-15.53030303,-7.73209206,-2.54028954,23.07692308,0.8326555,1.40134529
415,AMCR,Amcor plc,1.02915952,-8.11232449,-1.09151973,0.59777968,0.7139734,1.52931181
416,CLX,Clorox Company (The),-2.61697609,-0.94076655,1.29694292,-13.84848485,0.804985,1.56904508
417,CINF,Cincinnati Financial Corporation,7.78003286,17.58751582,8.90625,-1.33592851,0.7504773,7.68103611
418,KEY,KeyCorp,4.04880754,3.58917725,6.40952921,-24.56775231,1.075052,1.65952891
419,PINS,"Pinterest, Inc.",3.63854458,16.75675676,2.73483948,-4.56553756,1.2641498,3.72381691
420,TW,Tradeweb Markets Inc.,32.82142857,6.88317287,13.10827251,-7.95693602,0.9662626,2.52994213
421,SWKS,"Skyworks Solutions, Inc.",24.07724831,0.05528935,17.76572668,-21.69335064,1.1937363,2.46105632
422,SIVB,SVB Financial Group,25.0893617,-27.69578906,26.61411896,-45.67663962,1.2054245,4.11373886
423,OMC,Omnicom Group Inc.,15.8225256,22.10708117,2.60007256,16.15553122,0.85613126,0.94071707
424,MRO,Marathon Oil Corporation,-12.83783784,12.406639,1.53673163,35.65348022,0.96234816,4.65804067
425,OWL,Blue Owl Capital Inc.,19.7265625,8.01762115,16.65080875,4.34042553,1.6100703,2.93877551
426,UI,Ubiquiti Inc.,-18.82571429,-6.53661425,3.45945159,4.12299348,0.97524893,3.06370391
427,PKI,"PerkinElmer, Inc.",0.03697404,-12.4627928,-4.6719752,-17.68786127,1.2096198,2.85417363
428,HUBS,"HubSpot, Inc.",13.75162973,5.43504532,17.20119555,-19.17037243,1.9381359,4.79528065
429,ETSY,"Etsy, Inc.",40.16649324,26.77647059,10.85507366,-4.61690979,1.9502156,4.16418355
430,SEDG,"SolarEdge Technologies, Inc.",27.39280891,-8.24620061,2.62800027,43.11382923,1.6962922,2.89055973
431,COO,"The Cooper Companies, Inc.",23.33996743,4.35674484,2.07840436,-10.2081138,1.2587005,1.73205558
432,EXPD,"Expeditors International of Washington, Inc.",7.29028978,2.69586375,0.92778575,-4.69653179,1.0635004,2.4691358
433,TRGP,"Targa Resources, Inc.",6.3670412,7.52876074,0.79170079,29.20384952,0.8121759,2.34295416
434,HWM,Howmet Aerospace Inc.,11.82526433,7.23052295,2.00507614,31.90022973,1.0238094,1.32350737
435,RIVN,"Rivian Automotive, Inc.",-50.09681881,-49.09706546,-4.55026455,-66.34328358,2.1782887,10.76346474
436,DGX,Quest Diagnostics Incorporated,1.18006386,6.27004958,-6.57009166,8.9305732,0.61872977,1.42847332
437,MOS,Mosaic Company (The),-10.94381197,-9.39660004,10.85714286,23.12769739,0.87908447,2.75898856
438,NET,"Cloudflare, Inc.",-15.0170068,-7.65108113,7.81014024,-38.36951159,2.9741995,6.68943351
439,FMC,FMC Corporation,9.04753934,21.38065959,4.34051413,20.81787834,0.7194672,3.16479294
440,SYF,Synchrony Financial,0.05535566,8.07174888,8.72180451,-12.38487639,1.2500988,2.87849433
441,ATO,Atmos Energy Corporation,8.07296539,-3.33835341,2.83959409,10.4810175,0.6757797,1.55206798
442,AGR,"Avangrid, Inc.",3.36361404,-13.81780962,-2.8386799,-6.6518847,0.47361195,1.04513064
443,BRO,"Brown & Brown, Inc.",-2.67615176,-9.03910084,0.70101647,-7.42709844,1.037945,1.04566051
444,CF,"CF Industries Holdings, Inc.",-23.42592593,-17.3,-2.34974613,20.50123853,0.42118964,2.27356069
445,FICO,Fair Isaac Corporation,32.52154596,38.55483871,5.85393905,51.07630258,1.3435652,2.48032657
446,SJM,J.M. Smucker Company (The) New,0.7911708,13.45606945,-4.12345054,9.45848375,0.1778199,1.94123122
447,FDS,FactSet Research Systems Inc.,-1.71052017,-0.50619737,4.54861802,3.56272313,1.0135146,1.54925217
448,RCL,D/B/A Royal Caribbean Cruises Ltd.,14.7723133,70.06747638,24.67352592,-16.7305405,1.8314028,3.47673861
449,NVR,"NVR, Inc.",16.7772093,18.76556583,8.04701083,-1.1142182,0.8753963,2.61777121
450,ZBRA,Zebra Technologies Corporation,16.87972769,-4.09347651,18.46130256,-34.8917074,1.6420138,2.70445344
451,AVTR,"Avantor, Inc.",15.7480315,-20.13582343,10.06083294,-32.70386266,0.84511524,2.55319149
452,CHKP,Check Point Software Technologies Ltd.,-2.86131836,6.27787596,-0.32359905,7.6457552,0.7234438,2.32355274
453,UAL,"United Airlines Holdings, Inc.",10.5733945,27.97982479,26.13814757,18.59778598,1.5280472,2.79683926
454,PTC,PTC Inc.,11.92475647,10.07598282,9.92164948,21.25181951,0.9661046,1.83175034
455,BEN,"Franklin Resources, Inc.",33.0212766,13.01518438,16.55480984,1.19779864,1.2174492,6.53047555
456,TER,"Teradyne, Inc.",20.28097983,0.81521739,12.740574,-7.16404078,1.5502676,3.41828216
457,CPB,Campbell Soup Company,-1.79754021,5.63810299,-8.02764487,17.8741767,0.22028744,1.86087295
458,TME,Tencent Music Entertainment Group,116.1038961,106.96517413,-1.53846154,47.77975133,0.91643196,11.43958869
459,EDR,"Endeavor Group Holdings, Inc.",-1.2539185,-4.08873423,-3.07692308,-25.43118025,1.3336247,3.12213039
460,LKQ,LKQ Corporation,7.82414307,5.38965768,8.02538261,7.62365192,0.94338024,1.88778186
461,AER,AerCap Holdings N.V.,17.12047743,44.00366888,7.35042735,2.7991488,1.035483,1.94170118
462,PLTR,Palantir Technologies Inc.,-18.02002225,-33.48375451,12.00607903,-40.08130081,1.6136293,3.39673913
463,SPLK,Splunk Inc.,9.95655747,-13.19058213,7.27376861,-14.56071526,1.7983917,4.30213465
464,J,Jacobs Solutions Inc.,4.05021928,-6.09964302,0.40660526,-3.93775802,0.9808079,1.52930479
465,TPL,Texas Pacific Land Corporation,-15.02737963,7.91125153,-13.84293312,96.08092645,0.61205584,4.16478988
466,MGM,MGM Resorts International,9.1456736,19.6996997,17.47715886,-2.32786082,1.3122287,3.01431801
467,WLK,Westlake Corporation,21.54049654,24.6218049,16.25304136,20.94977724,1.020543,2.06566462
468,AVY,Avery Dennison Corporation,8.11298777,-2.87254081,1.99450549,-5.46445305,0.907489,1.73233879
469,BURL,"Burlington Stores, Inc.",57.67908703,53.13125918,10.8126389,2.34716644,1.4029667,3.07112429
470,SSNC,"SS&C Technologies Holdings, Inc.",13.74517375,-3.7254902,11.78144565,-22.85938727,1.070529,1.56649072
471,PARA,Paramount Global,20.97378277,-8.42446335,30.01725129,-28.0280121,1.4986824,2.47743363
472,FLT,"FleetCor Technologies, Inc.",6.91452582,-10.78514047,8.20951766,-9.96192609,1.1181948,1.73246378
473,GEN,Gen Digital Inc.,0.17660044,-13.0151428,5.87960803,-10.28074338,0.67227036,1.33096717
474,TXT,Textron Inc.,1.97891088,8.56527756,-0.43717388,7.55636807,0.92358434,2.77921157
475,POOL,Pool Corporation,22.45641426,3.56798988,23.33497133,-16.85879599,1.1408877,2.33593181
476,MTCH,"Match Group, Inc.",17.95771081,-12.75391275,23.73081464,-50.85349841,1.9488914,2.95471988
477,MDB,"MongoDB, Inc.",10.85295822,-35.41545167,5.49511156,-40.75627886,2.170985,6.82912871
478,BG,Bunge Limited Bunge Limited,-2.33423886,4.55622576,-2.88144072,0.68457629,0.4254288,1.4170776
479,VTRS,Viatris Inc.,17.17369971,22.71325797,6.70241287,-17.93814433,1.0068419,1.9524618
480,L,Loews Corporation,5.48184358,8.64952347,3.47662271,4.06476059,0.728237,1.78867175
481,GRAB,Grab Holdings Limited,37.91821561,17.77777778,13.1097561,-34.56790123,1.1815091,4.87465181
482,APA,APA Corporation,-4.88908034,21.95526098,-3.76988451,33.53492591,0.81908965,3.64913871
483,LW,"Lamb Weston Holdings, Inc.",14.23438043,20.69810165,10.46967829,55.78564654,0.66807014,0.89731824
484,EVRG,"Evergy, Inc.",0.68549045,-9.27941176,-3.125,-2.28100744,0.56228226,1.03403355
485,NTAP,"NetApp, Inc.",-6.33400057,-8.70958751,8.4602649,-21.84442854,0.95339876,1.84445128
486,TRMB,Trimble Inc.,-5.91628214,-14.52313221,11.70025435,-15.55982843,1.4870863,1.7362329
487,ARES,Ares Management Corporation,5.19631981,10.31390135,16.90668203,11.91066998,1.8132861,2.13132931
488,WDC,Western Digital Corporation,26.18368511,-9.36283548,38.55308487,-9.87981259,1.4429847,2.55416192
489,IPG,"Interpublic Group of Companies, Inc. (The)",19.43521595,21.32973338,5.82867236,6.32948832,1.0576879,1.63334272
490,BIO,"Bio-Rad Laboratories, Inc.",29.81210155,-15.91625312,8.70562892,-18.53086723,1.209051,3.39348934
491,MKTX,"MarketAxess Holdings, Inc.",49.92853934,35.96000741,30.25862986,10.78055698,1.1299102,2.37538834
492,CRBG,Corebridge Financial Inc.,-4.93333333,4.34146341,6.57698057,4.34146341,1.2300857,2.057036
493,STX,Seagate Technology Holdings PLC,32.1980198,-16.02515723,26.34367903,-34.93811519,1.2765664,3.54194807
494,AKAM,"Akamai Technologies, Inc.",-2.16198051,-8.69747021,2.75294118,-20.65049514,1.0979862,0.8624655
495,AXON,"Axon Enterprise, Inc.",30.0944486,67.44796222,14.04574696,47.59481961,1.6167735,4.55862978
496,RE,"Everest Re Group, Ltd.",7.07242172,38.56846142,4.87620545,24.51814364,0.6214316,1.9070559
497,NDSN,Nordson Corporation,4.54102428,3.223972,-1.12298345,5.37668021,0.98186606,2.36447765
498,U,Unity Software Inc.,8.08276754,-19.73589436,12.55892256,-64.04989784,2.9460926,8.71779509
499,LNT,Alliant Energy Corporation,2.32691207,-11.59993409,-2.87834902,-8.30627243,0.63338476,1.68142436
