,Ticker,Description,Price,Market Capitalization,Price to Earnings Ratio (TTM),Basic EPS (TTM),Number of Employees,Sector,Free Cash Flow (Annual YoY Growth),Free Cash Flow Margin (FY),Free Cash Flow (Quarterly YoY Growth)
0,AAPL,Apple Inc.,143.0,2264578329700.288,23.91471788,6.1445,164000.0,Electronic Technology,19.89177326,28.26149804,22.74253402
1,MSFT,Microsoft Corporation,242.71,1806685625342.722,27.59172782,9.0309,221000.0,Technology Services,16.09287573,32.858728,-43.13406849
2,GOOG,Alphabet Inc.,97.95,1258830294324.446,20.26602809,5.0893,156500.0,Technology Services,56.41294961,26.0252905,-14.11858974
3,AMZN,"Amazon.com, Inc.",100.55,1025776318117.522,93.88429752,1.1147,1608000.0,Retail Trade,-156.80450548,-3.13437855,41.03141672
4,BRK.A,Berkshire Hathaway Inc.,465039.98,675833511040.2534,,-1194.0,372000.0,Finance,-2.30185718,9.46960093,-10.58213528
5,TSLA,"Tesla, Inc.",166.66,526271003829.3028,54.96678511,3.6018,99290.0,Consumer Durables,83.80671339,9.25812385,149.39485628
6,V,Visa Inc.,229.1,471816316853.152,33.02794189,7.1988,26500.0,Commercial Services,23.1166506,60.99965882,-3.37521557
7,NVDA,NVIDIA Corporation,191.62,471385185871.965,86.63745427,2.3817,22473.0,Electronic Technology,73.24243715,30.21475812,-110.63993832
8,XOM,Exxon Mobil Corporation,113.56,467673407449.5145,9.41909728,12.274,63000.0,Energy Minerals,1479.22723795,12.85266122,111.31769538
9,UNH,UnitedHealth Group Incorporated,485.79,453897418486.4858,22.94387825,,,Health Services,17.67308563,7.21984687,-313.99128022
10,JNJ,Johnson & Johnson,162.0,423546299790.3941,24.96438535,,,Health Technology,,,
11,JPM,JP Morgan Chase & Co.,139.13,408096843820.838,11.60897478,12.104,,Finance,,,
12,META,"Meta Platforms, Inc.",147.06,390914468888.9774,14.45500791,10.5709,71970.0,Technology Services,65.52132701,33.16911023,-96.75736498
13,WMT,Walmart Inc.,142.15,383350135104.8015,44.28580258,3.2509,2300000.0,Retail Trade,-57.09027509,1.93363992,531.77257525
14,MA,Mastercard Incorporated,371.12,356944342873.0426,36.58496029,10.2557,,Commercial Services,24.54105192,49.72793093,-3.07336418
15,CVX,Chevron Corporation,174.2,336839829647.1787,9.82986043,18.3381,,Energy Minerals,73.69956923,15.90890772,6.16966581
16,LLY,Eli Lilly and Company,340.5,336115777542.0097,51.37948125,6.6754,35000.0,Health Technology,16.41723888,21.01425222,21.09694863
17,PG,Procter & Gamble Company (The),141.01,332662918831.9911,24.68739024,5.868,106000.0,Consumer Non-Durables,-12.94276181,16.91920137,-36.24026696
18,HD,"Home Depot, Inc. (The)",314.24,320269002977.151,19.08460889,16.6477,490600.0,Retail Trade,-14.47850513,9.26520108,-24.56268222
19,BABA,Alibaba Group Holding Limited,111.2,317239102994.3459,318.4826473,0.3893,254941.0,Retail Trade,-49.90025166,10.48399764,
20,BAC,Bank of America Corporation,35.3,283191860244.7673,11.12156863,3.2066,,Finance,,,
21,MRK,"Merck & Company, Inc.",106.09,268980154215.3108,17.5323595,6.0326,68000.0,Health Technology,65.88255495,19.75381847,23.47586207
22,KO,Coca-Cola Company (The),60.64,262238516338.7799,26.51558322,2.2937,79000.0,Consumer Non-Durables,29.89500404,29.07090843,-5.68844807
23,ABBV,AbbVie Inc.,145.65,257579178123.98483,19.49594168,7.5334,50000.0,Health Technology,30.97081596,39.13020268,-3.79632029
24,PFE,"Pfizer, Inc.",43.55,244459849544.08652,8.4325053,5.3098,79000.0,Health Technology,145.29030139,36.74466096,-10.87808702
25,AVGO,Broadcom Inc.,581.45,242979891457.618,22.54508139,27.4455,20000.0,Electronic Technology,22.45326927,49.12809084,29.19200695
26,ORCL,Oracle Corporation,87.35,235517687754.46176,27.78679823,3.2868,143000.0,Technology Services,-63.43804538,11.84731385,65.57412633
27,PEP,"PepsiCo, Inc.",169.48,233494153327.5599,24.26192928,7.0288,309000.0,Consumer Non-Durables,9.69715989,8.79725172,1.35419801
28,COST,Costco Wholesale Corporation,503.28,223319952236.5804,38.04070958,13.2594,304000.0,Retail Trade,-34.80446927,1.54260335,-29.50522015
29,TMO,Thermo Fisher Scientific Inc,564.29,221312032540.7921,32.25975165,17.9173,130000.0,Health Technology,-0.38151137,17.31401903,-34.61900282
30,MCD,McDonald's Corporation,270.89,198406301112.08243,34.32177769,7.993,200000.0,Consumer Services,53.565868,30.57972949,-10.09308699
31,CSCO,"Cisco Systems, Inc.",48.22,198092721124.29227,17.53732692,2.7758,83300.0,Electronic Technology,-13.63636364,24.72797098,14.55370651
32,DIS,Walt Disney Company (The),107.59,196543790336.61264,63.58623092,1.7266,220000.0,Consumer Services,-46.73038229,1.28239283,-9.59264126
33,NKE,"Nike, Inc.",126.37,195957631666.30032,36.01423287,3.59,79100.0,Consumer Non-Durables,-25.69607514,9.46743033,-70.33734005
34,ABT,Abbott Laboratories,109.81,191461826028.50974,28.11301457,,,Health Technology,,,
35,DHR,Danaher Corporation,262.75,191272209301.58652,27.54585279,9.7935,,Health Technology,4.28935447,23.40885259,15.62990068
36,TMUS,"T-Mobile US, Inc.",146.98,182865775287.64355,120.10313498,1.227,75000.0,Communications,432.49042146,8.67345665,-43.50523459
37,ACN,Accenture plc,274.32,180609123083.0864,25.18232596,11.1543,721000.0,Technology Services,5.09963293,14.32458894,13.56471936
38,WFC,Wells Fargo & Company,46.29,176387622768.35452,14.68836587,3.1703,,Finance,,,
39,VZ,Verizon Communications Inc.,41.05,172402500975.09103,8.04306523,5.0584,117100.0,Communications,-27.00358386,10.27076406,-14.65163934
40,CMCSA,Comcast Corporation,39.24,169650552047.0,33.25774754,,,Consumer Services,-20.95433607,13.00122707,-50.26818279
41,ADBE,Adobe Inc.,363.42,166373667728.91333,36.69851012,10.1235,29239.0,Technology Services,7.46875908,42.43258749,13.57397051
42,CRM,"Salesforce, Inc.",164.75,164750004277.97226,592.86486486,0.2787,73541.0,Technology Services,23.63340784,22.96542352,-32.86713287
43,MS,Morgan Stanley,95.96,162182896646.91556,15.78655714,6.2159,,Finance,,,
44,PM,Philip Morris International Inc,103.83,160957505060.16934,18.4817071,5.6197,69600.0,Consumer Non-Durables,21.81324647,35.79085051,-24.26035503
45,LIN,Linde plc,325.03,160688180321.61148,42.95371265,7.6247,72327.0,Process Industries,64.78034252,21.56009483,3.25068871
46,NFLX,"Netflix, Inc.",353.11,157256393604.17575,36.24153658,10.1052,12800.0,Technology Services,1326.38984656,5.11940485,158.36859885
47,TXN,Texas Instruments Incorporated,173.13,157127896169.56534,18.63026514,9.5214,,Electronic Technology,-5.8945027,29.57359696,0.0
48,BMY,Bristol-Myers Squibb Company,72.03,153147309603.9884,23.61165428,3.0919,32200.0,Health Technology,14.54996616,32.84251374,-31.14491593
49,UPS,"United Parcel Service, Inc.",176.97,153047355639.05072,14.2684752,12.8308,534000.0,Transportation,114.24608678,11.12402782,-33.98421271
50,COP,ConocoPhillips,120.53,150188958498.7247,8.87320809,13.986,9900.0,Energy Minerals,13316.09195402,25.34306062,78.62660944
51,NEE,"NextEra Energy, Inc.",75.05,149136629858.149,36.15230077,,,Utilities,-434.29602888,-7.06241649,-66.02907422
52,QCOM,QUALCOMM Incorporated,131.63,147557223248.78214,11.72747253,11.5171,51000.0,Electronic Technology,-20.9759482,15.46153846,25.50231839
53,RTX,Raytheon Technologies Corporation,98.71,145109698458.04034,28.4839992,3.5244,,Electronic Technology,-1.1545473,7.27554641,74.43365696
54,T,AT&T Inc.,20.16,143680325494.2316,,-1.2224,,Communications,-51.25049155,10.26743194,-68.61107369
55,SCHW,Charles Schwab Corporation (The),75.5,140938819949.02936,21.30894982,3.5214,,Finance,,,
56,HON,Honeywell International Inc.,205.78,138350479065.71884,26.62428204,7.8904,99000.0,Electronic Technology,-2.99886835,14.95623346,108.45225027
57,CAT,"Caterpillar, Inc.",261.5,136087052766.0089,19.22082074,13.8493,107700.0,Producer Manufacturing,12.20322887,9.26957477,61.66522116
58,AMGN,Amgen Inc.,251.59,134243178287.49948,20.33168745,12.5397,24200.0,Health Technology,-15.24926686,32.25074075,29.50367647
59,PDD,Pinduoduo Inc.,97.15,132355900696.0,34.57409915,3.439,9762.0,Retail Trade,-3.08124235,27.13762164,
60,AXP,American Express Company,172.66,129017190286.40022,17.44646383,,,Finance,,,
61,DE,Deere & Company,420.6,125438582482.99684,17.92794183,23.4613,82200.0,Producer Manufacturing,-82.29692965,1.73490764,10.73401736
62,BA,Boeing Company (The),209.67,124959799674.75632,,-8.2901,156000.0,Electronic Technology,152.09281165,3.43807708,533.80566802
63,SBUX,Starbucks Corporation,108.4,124421521461.6401,38.47945786,2.8456,402000.0,Consumer Services,-30.39019843,12.97493197,-34.56880979
64,UNP,Union Pacific Corporation,200.2,123083128254.45428,18.03961067,11.2394,,Transportation,-5.80708661,23.08341709,-11.44343303
65,IBM,International Business Machines Corporation,135.3,122328301879.72916,76.37965331,1.817,,Technology Services,-20.11365754,14.16652899,45.34161491
66,LOW,"Lowe's Companies, Inc.",201.91,122095500368.58864,19.84495668,10.2303,340000.0,Retail Trade,-10.77986606,8.58181818,-7.16594828
67,GS,"Goldman Sachs Group, Inc. (The)",357.46,121048322045.21815,11.76705424,30.5424,,Finance,,,
68,SPGI,S&P Global Inc.,366.14,119288412209.84483,31.21989967,12.0089,22850.0,Commercial Services,2.06244629,42.94323249,-17.3096976
69,LMT,Lockheed Martin Corporation,460.59,117587386003.58112,21.17445428,21.7908,116000.0,Electronic Technology,-20.35329264,9.29316198,-66.26604753
70,INTU,Intuit Inc.,416.45,116991362322.8282,64.39040741,6.6588,17300.0,Technology Services,17.29865246,29.41222694,122.31404959
71,AMD,"Advanced Micro Devices, Inc.",72.45,116815200295.37463,45.17675255,1.6877,15500.0,Electronic Technology,314.41441441,19.59352562,10.20942408
72,ELV,"Elevance Health, Inc.",489.08,116805790425.933,19.86680973,,,Health Services,-0.4122578,4.62786168,-236.33633634
73,INTC,Intel Corporation,27.95,115629149373.70564,14.43362378,1.965,131900.0,Electronic Technology,-199.53425792,-15.25200622,209.20980926
74,CVS,CVS Health Corporation,87.05,114380818703.50934,37.23909723,2.3999,300000.0,Retail Trade,17.25498957,5.39332386,73.88560961
75,BX,Blackstone Inc.,94.9,113682238783.95683,40.47629101,2.3697,,Finance,,,
76,BLK,"BlackRock, Inc.",747.86,112325259317.49454,22.35512367,34.3072,,Finance,,,
77,MDT,Medtronic plc.,82.58,109846271271.00002,25.67067674,3.2316,95000.0,Health Technology,22.37461617,18.86637632,-60.01335113
78,GILD,"Gilead Sciences, Inc.",83.35,104541232963.22765,31.6631372,2.6556,14400.0,Health Technology,43.7217345,39.47464562,-13.10211946
79,C,"Citigroup, Inc.",51.75,100232139027.9117,7.41832122,7.0321,,Finance,,,
80,EL,"Estee Lauder Companies, Inc. (The)",271.21,96771073225.46786,45.1000966,6.0822,63000.0,Consumer Non-Durables,-33.23313293,11.26959071,-180.41958042
81,CI,Cigna Corporation,310.36,94889156526.22733,14.72948956,21.1706,73700.0,Health Services,-34.77744166,3.46408529,66.47823629
82,BKNG,Booking Holdings Inc. Common Stock,2436.98,94528960094.56387,40.46688199,61.2038,20300.0,Consumer Services,1351.74129353,22.96039423,-106.3282795
83,SYK,Stryker Corporation,249.54,94433404461.1295,39.54476149,6.5003,46000.0,Health Technology,-1.86379928,16.00420856,-6.47571606
84,TJX,"TJX Companies, Inc. (The)",81.51,94185142596.12527,28.55299861,,340000.0,Retail Trade,-43.54336551,4.41143933,-11.93224453
85,CB,Chubb Limited,226.07,93830420487.64468,15.84700215,14.4553,31000.0,Finance,17.56453423,30.69222317,1.67926113
86,ADP,"Automatic Data Processing, Inc.",222.35,92236960227.3132,29.34726265,7.566,60000.0,Technology Services,0.35681202,17.72970548,-19.33953312
87,AMAT,"Applied Materials, Inc.",108.2,91335923168.82137,15.12605042,7.487,33000.0,Producer Manufacturing,-3.39338081,17.95600545,-32.69639066
88,PYPL,"PayPal Holdings, Inc.",79.64,90791808853.3076,41.61411717,1.9786,30900.0,Commercial Services,8.90136327,21.25112476,37.32503888
89,NOW,"ServiceNow, Inc.",442.57,89576162438.6989,286.59046905,1.6092,,Technology Services,20.7893274,29.99309869,36.82795699
90,MDLZ,"Mondelez International, Inc.",64.84,88546707172.72313,28.77595483,2.2623,79000.0,Consumer Non-Durables,2.41857465,11.05849582,-55.22174535
91,GE,General Electric Company,80.83,88320365343.26096,,-0.0988,,Producer Manufacturing,,,
92,ADI,"Analog Devices, Inc.",168.93,86035362200.61278,32.41063975,5.3091,24450.0,Electronic Technology,57.90353154,31.43090372,4.30608423
93,ISRG,"Intuitive Surgical, Inc.",242.23,85600338129.91591,67.71278344,3.7169,,Health Technology,,,
94,MMC,"Marsh & McLennan Companies, Inc.",171.93,85278914200.99263,28.54229194,6.0953,,Finance,-4.07632264,16.01351351,6.25449317
95,VRTX,Vertex Pharmaceuticals Incorporated,319.98,82136138820.76268,25.37055453,12.8071,3900.0,Health Technology,-19.54790499,31.67245279,3.04139605
96,REGN,"Regeneron Pharmaceuticals, Inc.",736.46,80188554890.156,15.6596256,50.3088,10368.0,Health Technology,225.89967557,40.62669164,-85.17253993
97,SLB,Schlumberger N.V.,56.34,79889770961.98106,23.7989807,2.429,,Industrial Services,,,
98,MO,"Altria Group, Inc.",44.5,79751679927.7526,17.14507671,2.5788,6000.0,Consumer Non-Durables,1.0056414,39.01283691,-0.066357
99,PGR,Progressive Corporation (The),135.4,79218441966.17755,113.41842304,1.1936,,Finance,,,
100,DUK,Duke Energy Corporation (Holding Company),101.64,78269178725.4814,20.43822056,4.9701,27605.0,Utilities,-50.43572985,-5.50264972,-308.43507214
101,TGT,Target Corporation,168.68,77645103300.59843,23.07155179,7.3609,450000.0,Retail Trade,-35.48755714,4.79317013,-216.60194175
102,EOG,"EOG Resources, Inc.",132.1,77594158543.60017,10.58082157,12.8208,2800.0,Energy Minerals,220.20312582,24.98356677,174.46153846
103,ZTS,Zoetis Inc.,164.7,76762053508.25644,37.75456561,4.3915,12100.0,Health Technology,3.76569038,22.32510288,-30.33707865
104,USB,U.S. Bancorp,48.8,74675807769.25092,13.21540625,3.6968,,Finance,,,
105,SO,Southern Company (The),67.43,73409210380.61148,21.55035812,3.1751,27300.0,Utilities,-36.79927667,-6.51312957,-511.61825726
106,HCA,"HCA Healthcare, Inc.",253.3,71612134929.067,13.24175282,,,Health Services,-23.31846897,6.8517258,-3.7569944
107,BDX,"Becton, Dickinson and Company",250.13,71103950618.52235,42.03866315,6.0319,77000.0,Health Technology,-51.89690125,8.80233174,35.18518519
108,ITW,Illinois Tool Works Inc.,229.95,70637505415.74521,26.3315906,8.7907,45000.0,Producer Manufacturing,-12.05756515,15.64164649,11.67883212
109,APD,"Air Products and Chemicals, Inc.",313.9,69643725624.37848,31.15949216,10.1058,21900.0,Process Industries,-71.97474168,1.92213805,-19.00905193
110,MRNA,"Moderna, Inc.",180.87,69486725830.47362,6.84706121,29.3391,2700.0,Health Technology,583.82132851,72.33476348,-94.61756374
111,ABNB,"Airbnb, Inc.",109.48,69310237708.80939,48.50437184,2.5516,6132.0,Consumer Services,429.50623817,36.68614898,84.43305779
112,MU,"Micron Technology, Inc.",61.71,67336501532.87506,11.58051239,5.565,48000.0,Electronic Technology,27.72764561,10.12419533,-323.77414562
113,NOC,Northrop Grumman Corporation,439.28,67233285739.1671,13.88615668,31.7086,95000.0,Electronic Technology,-31.87732342,4.00524561,128.34978843
114,FISV,"Fiserv, Inc.",105.75,67154217708.05945,33.44430137,3.2139,44000.0,Finance,-10.93563766,18.42105263,96.97732997
115,PNC,"PNC Financial Services Group, Inc. (The)",162.86,65684536612.8667,11.77400152,13.8758,61545.0,Finance,,,
116,AON,Aon plc,317.54,65684078719.92616,24.78767836,12.9701,50000.0,Finance,-22.59651779,16.77054289,260.58394161
117,BSX,Boston Scientific Corporation,45.81,65614179486.5463,110.59985546,0.4177,41000.0,Distribution Services,16.34275618,11.07839838,-10.83333333
118,LRCX,Lam Research Corporation,478.63,65275248354.92791,12.98130819,37.3122,17700.0,Producer Manufacturing,-21.16124798,14.86231332,-24.97701636
119,TFC,Truist Financial Corporation,48.45,64281824303.59644,11.03903442,4.4629,,Finance,,,
120,ETN,"Eaton Corporation, PLC",160.87,63978003129.82957,28.41032466,5.7438,85947.0,Producer Manufacturing,-37.84735812,8.09048298,151.05740181
121,CME,CME Group Inc.,175.96,63297314039.96448,23.90008979,7.386,3480.0,Finance,-9.64616179,48.51483037,5.65094182
122,FCX,"Freeport-McMoRan, Inc.",43.98,62861812928.94778,18.88032352,,,Non-Energy Minerals,-70.17857143,7.3309921,-98.54208085
123,WM,"Waste Management, Inc.",153.1,62844041398.64228,28.35036225,5.4124,48500.0,Industrial Services,37.43647657,13.57425687,-40.97222222
124,CSX,CSX Corporation,29.88,62819971539.7859,15.43434758,,,Transportation,,,
125,GD,General Dynamics Corporation,228.07,62616387543.65981,18.65069605,12.3208,,Electronic Technology,2.39361702,8.79285406,-86.5073246
126,MMM,3M Company,112.58,62227797924.80849,11.35971613,10.1711,,Producer Manufacturing,-34.33601094,11.22440036,-2.27743271
127,HUM,Humana Inc.,484.91,61389760952.95074,21.84852223,22.16,96900.0,Health Services,-79.76470588,1.13092961,225.42845755
128,CL,Colgate-Palmolive Company,72.88,60870405768.23689,33.70686002,2.1311,,Consumer Non-Durables,-32.55982596,10.35231257,-50.49288061
129,MPC,Marathon Petroleum Corporation,129.14,60522866002.37289,5.8326894,22.9335,17700.0,Energy Minerals,886.95652174,2.41782646,218.8852459
130,SHW,Sherwin-Williams Company (The),230.88,59831033964.50512,29.60094292,7.8305,,Process Industries,,,
131,CHTR,"Charter Communications, Inc.",390.94,59677538363.5777,12.82092124,31.3064,101700.0,Consumer Services,-35.50674105,10.27174114,-59.74930362
132,ICE,Intercontinental Exchange Inc.,106.66,59575118816.07523,23.90009521,4.5405,8858.0,Finance,10.09723261,29.01350153,36.12774451
133,ATVI,"Activision Blizzard, Inc",75.96,59448218654.58452,35.96038303,2.1448,9800.0,Technology Services,7.35970561,26.51368852,-51.40562249
134,UBER,"Uber Technologies, Inc.",29.63,59094290928.22331,,-4.5077,29300.0,Transportation,82.69349845,-3.20252077,-24.04844291
135,MELI,"MercadoLibre, Inc.",1161.8,58432610145.28827,229.47144924,5.3715,29957.0,Retail Trade,-58.08526741,5.54663056,319.66236396
136,OXY,Occidental Petroleum Corporation,64.13,58288663544.14727,5.54347554,12.8709,11678.0,Energy Minerals,432.67605634,29.13488945,26.72623883
137,SCCO,Southern Copper Corporation,74.59,57665419332.29727,22.44357508,3.323,14700.0,Non-Energy Minerals,55.15652095,31.09629508,-62.95273174
138,MCO,Moody's Corporation,314.2,57561436622.82684,38.1496956,8.4188,13460.0,Commercial Services,-8.57282026,30.18655516,-32.50620347
139,NTES,"NetEase, Inc.",89.58,57490655287.38277,18.04844427,5.1328,32064.0,Technology Services,4.74215981,26.62476322,13.44611603
140,BN,Brookfield Corporation,36.68,57340809752.54799,19.26168417,1.95875182,180000.0,Finance,-78.40433759,1.25967272,-75.83015269
141,MET,"MetLife, Inc.",72.16,56617184196.33759,27.07354654,2.6998,43000.0,Finance,11.46159194,18.40843858,22.01939532
142,EPD,Enterprise Products Partners L.P.,25.59,55672833242.31813,11.47193635,2.3197,6911.0,Industrial Services,126.99294185,15.24197196,-67.64878883
143,KLAC,KLA Corporation,387.68,54941358693.2691,16.41835837,24.4606,14000.0,Electronic Technology,53.8540533,32.66295302,-20.27746458
144,PXD,Pioneer Natural Resources Company,229.83,54607318185.14464,8.36032244,29.423,1932.0,Energy Minerals,694.1011236,15.81980974,95.57613169
145,NSC,Norfolk Southern Corporation,238.21,54330082503.78929,17.19381106,,,Transportation,-18.34829443,17.84229109,-73.44064386
146,MAR,Marriott International,171.2,54191582112.60023,26.60145878,6.5842,120000.0,Consumer Services,-33.90957447,7.17326983,39.30434783
147,VLO,Valero Energy Corporation,140.19,54046511845.97437,4.91625443,29.172,,Energy Minerals,,,
148,MCK,McKesson Corporation,378.69,53695777528.02271,26.87398567,14.2508,75000.0,Distribution Services,-1.14529531,1.66763901,-38.66295265
149,MNST,Monster Beverage Corporation,102.37,53410898166.0642,45.3879101,2.292,4092.0,Consumer Non-Durables,-15.47526647,20.06501301,28.29308945
150,SNPS,"Synopsys, Inc.",349.88,53327724990.45741,56.74014548,6.4334,19000.0,Technology Services,13.95265009,33.29290393,4.06507855
151,EMR,Emerson Electric Company,89.69,53042668370.87286,16.50761421,5.4478,85500.0,Electronic Technology,-20.14028056,12.17971576,63.62179487
152,D,"Dominion Energy, Inc.",62.69,52238023397.24659,22.49153641,2.801,17100.0,Utilities,-83.33333333,-14.49441421,-216.23931624
153,DG,Dollar General Corporation,232.89,52068334976.70026,22.9487005,10.3439,163000.0,Retail Trade,-36.96532823,5.24642736,-118.39665428
154,F,Ford Motor Company,12.89,51824171585.28185,5.9996383,2.2555,183000.0,Consumer Durables,-48.39963297,7.01183063,-61.72248804
155,VMW,"Vmware, Inc.",121.8,51816953717.54663,37.49811605,3.3374,37500.0,Technology Services,-2.67156863,30.90031904,17.58130081
156,GM,General Motors Company,36.29,51557087086.20184,6.44213957,5.9365,157000.0,Consumer Durables,-79.21304685,-5.45100942,103.69709745
157,SHOP,Shopify Inc.,47.19,51077826667.45087,,-2.5441,10000.0,Technology Services,18.37432318,9.83638691,-931.50880549
158,SRE,DBA Sempra,161.24,50683113801.22696,22.72095472,7.1451,15390.0,Utilities,39.04833837,-6.17869995,-2194.50549451
159,PSX,Phillips 66,106.42,50297523752.84172,4.97456216,21.9186,14000.0,Energy Minerals,613.84425216,3.71346387,45.91156875
160,CDNS,"Cadence Design Systems, Inc.",180.74,49579875233.91438,65.12159927,2.886,9300.0,Technology Services,27.84205582,34.65781241,-1.595992
161,KHC,The Kraft Heinz Company,40.37,49450429485.71806,40.35997559,0.9921,36000.0,Consumer Non-Durables,2.90791599,17.12168337,172.82051282
162,BIDU,"Baidu, Inc.",138.48,49439806927.10104,74.62430228,1.8905,45500.0,Technology Services,-48.34770471,7.41085845,833.80266147
163,ORLY,"O'Reilly Automotive, Inc.",789.63,49411813661.29023,23.53998779,33.0576,83636.0,Retail Trade,16.59337906,20.74240429,9.08655188
164,SNOW,Snowflake Inc.,152.92,49179073121.75877,,-2.283,3992.0,Technology Services,319.28358976,9.79515749,316.71054075
165,KDP,Keurig Dr Pepper Inc.,34.72,49172243464.03688,27.15604946,1.2879,27500.0,Consumer Non-Durables,22.85714286,19.32508082,1.78306092
166,AEP,"American Electric Power Company, Inc.",92.87,47722522451.63759,19.31914894,4.8331,16688.0,Utilities,23.93166053,-10.6866785,-82.7828307
167,SQ,"Block, Inc.",79.79,47720575537.22892,,-0.9259,8521.0,Technology Services,193.38283971,4.03998527,-105.98200044
168,PANW,"Palo Alto Networks, Inc.",157.63,47660523078.73344,,-0.4863,12561.0,Technology Services,29.21113354,32.57111697,115.96608335
169,EW,Edwards Lifesciences Corporation,76.06,47024893114.10802,33.64333075,2.3465,15700.0,Health Technology,117.25629538,26.87625418,-46.94397284
170,AIG,"American International Group, Inc. New",63.17,46934046723.68671,3.78718111,17.0634,36600.0,Finance,504.9132948,12.06177844,14.65809072
171,JCI,Johnson Controls International plc,68.26,46874404269.09747,31.30968622,2.2094,102000.0,Producer Manufacturing,-27.95865633,5.51009921,247.09897611
172,KKR,KKR & Co. Inc.,54.43,46870319489.13766,,-0.5824,3238.0,Finance,1729.05727136,19.61779095,23.23594346
173,HES,Hess Corporation,151.77,46791976746.8736,21.75789899,,,Energy Minerals,6.64916885,10.76474744,17.69230769
174,APH,Amphenol Corporation,78.29,46589952711.19885,25.6623597,3.1913,,Electronic Technology,51.80130542,14.18680187,59.13111342
175,NXPI,NXP Semiconductors N.V.,179.48,46509522445.9588,18.08311419,10.1299,31000.0,Electronic Technology,8.94736842,20.58212058,14.96489212
176,FDX,FedEx Corporation,184.08,46461265028.49622,14.97053971,12.8533,249000.0,Transportation,-27.8052223,3.28193173,-180.0
177,GIS,"General Mills, Inc.",78.21,46113453876.21105,16.2765913,4.8314,32500.0,Consumer Non-Durables,12.02903278,14.46548166,-32.90661903
178,AZO,"AutoZone, Inc.",2428.58,46097913845.10013,19.86238324,123.1164,112000.0,Retail Trade,-12.35967158,15.62089633,0.52230334
179,HSY,The Hershey Company,223.19,45772378268.58595,28.57142857,10.1379,18990.0,Consumer Non-Durables,26.15007102,17.68974903,22.97556175
180,AFL,AFLAC Incorporated,73.04,45415439741.70786,9.3087687,7.867,12447.0,Finance,-15.22322927,22.84900027,-41.93200216
181,WDAY,"Workday, Inc.",176.48,45355360934.74997,,-1.2432,15200.0,Technology Services,36.58656967,26.93388339,-0.37458834
182,ADM,Archer-Daniels-Midland Company,82.25,45182738811.54491,10.85779572,,,Process Industries,-60.21009952,2.11982562,-223.40425532
183,ADSK,"Autodesk, Inc.",209.12,45121301027.98179,74.38185602,2.8531,12600.0,Technology Services,9.59809821,33.54250506,78.98832685
184,A,"Agilent Technologies, Inc.",151.74,44925969244.79106,37.25086733,4.2039,18100.0,Health Technology,-21.27987664,14.90946262,-0.26385224
185,ROP,"Roper Technologies, Inc.",423.48,44910922887.58389,39.00359389,11.2221,,Technology Services,-66.43254169,12.36643211,-94.48251625
186,CTVA,"Corteva, Inc.",62.53,44677186316.63748,34.30245056,1.8735,21000.0,Process Industries,35.55695406,13.75918237,-108.4375
187,CMG,"Chipotle Mexican Grill, Inc.",1609.86,44627109043.74061,56.17016241,28.9653,97660.0,Consumer Services,129.73165748,13.86990247,25.45843766
188,CTAS,Cintas Corporation,436.04,44310591140.94477,35.5787538,12.5278,43000.0,Consumer Services,6.54604155,16.51231485,-9.99227259
189,LVS,Las Vegas Sands Corp.,57.88,44229941740.54447,,-1.3429,,Consumer Services,,,
190,FIS,"Fidelity National Information Services, Inc.",74.39,44141498772.21373,49.13894325,1.5417,65000.0,Commercial Services,7.44197176,32.35569648,-53.1688166
191,TRV,"The Travelers Companies, Inc.",187.91,44036243865.74614,16.00827722,11.9317,,Finance,,,
192,COF,Capital One Financial Corporation,115.0,43895333630.46436,6.59835238,17.8797,56000.0,Finance,,,
193,KMB,Kimberly-Clark Corporation,128.99,43533104838.38101,22.55265552,5.7304,,Consumer Non-Durables,7.77713291,9.20446097,0.63371356
194,ECL,Ecolab Inc.,150.46,42855231018.98706,38.81513569,3.9502,47000.0,Process Industries,3.47870478,11.14339792,-45.06186727
195,NUE,Nucor Corporation,166.37,42681174315.16714,5.80720376,28.8052,,Non-Energy Minerals,76.27538439,19.57040279,-8.18720189
196,CNC,Centene Corporation,74.7,42299599932.47841,21.96438996,3.4735,72500.0,Health Services,-28.895123,2.615453,95.62460368
197,MSI,"Motorola Solutions, Inc.",252.24,42175334482.86698,37.38262825,6.9972,18700.0,Electronic Technology,14.18338109,19.50801615,0.95238095
198,IQV,"IQVIA Holdings, Inc.",226.28,42029252119.64492,37.33222705,6.2542,79000.0,Health Services,71.4072971,16.58620938,2.34604106
199,NEM,Newmont Corporation,52.74,41861782465.3087,42.28054873,1.2628,31000.0,Non-Energy Minerals,-26.64804469,21.54224774,-107.50670241
200,STZ,"Constellation Brands, Inc.",226.36,41773747857.29307,2325.10162602,0.3324,10000.0,Consumer Non-Durables,-13.55888563,19.02786279,-43.89953931
201,MCHP,Microchip Technology Incorporated,75.68,41624656081.68899,23.69448511,3.3303,21000.0,Electronic Technology,35.56664291,36.25034819,28.07576894
202,EXC,Exelon Corporation,41.75,41488727317.30032,19.25635104,2.1662,31518.0,Utilities,-30.31733543,-12.65439173,-171.85461323
203,PAYX,"Paychex, Inc.",114.69,41341908487.08343,27.96457112,4.0674,16000.0,Technology Services,19.83067121,29.769933,111.13569322
204,AJG,Arthur J. Gallagher & Co.,195.3,41177050766.58996,37.28119109,5.3061,,Finance,,,
205,BIIB,Biogen Inc.,285.94,41175759498.83142,14.77926379,19.6813,9610.0,Health Technology,-11.12220762,32.50980543,-21.14502817
206,ROST,"Ross Stores, Inc.",118.995,40978428558.23992,28.99507365,4.1408,100000.0,Retail Trade,-35.83216517,6.24335888,918.93958998
207,DOW,Dow Inc.,57.95,40782850966.25064,9.44744389,6.2947,,Process Industries,2.61437908,9.93286703,-29.8013245
208,DVN,Devon Energy Corporation,62.34,40751656664.75687,6.8719007,9.527,1600.0,Energy Minerals,1398.44559585,21.03272727,-186.06485539
209,DXCM,"DexCom, Inc.",105.49,40746369299.8229,193.22831794,0.5896,6300.0,Health Technology,-80.73029646,2.17684297,32.90229885
210,PH,Parker-Hannifin Corporation,317.3,40743136955.24797,33.26814248,9.7489,55090.0,Producer Manufacturing,-6.48436139,13.94364304,-0.62553834
211,KMI,"Kinder Morgan, Inc.",18.04,40549264326.51661,16.604378,1.1238,,Industrial Services,,,
212,MSCI,MSCI Inc,506.56,40503604401.16143,50.16547505,10.4431,3633.0,Technology Services,16.36625687,46.22547887,51.19117143
213,ET,Energy Transfer LP,13.1,40459025937.76946,9.92202005,1.3537,12558.0,Industrial Services,251.81968569,12.61847902,19.05910736
214,LHX,"L3Harris Technologies, Inc.",211.91,40348258829.67153,36.86387653,5.823,47000.0,Electronic Technology,-3.17919075,13.16380375,29.38271605
215,TT,Trane Technologies plc,175.15,40338322748.09044,25.58236994,6.9912,37000.0,Producer Manufacturing,5.72625698,9.63894627,20.29406066
216,BK,The Bank of New York Mellon Corporation,49.77,40228092086.47264,17.28173439,2.9136,,Finance,,,
217,LULU,lululemon athletica inc.,302.59,40185397109.87685,34.17661675,9.1235,29000.0,Retail Trade,74.93523143,15.68119001,-477.57288488
218,TEAM,Atlassian Corporation,156.94,40101306616.69467,,-0.897,8813.0,Technology Services,-0.46171351,28.52788665,8.02207493
219,IDXX,"IDEXX Laboratories, Inc.",482.95,39996448690.95473,61.93643567,7.9629,10350.0,Health Technology,17.0469687,19.69754553,6.41896644
220,FTNT,"Fortinet, Inc.",51.05,39882099548.48671,57.84216881,0.9291,10195.0,Electronic Technology,25.68385884,36.01819161,19.83020012
221,TEL,TE Connectivity Ltd. New Switzerland Registered Shares,125.5,39812434833.4663,17.91738136,7.0396,92000.0,Electronic Technology,-14.40080564,10.44161907,10.55555556
222,APO,"Apollo Global Management, Inc. (New)",69.26,39636364068.47332,,-5.6109,2153.0,Finance,74.60614935,71.08483536,
223,SYY,Sysco Corporation,78.1,39578542774.75542,27.59023768,2.8404,71000.0,Transportation,-18.48866118,1.87106222,-58.84983066
224,RSG,"Republic Services, Inc.",124.12,39222036939.37991,27.03558175,4.5899,35000.0,Industrial Services,15.14487079,13.01814962,50.91819699
225,HLT,Hilton Worldwide Holdings Inc.,142.92,38653576767.28049,37.5948249,3.8815,142000.0,Consumer Services,-75.49751244,3.38487973,145.55555556
226,SE,Sea Limited,64.61,38507134279.0,,-4.8354,67300.0,Retail Trade,-353.93460029,-5.64425185,
227,TDG,Transdigm Group Inc.,707.25,38456435598.22461,52.88934533,13.4373,14400.0,Electronic Technology,2.5990099,15.24737907,-9.09090909
228,PRU,"Prudential Financial, Inc.",103.25,37996000000.0,143.94993046,0.7481,40916.0,Finance,17.25621415,13.83257676,-21.02639838
229,ANET,"Arista Networks, Inc.",123.84,37842113993.46598,34.341288,3.7979,2993.0,Electronic Technology,32.14955608,32.26282438,-45.44776811
230,PCAR,PACCAR Inc.,108.78,37830152889.89298,12.81596812,8.6431,,Producer Manufacturing,195.45044232,5.67840748,63.35360556
231,WMB,"Williams Companies, Inc. (The)",31.03,37805085625.75849,19.22983034,1.6422,4783.0,Energy Minerals,21.47681225,25.52024215,12.06293706
232,XEL,Xcel Energy Inc.,68.1,37267621253.7352,21.56906008,3.1726,,Utilities,,,
233,LNG,"Cheniere Energy, Inc.",148.71,36978139296.80461,,-15.2443,1550.0,Energy Minerals,746.8013468,10.89002268,376.16033755
234,MFC,Manulife Financial Corporation,19.51,36749749465.40536,7.01586005,2.71495272,38000.0,Finance,16.33220761,39.14028297,-27.27842947
235,HAL,Halliburton Company,40.34,36630606426.62784,23.43551186,1.7363,,Industrial Services,10.70143885,6.0649357,122.13114754
236,AMP,"Ameriprise Financial, Inc.",343.46,36550052183.0657,15.34305275,22.9206,,Finance,,,
237,CARR,Carrier Global Corporation,43.58,36444274170.83493,10.54056013,4.2308,58000.0,Producer Manufacturing,37.17391304,9.18352496,38.41584158
238,YUM,"Yum! Brands, Inc.",129.04,36349003641.02022,33.65730647,4.4515,36000.0,Consumer Services,28.90829694,22.41798299,-15.69892473
239,DD,"DuPont de Nemours, Inc.",72.65,36091718020.05779,20.25278114,3.6405,28000.0,Process Industries,-52.08548776,8.34684441,-61.04100946
240,MRVL,"Marvell Technology, Inc.",41.99,35825868512.42034,,-0.1674,6729.0,Electronic Technology,-3.33429497,14.56719425,96.04920659
241,EA,Electronic Arts Inc.,128.99,35611587610.43036,40.22913155,3.2242,12900.0,Technology Services,-5.46961326,24.42541042,-885.71428571
242,ODFL,"Old Dominion Freight Line, Inc.",321.88,35561827465.84595,28.58256052,11.7548,23663.0,Transportation,-6.41492324,12.60440749,78.98839807
243,WBD,"Warner Bros. Discovery, Inc. - Series A",14.38,34920334066.2495,,-1.6632,11000.0,Consumer Services,3.76551134,19.89988511,-127.23404255
244,BNTX,BioNTech SE,140.49,34864185596.0,3.20750546,46.7335,3082.0,Health Technology,975.1104906,4.01650446,171.99650215
245,CMI,Cummins Inc.,246.82,34807167916.92066,18.53709805,13.5032,59900.0,Producer Manufacturing,-30.62898815,6.33612256,-57.04057279
246,MPLX,MPLX LP,34.67,34782430510.3231,9.22152837,3.7806,5836.0,Industrial Services,27.65096793,45.51823614,-25.0231696
247,GOLD,Barrick Gold Corporation,19.48,34323760699.91141,19.44244888,0.97905074,21300.0,Non-Energy Minerals,-33.82328873,20.63332498,-86.47950096
248,ABC,AmerisourceBergen Corporation,165.31,33999081136.88493,20.43341341,8.143,44000.0,Distribution Services,-0.96927394,0.92493302,17.26340729
249,ALL,Allstate Corporation (The),128.0,33946824704.56074,,-0.1688,54700.0,Finance,-7.94906425,9.43109038,55.0
250,ED,"Consolidated Edison, Inc.",95.05,33729715574.477394,19.91272056,4.7816,13871.0,Utilities,28.69666861,-8.92269436,30.33536585
251,OTIS,Otis Worldwide Corporation,80.96,33726806115.46009,27.92297111,2.9304,70000.0,Producer Manufacturing,22.89899769,11.14841237,-34.04907975
252,MTD,"Mettler-Toledo International, Inc.",1507.41,33606484123.61599,41.86072603,36.9516,17800.0,Health Technology,26.73816246,21.55083608,-9.24342187
253,CTSH,Cognizant Technology Solutions Corporation,65.27,33543652427.141537,14.62953068,4.5002,330600.0,Technology Services,-23.6125474,11.97384773,6.24303233
254,ILMN,"Illumina, Inc.",210.1,33048730452.535152,,-26.4522,9800.0,Health Technology,-61.19733925,7.73309766,64.50617284
255,DLTR,"Dollar Tree, Inc.",148.85,32923308594.2033,20.96391925,7.2059,210565.0,Retail Trade,-77.5130674,1.55274076,-1276.92307692
256,RMD,ResMed Inc.,222.71,32718193849.38969,40.82415385,5.5273,8160.0,Health Technology,-65.8817109,6.04539749,-46.54302483
257,AME,"AMETEK, Inc.",142.31,32682114630.888325,29.43643244,4.9184,18500.0,Producer Manufacturing,-13.0094027,18.92695123,6.3864176
258,IBKR,"Interactive Brokers Group, Inc.",77.74,32608294146.035606,20.76234866,3.7658,,Finance,,,
259,DHI,"D.R. Horton, Inc.",94.83,32563989400.78129,5.98462302,16.2545,13237.0,Consumer Durables,54.90636704,1.2353644,481.26829268
260,GEHC,GE HealthCare Technologies Inc.,71.5,32511765286.0,,,,Health Technology,32.08791209,9.83043455,
261,ROK,"Rockwell Automation, Inc.",278.5,31966910762.65448,30.98137613,9.2875,26000.0,Electronic Technology,-40.21215043,8.78899957,185.74338086
262,ALB,Albemarle Corporation,271.98,31863217018.625877,21.36152015,13.2646,6000.0,Process Industries,-1081.8746,-18.31183516,485.17449749
263,CSGP,"CoStar Group, Inc.",77.9,31681155447.851635,90.7267001,0.8594,4742.0,Technology Services,-33.44431251,16.03031682,-18.44407637
264,KR,Kroger Company (The),44.21,31646485636.68413,14.10368793,3.2368,420000.0,Retail Trade,-5.3858339,3.03217104,-70.37643208
265,KEYS,Keysight Technologies Inc.,176.91,31630703565.45562,28.70012454,6.2354,15000.0,Electronic Technology,-16.46341463,17.69372694,15.25423729
266,BF.A,Brown Forman Inc,65.67,31597583824.049843,36.01605293,1.8496,5200.0,Consumer Non-Durables,5.69536424,20.37793667,-12.21374046
267,CPRT,"Copart, Inc.",66.29,31573927052.375824,30.05107069,2.2633,9500.0,Commercial Services,58.74804649,23.93721538,-35.88547635
268,WBA,"Walgreens Boots Alliance, Inc.",36.53,31507252765.566856,,-3.4317,325000.0,Retail Trade,-48.15613027,1.63146274,-118.32298137
269,PCG,Pacific Gas & Electric Co.,15.85,31505045113.496265,19.107674,0.8856,26000.0,Utilities,79.76510067,-26.29105707,-75.51219512
270,STT,State Street Corporation,90.15,31464530082.953262,12.62453387,7.2852,,Finance,,,
271,GFS,GlobalFoundries Inc.,57.51,31347149005.666607,39.62276771,1.5329,14600.0,Electronic Technology,157.88579108,16.28976661,-90.79497908
272,DFS,Discover Financial Services,114.44,31267953435.63664,7.59113625,15.5008,,Finance,,,
273,BKR,Baker Hughes Company,31.02,31065523894.54505,,-0.5963,,Industrial Services,-26.48221344,5.27509926,66.53543307
274,GLW,Corning Incorporated,36.39,30779076257.629074,17.1882298,2.1774,61200.0,Electronic Technology,121.04607721,12.61728746,-51.2145749
275,LYB,LyondellBasell Industries NV,94.46,30758486594.41361,7.41243551,12.9232,19100.0,Process Industries,283.18462594,12.09672177,-38.87147335
276,ON,ON Semiconductor Corporation,71.02,30710720003.79856,19.11222954,3.9818,30000.0,Electronic Technology,221.93661093,19.14003383,110.38575668
277,PEG,Public Service Enterprise Group Incorporated,61.1,30485829501.782948,44.5154185,1.3719,12684.0,Utilities,-649.16201117,-11.26131287,26.38436482
278,OKE,"ONEOK, Inc.",67.28,30071054586.302467,18.93399184,3.6121,2847.0,Industrial Services,806.52010359,10.81965009,15.46971096
279,PPG,"PPG Industries, Inc.",127.65,30001245914.014137,29.39614976,4.3492,,Process Industries,,,
280,GPN,Global Payments Inc.,110.29,29822542984.682728,503.16964286,0.2284,25000.0,Commercial Services,21.81649426,26.83802058,-74.95624699
281,APTV,Aptiv PLC,109.83,29758391931.245773,95.80698259,1.1555,155000.0,Producer Manufacturing,-25.40073983,3.87373543,236.36363636
282,URI,"United Rentals, Inc.",429.04,29758040924.882683,14.58449526,29.8759,24600.0,Finance,51.32382892,6.38206494,348.75
283,NDAQ,"Nasdaq, Inc.",59.65,29304824621.14297,26.8102455,2.2863,,Finance,,,
284,WEC,"WEC Energy Group, Inc.",92.62,29215546018.7427,21.26289251,4.3741,6938.0,Utilities,-414.25233645,-2.64670515,-330.48555624
285,CPNG,"Coupang, Inc.",16.48,29174513219.581085,,-0.3418,68000.0,Retail Trade,-492.23546505,-5.8905742,15.1638745
286,GWW,"W.W. Grainger, Inc.",575.32,29070494208.92125,20.33074483,28.2897,24200.0,Distribution Services,-26.34989201,5.23729074,201.8018018
287,MBLY,Mobileye Global Inc.,36.12,28965058008.6,,-0.1833,,Technology Services,-4.60526316,23.27447833,
288,ENPH,"Enphase Energy, Inc.",212.22,28845702490.845062,101.61056297,2.1914,2260.0,Electronic Technology,53.11887055,21.69025845,77.86673554
289,DELL,Dell Technologies Inc.,40.01,28652294114.76333,16.91281363,2.4524,133000.0,Electronic Technology,-19.45308311,7.4337632,-114.31484502
290,IFF,"International Flavors & Fragrances, Inc.",111.23,28359450653.30872,,-6.8784,24000.0,Consumer Non-Durables,99.11775518,8.92244338,-47.83861671
291,ES,Eversource Energy (D/B/A),81.37,28341774283.051025,20.13833599,4.0253,9227.0,Utilities,3.80379936,-12.29311113,157.83179064
292,LEN,Lennar Corporation,99.22,28313414151.72269,6.38137281,15.8316,,Consumer Durables,,,
293,FAST,Fastenal Company,49.43,28311521249.084778,26.59856024,1.894,,Distribution Services,25.05297474,10.99045927,126.28820961
294,HPQ,HP Inc.,28.82,28305441886.981865,9.69968475,3.0478,58000.0,Electronic Technology,-36.98301013,5.91247222,-34.23019432
295,AWK,"American Water Works Company, Inc.",155.0,28183322299.6752,21.68245464,7.2418,6400.0,Utilities,18.43434343,-8.21882952,-160.71428571
296,VRSK,"Verisk Analytics, Inc.",179.41,28057562004.43336,27.97403686,6.485,9367.0,Technology Services,9.1186839,30.96778497,-0.81092616
297,FERG,Ferguson plc,139.55,27784032534.16798,14.0090252,10.0718,36000.0,Distribution Services,-24.71516214,3.00707134,729.6875
298,ALNY,"Alnylam Pharmaceuticals, Inc.",225.4,27730563897.247696,,-9.7715,1665.0,Health Technology,-5.27809537,-80.27045306,18.8467164
299,WTW,Willis Towers Watson Public Limited Company,249.81,27038839291.79466,10.9270628,22.9504,44200.0,Finance,24.7311828,20.56737589,-91.6893733
300,CEG,Constellation Energy Corporation,82.4,26946276668.339108,,-0.4616,11696.0,Utilities,-129.32072227,-13.57320983,-261.65577342
301,EFX,"Equifax, Inc.",217.35,26613079754.30168,37.93499044,5.8085,12700.0,Commercial Services,64.94570394,17.58362274,-32.92358804
302,VEEV,Veeva Systems Inc.,170.54,26551126075.4529,70.20309557,2.5614,5482.0,Technology Services,38.094444,41.16411648,22.96849964
303,EBAY,eBay Inc.,48.89,26530601326.66265,,-5.4793,10800.0,Retail Trade,13.1390593,21.10634239,553.125
304,MTB,M&T Bank Corporation,153.49,26496562516.09395,13.44612181,11.5875,,Finance,,,
305,CBRE,CBRE Group Inc,83.67,26435412118.39309,13.94903301,6.1473,105000.0,Finance,87.78481695,8.41611393,-27.45236797
306,ZBH,"Zimmer Biomet Holdings, Inc.",125.83,26405725213.905228,95.45040946,1.3238,19500.0,Health Technology,28.93247831,13.08542406,8.31973899
307,IT,"Gartner, Inc.",333.22,26332504696.808697,35.74878186,9.384,16600.0,Technology Services,52.8742113,26.46062643,-14.5090797
308,CDW,CDW Corporation,194.03,26269913112.01542,25.40748725,7.7105,13900.0,Technology Services,-40.79391161,3.2880581,13.32828474
309,CQP,"Cheniere Energy Partners, LP",53.82,26050582233.93498,,-0.5227,1550.0,Utilities,110.9114249,17.73914921,78.9346247
310,EIX,Edison International,68.14,26020940896.22985,36.43205427,1.8943,13003.0,Utilities,-30.15873016,-36.86011406,-57.17884131
311,SGEN,Seagen Inc.,139.98,25989372606.470894,,-3.4618,2675.0,Health Technology,-168.36369887,-34.10562059,-219.52828043
312,ULTA,"Ulta Beauty, Inc.",507.97,25845904317.099216,22.23067285,22.8851,40500.0,Retail Trade,24.58049251,13.79918106,-12.94800739
313,YUMC,"Yum China Holdings, Inc.",61.51,25737466043.444077,30.93675418,2.0348,450000.0,Consumer Services,29.92805755,9.1647214,335.61025711
314,FANG,"Diamondback Energy, Inc.",145.34,25579634890.1766,6.14888313,24.6152,870.0,Energy Minerals,852.12355212,36.28071208,79.47434293
315,TROW,"T. Rowe Price Group, Inc.",113.46,25354317908.582848,17.38162143,6.7224,,Finance,-35.38386576,32.70143641,-67.24968314
316,CCEP,Coca-Cola Europacific Partners plc,55.32,25269581136.77981,15.88477841,3.4716,33200.0,Consumer Non-Durables,64.85005356,12.14124827,
317,FRC,FIRST REPUBLIC BANK,140.16,25173118697.13411,17.07370231,8.316,,Finance,,,
318,HZNP,Horizon Therapeutics Public Limited Company,110.05,24977233587.857277,45.48369856,2.5092,1890.0,Health Technology,148.46696524,29.71336563,-8.32950991
319,DAL,"Delta Air Lines, Inc.",38.4,24621632521.518204,18.93702327,2.0635,,Transportation,,,
320,TSCO,Tractor Supply Company,222.79,24610105390.844864,23.24529779,9.7816,,Retail Trade,14.3685245,4.10856478,1862.68140317
321,FITB,Fifth Third Bancorp,35.8,24572982176.941826,10.76519353,3.3804,19319.0,Finance,,,
322,HRL,Hormel Foods Corporation,44.78,24468875089.440857,24.67161308,1.835,20000.0,Consumer Non-Durables,11.24613069,6.8711159,-40.12082566
323,HIG,"Hartford Financial Services Group, Inc. (The)",76.55,24350472829.873417,13.34598906,5.8296,18100.0,Finance,5.40324727,17.68646717,18.36407378
324,TTD,"The Trade Desk, Inc.",49.22,24094320635.03599,,-0.0201,1967.0,Technology Services,5.07665835,30.57125688,11.66083729
325,RJF,"Raymond James Financial, Inc.",111.75,24033356425.15657,15.57900312,7.3588,22043.0,Finance,-100.44636215,-0.26843236,
326,CRWD,"CrowdStrike Holdings, Inc.",101.37,23760904569.251274,,-0.7662,4965.0,Technology Services,49.45616063,30.99179247,40.1469712
327,VMC,Vulcan Materials Company (Holding Company),178.38,23707925749.75765,40.12408119,4.4692,11437.0,Non-Energy Minerals,-20.83765789,10.09689853,21.9586332
328,ACGL,Arch Capital Group Ltd.,63.99,23668173414.84156,20.52481497,3.1982,5200.0,Finance,18.95319839,38.11708526,35.9544374
329,FE,FirstEnergy Corp.,41.3,23613405816.72326,18.78702269,2.1985,12395.0,Utilities,129.65964344,3.2878189,-195.27027027
330,GPC,Genuine Parts Company,166.61,23518892275.50271,19.9291419,8.3729,52000.0,Distribution Services,-46.83185258,5.25766924,41.88211447
331,DTE,DTE Energy Company,114.33,23509583494.964165,19.65088921,5.8022,10300.0,Utilities,-405.14705882,-4.56205591,-59.18918919
332,RPRX,Royalty Pharma plc,38.64,23463067405.25244,33.52292313,1.1604,66.0,Health Technology,-1.54431376,88.14551709,14.70285827
333,DDOG,"Datadog, Inc.",73.84,23448618217.3083,,-0.0437,3200.0,Technology Services,166.78209036,26.88504098,15.38833815
334,FTV,Fortive Corporation,66.23,23432721677.920307,35.00679135,1.9374,18000.0,Electronic Technology,-33.05657605,17.33876339,22.24432949
335,K,Kellogg Company,68.09,23237833553.86243,15.55095468,4.3817,31000.0,Consumer Non-Durables,-22.48480756,8.09533883,-16.80911681
336,VRSN,"VeriSign, Inc.",216.19,22919698201.28364,29.06005639,7.5257,904.0,Technology Services,9.80375312,56.80420556,4.28964171
337,PFG,Principal Financial Group Inc,93.39,22850927468.82816,4.51284986,20.9314,18600.0,Finance,-14.90164747,21.65718973,24.83796551
338,SIRI,Sirius XM Holdings Inc.,5.87,22831584559.814182,20.2739726,0.2956,5590.0,Consumer Services,-3.25392214,19.14673413,-9.63541667
339,ANSS,"ANSYS, Inc.",261.56,22785077601.507484,49.92137482,5.3831,5100.0,Technology Services,2.83705122,27.61104832,-18.97347672
340,BAX,Baxter International Inc.,45.14,22756011019.06391,,-4.7112,60000.0,Health Technology,27.61000863,11.56914894,-75.40322581
341,TSN,"Tyson Foods, Inc.",64.1,22487892271.056,7.23318549,9.163,142000.0,Consumer Non-Durables,-69.59331053,1.50144514,-72.06235012
342,AEE,Ameren Corporation,86.91,22468163288.459396,21.8190009,4.0133,9116.0,Utilities,-18.44783715,-29.12105099,-57.79816514
343,IR,Ingersoll Rand Inc.,55.31,22396443211.632053,36.29368805,1.5531,16000.0,Producer Manufacturing,-36.78780236,10.70180887,150.94339623
344,LH,Laboratory Corporation of America Holdings,251.12,22249231883.47558,13.57251126,18.8739,75500.0,Health Services,51.07208029,16.43332568,-58.38337182
345,DASH,"DoorDash, Inc.",56.56,21957547180.99676,,-2.4142,8600.0,Technology Services,319.32773109,10.2086743,103.38983051
346,ETR,Entergy Corporation,107.69,21913154927.755768,17.64514925,6.1876,12369.0,Utilities,-67.061506,-35.20993246,-189.57145911
347,PPL,PPL Corporation,29.45,21684573272.05198,31.26846771,0.949,5607.0,Utilities,-37.60504202,5.13574269,176.47058824
348,RF,Regions Financial Corporation,23.2,21679137976.512817,10.278034,2.2953,,Finance,,,
349,MLM,"Martin Marietta Materials, Inc.",347.37,21568444977.918667,25.72176537,13.5605,10000.0,Non-Energy Minerals,3.50521437,13.19911341,-19.36741768
350,ZM,"Zoom Video Communications, Inc.",73.5,21485685165.35401,32.48346257,2.3407,6787.0,Technology Services,6.58965758,36.33486379,-26.50057311
351,HBAN,Huntington Bancshares Incorporated,14.84,21410176640.25849,10.3524381,1.4741,,Finance,,,
352,RBLX,Roblox Corporation,35.53,21346986112.83577,,-1.312,,Technology Services,42.93136151,31.29350489,-128.98120412
353,BMRN,BioMarin Pharmaceutical Inc.,114.7,21316870827.249084,281.83129056,0.4546,3045.0,Health Technology,821.86409645,11.31901723,64.72308046
354,PWR,"Quanta Services, Inc.",149.1,21306561996.79,51.18755119,3.023,43700.0,Industrial Services,-77.03794141,1.5141354,518.43626622
355,TECK,Teck Resources Ltd,41.34,21184106518.056324,6.66284763,6.1175316,10600.0,Energy Minerals,84.39218388,-2.78169275,122.47010065
356,LUV,Southwest Airlines Company,35.47,21060384917.916664,45.85020243,0.9088,,Transportation,-107.39922695,-0.56269421,-1292.1875
357,STLD,"Steel Dynamics, Inc.",119.09,20908799405.853863,5.71781595,20.9385,,Non-Energy Minerals,196.47799435,15.95407689,53.88749186
358,CFG,"Citizens Financial Group, Inc.",42.29,20827443426.776623,10.60068076,4.1046,,Finance,,,
359,ALGN,"Align Technology, Inc.",265.82,20763825941.46493,41.63766569,6.5,22540.0,Health Technology,52.08158373,19.51751057,-17.13963671
360,HPE,Hewlett Packard Enterprise Company,16.01,20521887705.01549,24.83458994,0.6635,60200.0,Electronic Technology,-56.33719205,5.23338551,-6.86184812
361,BIP,Brookfield Infrastructure Partners LP Limited Partnership,34.92,20509554616.59647,51.00145138,0.689,44000.0,Utilities,-33.36483932,6.11077403,-124.56965582
362,QSR,Restaurant Brands International Inc.,66.59,20370189619.03846,22.73446477,2.88035586,5700.0,Consumer Services,98.06673425,27.89684609,-26.34023063
363,STE,STERIS plc (Ireland),203.23,20287019190.50248,,-0.0844,16000.0,Health Technology,-13.20040591,8.2828942,-77.65965348
364,NU,Nu Holdings Ltd.,4.4,20247881604.21053,,-0.0287,6075.0,Technology Services,31.9602727,302.00787296,-21.90813315
365,CAH,"Cardinal Health, Inc.",77.24,20247233612.97542,,-3.9712,46500.0,Distribution Services,34.79546575,1.5080586,93.40813464
366,HOLX,"Hologic, Inc.",82.15,20195244490.975964,16.17497656,5.1658,6944.0,Health Technology,-8.08113329,41.09772148,-67.67343086
367,HEI,Heico Corporation,169.31,20177840866.38173,66.81322132,2.5854,6500.0,Electronic Technology,7.24375235,19.73779186,31.17626682
368,DOV,Dover Corporation,143.31,20114125146.8306,18.0128468,8.1095,25000.0,Producer Manufacturing,0.56244263,11.94372487,-34.35694439
369,MKC,"McCormick & Company, Incorporated",74.68,20005121263.00699,29.49637437,2.543,14200.0,Consumer Non-Durables,-29.22042522,6.13337532,-16.63490335
370,NTRS,Northern Trust Corporation,95.38,19878685472.20782,15.83551913,6.1568,,Finance,,,
371,PODD,Insulet Corporation,286.2,19876217925.96567,1206.16814533,0.2446,2300.0,Health Technology,-300.0,-16.3815071,148.21092279
372,LCID,"Lucid Group, Inc.",11.75,19745065864.14141,,-1.1366,3900.0,Consumer Durables,-42.68453977,-5419.69680204,17.41061454
373,CHD,"Church & Dwight Company, Inc.",80.59,19653350851.77863,26.65706052,3.032,5100.0,Consumer Non-Durables,-1.83980256,16.85902006,-43.01559792
374,TDY,Teledyne Technologies Incorporated,418.86,19632426668.81076,25.56014187,,,Electronic Technology,,,
375,CTRA,Coterra Energy Inc.,24.66,19443604698.63956,5.14795545,4.943,936.0,Energy Minerals,363.96031385,25.58583106,2045.90869658
376,WST,"West Pharmaceutical Services, Inc.",261.82,19383314961.42052,32.36385542,8.4731,10065.0,Health Technology,10.90238175,11.67908998,-10.9775641
377,WAT,Waters Corporation,324.32,19267064585.02519,29.05929971,11.5311,7800.0,Health Technology,-5.19556787,21.03497861,-9.1341765
378,EPAM,"EPAM Systems, Inc.",334.89,19260691840.522537,49.71605801,7.1261,58824.0,Technology Services,-2.85686776,13.96002921,22.51706744
379,JBHT,"J.B. Hunt Transport Services, Inc.",185.79,19236217727.996086,20.81314766,,,Transportation,,,
380,MPWR,"Monolithic Power Systems, Inc.",407.62,19134498917.437363,52.46417595,8.401,2773.0,Electronic Technology,6.31634019,18.67572226,-125.66619633
381,BBY,"Best Buy Co., Inc.",86.38,19112823266.042496,12.73205584,6.7353,105000.0,Retail Trade,-40.31798766,4.85887058,1335.71428571
382,SPOT,Spotify Technology S.A.,100.0,19006980498.82629,,-1.0237,,Technology Services,62.11500723,2.92718245,-72.93329308
383,PAYC,"Paycom Software, Inc.",315.76,18952030404.77731,74.9134023,4.3146,5385.0,Technology Services,49.2581045,18.8219311,-35.4327118
384,TTWO,"Take-Two Interactive Software, Inc.",112.66,18906502117.75796,,-0.086,7799.0,Technology Services,-88.2211775,2.8344556,-102.07810044
385,CNP,"CenterPoint Energy, Inc (Holding Co)",29.84,18785343487.96772,12.28113644,2.4271,12901.0,Utilities,-503.07101727,-37.6197318,-255.0
386,MKL,Markel Corporation,1395.21,18766135062.619465,,-9.6061,20300.0,Finance,30.10060588,16.58276297,9.72840293
387,WAB,Westinghouse Air Brake Technologies Corporation,102.87,18708746144.949966,28.59638421,3.6167,25000.0,Producer Manufacturing,45.68206396,12.05574022,-22.13671344
388,GRMN,Garmin Ltd.,97.36,18660401701.921574,19.74510824,5.0145,18700.0,Electronic Technology,-25.80195522,14.14431057,-49.02673954
389,INCY,Incyte Corporation,83.65,18610071889.324387,21.77780037,3.9586,2094.0,Health Technology,282.21861798,19.03654295,20.4646886
390,WMG,Warner Music Group Corp.,36.11,18591375467.721832,33.6690512,1.0624,6200.0,Commercial Services,11.86131387,10.35647913,90.67357513
391,WRB,W.R. Berkley Corporation,69.78,18524925044.361168,13.99571353,4.9893,,Finance,,,
392,LPLA,LPL Financial Holdings Inc.,232.45,18503108317.974785,29.76916069,7.9416,5900.0,Finance,-60.0025149,3.2134628,900.74193156
393,LYV,"Live Nation Entertainment, Inc.",79.44,18341096818.23196,110.71920639,0.8353,10200.0,Consumer Services,225.49466747,25.96869687,-263.49795961
394,CHWY,"Chewy, Inc.",43.26,18314052948.656067,,-0.0494,21300.0,Retail Trade,80.04162191,0.30164981,1406.12487611
395,ICLR,ICON plc,223.99,18287726468.186478,40.56878777,5.6978,38330.0,Commercial Services,36.79247845,12.86419237,-30.23114178
396,RKT,"Rocket Companies, Inc.",9.27,18267999430.23077,11.27303384,0.8872,,Finance,527.51407735,76.2511468,300.01522835
397,XYL,Xylem Inc.,101.1,18220396064.47569,58.14362759,1.7697,17300.0,Producer Manufacturing,-48.51794072,6.3473745,129.23076923
398,NIO,NIO Inc.,12.02,18210785655.70951,,-1.0118,,Consumer Durables,-374.62194244,-5.84556472,
399,FSLR,"First Solar, Inc.",170.78,18206106025.808643,203.52927826,0.8914,4800.0,Electronic Technology,20.23187489,-10.35555797,-167.00662383
400,CMS,CMS Energy Corporation,62.67,18190067440.04657,14.02977032,4.4631,9778.0,Utilities,75.16908213,-3.50661755,-132.58928571
401,MGA,"Magna International, Inc.",63.44,18132372343.65389,20.8142319,2.9865058,158000.0,Producer Manufacturing,-48.5790689,3.21885448,-639.29559328
402,IEP,Icahn Enterprises L.P. - Depositary,53.71,18125724696.01968,,-1.4262,19536.0,Energy Minerals,102.60162602,0.13026134,75.07163324
403,EXPE,"Expedia Group, Inc.",115.56,18037862207.783096,42.60984376,2.8989,14800.0,Consumer Services,166.4003455,35.76413119,16.5
404,BALL,Ball Corporation,57.44,18031574670.350857,19.46433396,3.0095,24300.0,Process Industries,-89.34169279,0.24404249,-203.0651341
405,SNAP,Snap Inc.,11.09,17889285085.777267,,-0.6902,5661.0,Technology Services,254.93894598,6.61393795,-53.94426075
406,DRI,"Darden Restaurants, Inc.",146.92,17880941995.713955,20.46567444,7.3129,178956.0,Consumer Services,-6.61828423,8.95223261,-79.31547619
407,FOX,Fox Corporation,31.41,17716044550.958252,15.84406474,1.9997,10600.0,Consumer Services,-26.82134571,11.28524402,916.66666667
408,ZS,"Zscaler, Inc.",122.6,17680419483.950756,,-2.5928,4975.0,Technology Services,56.21494143,23.74040512,16.40655635
409,MOH,Molina Healthcare Inc,302.69,17677096677.10023,20.91583814,14.5079,14000.0,Health Services,11.95175439,7.35299413,-48.61751152
410,AES,The AES Corporation,26.45,17667270915.4505,,-0.4131,8450.0,Utilities,-125.02923977,-1.92066056,-211.66666667
411,BR,"Broadridge Financial Solutions, Inc.",149.97,17644769015.495785,33.93578857,4.4626,14300.0,Technology Services,-29.53077185,7.22566025,-49.0070922
412,CAG,"ConAgra Brands, Inc.",36.97,17620733292.656338,25.76496361,1.4209,18000.0,Consumer Non-Durables,-25.8708537,6.17983859,-226.39593909
413,IEX,IDEX Corporation,232.99,17572364584.519756,31.58221987,7.594,7536.0,Producer Manufacturing,-4.87556194,17.81684028,28.26392172
414,ROL,"Rollins, Inc.",35.68,17571416976.377563,51.29592709,0.7023,16482.0,Consumer Services,-9.19753924,15.45233676,65.5327554
415,AMCR,Amcor plc,11.78,17540649797.733894,21.65639725,0.554,44000.0,Process Industries,0.60422961,6.86881188,-60.31128405
416,CLX,Clorox Company (The),142.15,17539148771.634876,42.97161732,3.2872,9000.0,Consumer Non-Durables,-43.38624339,7.5277895,1300.0
417,CINF,Cincinnati Financial Corporation,111.52,17529194758.455235,,-0.2702,5166.0,Finance,33.65057784,20.41536864,10.70234114
418,KEY,KeyCorp,18.76,17502508424.58768,9.85316246,1.9466,,Finance,,,
419,PINS,"Pinterest, Inc.",25.92,17455669672.281227,323.72881356,0.0978,3225.0,Technology Services,1329.4971665,30.82147704,-54.74777695
420,TW,Tradeweb Markets Inc.,74.38,17431587412.06133,58.63106721,1.3179,1046.0,Finance,29.97123295,52.12918054,9.48049869
421,SWKS,"Skyworks Solutions, Inc.",108.58,17390288089.571968,14.26170407,7.8355,11150.0,Electronic Technology,-17.54540645,17.04858263,-30.08130081
422,SIVB,SVB Financial Group,293.96,17374249012.663006,11.93306687,25.589,8553.0,Finance,,,
423,OMC,Omnicom Group Inc.,84.84,17300243579.414635,13.6877247,6.2708,71700.0,Commercial Services,-22.41086587,8.95488964,-9.40536339
424,MRO,Marathon Oil Corporation,27.09,17203986650.327095,5.43691185,5.2194,1531.0,Energy Minerals,1496.92307692,37.06480986,113.66223909
425,OWL,Blue Owl Capital Inc.,12.26,17182715962.38541,,-0.0261,350.0,Finance,5932.23483195,33.54829234,79.56388321
426,UI,Ubiquiti Inc.,284.11,17168431114.977484,52.71338773,5.5544,1377.0,Electronic Technology,-39.90351981,21.09077775,-65.98650566
427,PKI,"PerkinElmer, Inc.",135.28,17088018113.349882,28.99958141,4.7948,16700.0,Health Technology,60.90691825,25.86971147,-45.54147154
428,HUBS,"HubSpot, Inc.",348.99,16952603374.62064,,-2.3746,5895.0,Technology Services,187.62911362,18.41221905,13.98928442
429,ETSY,"Etsy, Inc.",134.7,16930215559.343248,,-5.099,2402.0,Retail Trade,-7.21370671,26.76472684,140.10668667
430,SEDG,"SolarEdge Technologies, Inc.",301.87,16872985922.160522,151.2014605,2.1169,3964.0,Producer Manufacturing,-32.32358003,3.30358757,-183.98043505
431,COO,"The Cooper Companies, Inc.",340.85,16822441491.223583,44.37116801,7.8237,14000.0,Health Technology,-14.07859596,13.61383146,-67.30593607
432,EXPD,"Expeditors International of Washington, Inc.",105.52,16792071330.310434,11.32559509,9.6003,19070.0,Transportation,37.01208048,5.03674248,290.92538169
433,TRGP,"Targa Resources, Inc.",73.84,16715558955.863571,72.88643838,1.0759,2430.0,Utilities,126.73729348,10.30824981,-82.89932886
434,HWM,Howmet Aerospace Inc.,40.19,16627087360.13094,39.66617575,1.0317,19900.0,Electronic Technology,196.89922481,5.02815768,9.52380952
435,RIVN,"Rivian Automotive, Inc.",18.04,16617199538.29753,,-8.2643,10422.0,Consumer Durables,-150.62429058,-8029.09090909,-45.62937063
436,DGX,Quest Diagnostics Incorporated,145.76,16600237663.132048,14.35046955,10.3444,49000.0,Health Services,15.31190926,16.96329255,-18.6440678
437,MOS,Mosaic Company (The),48.5,16513328816.410828,4.84039693,10.3345,12525.0,Process Industries,118.05825243,7.27013773,547.03748489
438,NET,"Cloudflare, Inc.",49.97,16421390135.06025,,-0.6956,2440.0,Technology Services,71.95157833,-3.04969639,118.15437433
439,FMC,FMC Corporation,130.29,16412099802.135906,25.67478349,5.1806,6400.0,Process Industries,24.00964519,14.27099025,26.55268667
440,SYF,Synchrony Financial,36.15,16287073763.783054,6.0694399,6.1467,,Finance,,,
441,ATO,Atmos Energy Corporation,115.53,16278242854.590942,20.51195868,5.6634,4791.0,Utilities,51.9667194,-34.91085194,-24.70373899
442,AGR,"Avangrid, Inc.",42.1,16276879036.691175,18.18025011,2.3216,7348.0,Utilities,15.43624161,-17.77150917,-26.34560907
443,BRO,"Brown & Brown, Inc.",57.46,16273957615.626389,24.35723951,2.3849,,Finance,-7.64677566,23.19359713,-14.06912603
444,CF,"CF Industries Holdings, Inc.",82.7,16224869393.369043,5.4531611,15.3108,3000.0,Process Industries,154.20258621,36.08137045,64.6090535
445,FICO,Fair Isaac Corporation,644.28,16206720064.898691,44.16447043,15.1348,3404.0,Technology Services,20.94256309,36.55209218,-26.12875647
446,SJM,J.M. Smucker Company (The) New,151.6,16166474007.756298,28.12523435,5.3428,6700.0,Consumer Non-Durables,-42.87530796,8.98623561,-2.83286119
447,FDS,FactSet Research Systems Inc.,420.62,16089483665.649397,38.76022667,11.2135,11203.0,Technology Services,-0.16807944,29.05533513,33.47360265
448,RCL,D/B/A Royal Caribbean Cruises Ltd.,63.01,16079019557.934494,,-11.8225,85000.0,Consumer Services,27.89758221,-268.09154297,64.98779351
449,NVR,"NVR, Inc.",5021.42,16047889413.439829,11.4374492,480.1552,6600.0,Consumer Durables,32.98775488,14.006034,32.13823567
450,ZBRA,Zebra Technologies Corporation,309.03,15955155878.73538,36.19697731,8.8405,9800.0,Electronic Technology,12.84916201,17.94279623,-83.45070423
451,AVTR,"Avantor, Inc.",23.52,15857289333.490452,27.04826038,0.9394,13500.0,Process Industries,-2.96014743,11.40656097,-4.361099
452,CHKP,Check Point Software Technologies Ltd.,126.29,15838195900.735952,21.08161098,6.1661,5805.0,Technology Services,4.05535605,54.82739524,-10.68458352
453,UAL,"United Airlines Holdings, Inc.",48.21,15761191811.244612,22.46139664,,92800.0,Transportation,3217.5,2.773885,-71.55279503
454,PTC,PTC Inc.,133.28,15747580873.066547,51.01971448,2.671,6503.0,Technology Services,22.26920065,22.21225678,21.88795497
455,BEN,"Franklin Resources, Inc.",31.26,15638066501.556644,12.15093743,2.5312,9800.0,Finance,62.15208532,22.80637569,78.30629029
456,TER,"Teradyne, Inc.",100.17,15602092314.679523,24.52172676,4.5184,,Electronic Technology,-56.71533315,13.25128485,-49.58655244
457,CPB,Campbell Soup Company,51.9,15542366678.871504,19.46474798,2.6399,14700.0,Consumer Non-Durables,23.55263158,10.96706377,-31.50684932
458,TME,Tencent Music Entertainment Group,8.32,15492199911.42972,30.42105263,0.2874,5966.0,Technology Services,-11.80960199,14.89886048,
459,EDR,"Endeavor Group Holdings, Inc.",22.05,15489528989.198734,19.4010188,1.1732,7700.0,Consumer Services,161.03029017,4.60437603,-48.32608527
460,LKQ,LKQ Corporation,57.88,15464088006.537315,13.69980266,4.2201,46000.0,Consumer Durables,-15.54420123,8.20247295,-41.67987982
461,AER,AerCap Holdings N.V.,62.8,15441234268.708162,,-4.6664,736.0,Finance,101.13293291,42.15132265,-120.0862985
462,PLTR,Palantir Technologies Inc.,7.37,15330639909.928476,,-0.2744,2920.0,Technology Services,233.24786486,22.91864071,-63.84463752
463,SPLK,Splunk Inc.,93.65,15330504517.39977,,-4.2845,7000.0,Technology Services,151.48814093,4.39011783,286.50998068
464,J,Jacobs Solutions Inc.,121.0,15319962854.4336,24.48434456,5.0097,60000.0,Industrial Services,-45.20681588,2.33162987,30.99755638
465,TPL,Texas Pacific Land Corporation,1987.79,15314919881.888798,37.18787817,55.0555,92.0,Miscellaneous,23.60176478,55.3521614,58.06849047
466,MGM,MGM Resorts International,39.86,15307048299.761032,14.02147155,2.9664,59000.0,Consumer Services,152.50573349,9.21908154,-51.08715823
467,WLK,Westlake Corporation,119.45,15234367259.249731,5.884877,20.6502,14550.0,Process Industries,124.87046632,14.73934454,2.94599018
468,AVY,Avery Dennison Corporation,185.63,15030278386.406242,18.95233858,9.9703,36000.0,Process Industries,43.98981633,9.4168857,-39.63210702
469,BURL,"Burlington Stores, Inc.",229.36,14952269762.579382,91.31908027,2.5095,62395.0,Retail Trade,987.44385501,5.15714371,-64.26797907
470,SSNC,"SS&C Technologies Holdings, Inc.",58.92,14842585445.256664,22.80111617,2.7208,24900.0,Technology Services,19.82083841,27.27578697,-4.49620802
471,PARA,Paramount Global,22.61,14826234893.18032,4.92118006,4.7629,22965.0,Consumer Services,-69.59390863,2.09543133,-47.4137931
472,FLT,"FleetCor Technologies, Inc.",201.01,14824961820.64605,16.83500297,12.3658,9700.0,Commercial Services,-22.13735256,38.30748524,64.17555033
473,GEN,Gen Digital Inc.,22.69,14779355396.853329,23.04277643,1.0162,2700.0,Technology Services,38.28571429,34.62088698,-252.54237288
474,TXT,Textron Inc.,70.6,14739265470.805202,18.0258367,,,Electronic Technology,-7.11365495,8.82741472,44.48818898
475,POOL,Pool Corporation,376.48,14701776937.510847,19.51654886,19.6479,5500.0,Distribution Services,-26.6168102,5.2087173,64.03814559
476,MTCH,"Match Group, Inc.",52.4,14635639142.95192,167.63511403,0.3845,2540.0,Technology Services,9.57112737,27.90649343,-8.88495084
477,MDB,"MongoDB, Inc.",210.41,14578416188.070488,,-5.373,3544.0,Technology Services,110.57780383,0.66080556,26.59813685
478,BG,Bunge Limited Bunge Limited,97.07,14541100880.751436,9.93040576,10.2884,22000.0,Process Industries,18.64707373,-5.42857143,-247.2972973
479,VTRS,Viatris Inc.,11.94,14479454187.264929,18.02334394,0.6628,37000.0,Health Technology,158.86933657,14.33571917,-20.68214804
480,L,Loews Corporation,60.42,14345342619.06542,15.28418204,3.9956,10340.0,Finance,36.36363636,14.9263904,19.66717095
481,GRAB,Grab Holdings Limited,3.71,14290093300.000002,,-0.6195,8834.0,Transportation,-72.90015848,-161.62962963,-47712.77523802
482,APA,APA Corporation,44.16,14197961400.876448,4.36846831,10.4986,2253.0,Energy Minerals,2670.93023256,29.84345648,25.79439252
483,LW,"Lamb Weston Holdings, Inc.",98.55,14178446312.792189,30.06330082,3.2825,8000.0,Consumer Non-Durables,-68.4729064,3.12278904,-59.11111111
484,EVRG,"Evergy, Inc.",61.69,14160100420.077744,17.81252705,3.4745,4930.0,Utilities,-420.82687339,-11.11210554,26.9005848
485,NTAP,"NetApp, Inc.",65.51,14122211289.981844,9.9290995,6.7257,12000.0,Electronic Technology,-15.88385995,15.57312253,-45.63492063
486,TRMB,Trimble Inc.,57.09,14079803420.323566,30.45304215,1.9196,11931.0,Electronic Technology,14.4993498,19.2506354,-51.91815857
487,ARES,Ares Management Corporation,81.18,14078241904.425093,93.78889015,0.9091,2100.0,Finance,149.77602964,25.69005518,101.87400564
488,WDC,Western Digital Corporation,44.24,14052848262.655104,15.50261997,2.9316,65000.0,Electronic Technology,0.79787234,4.0334167,-213.76811594
489,IPG,"Interpublic Group of Companies, Inc. (The)",35.95,13967464013.667229,14.24420919,2.5419,55600.0,Commercial Services,11.9426088,18.36104954,-94.10155062
490,BIO,"Bio-Rad Laboratories, Inc.",464.26,13907565681.148657,,-201.8073,7900.0,Health Technology,12.44941311,18.33053041,-68.3439344
491,MKTX,"MarketAxess Holdings, Inc.",367.16,13818736692.38972,55.98622784,6.6783,,Finance,,,
492,CRBG,Corebridge Financial Inc.,21.39,13796550000.0,1.17640645,18.344,,Finance,-26.02945597,11.13625051,170.81260365
493,STX,Seagate Technology Holdings PLC,66.76,13784861812.93637,24.56558895,2.8622,40000.0,Electronic Technology,13.12056738,10.94245777,-59.62441315
494,AKAM,"Akamai Technologies, Inc.",87.34,13733541697.71837,28.01384349,3.1633,8700.0,Technology Services,77.86859797,24.82743816,-0.79783539
495,AXON,"Axon Enterprise, Inc.",191.46,13625318312.185688,133.45173422,1.4665,2148.0,Electronic Technology,318.48424505,8.64137617,566.75043981
496,RE,"Everest Re Group, Ltd.",346.92,13587133649.97829,26.42599006,13.2847,1947.0,Finance,28.4933741,34.47231028,-8.64019376
497,NDSN,Nordson Corporation,235.97,13487296338.49879,27.18144791,8.9088,7331.0,Producer Manufacturing,-9.04626259,17.82445745,0.71392465
498,U,Unity Software Inc.,33.43,13473602320.489391,,-2.6874,5245.0,Technology Services,-657.72859754,-13.81210345,-336.11573871
499,LNT,Alliant Energy Corporation,53.65,13467321012.299706,20.51881457,2.6557,3313.0,Utilities,32.13872832,-15.99890978,-57.69230769
