,Ticker,Description,Gross Margin (TTM),Operating Margin (TTM),Pretax Margin (TTM),Net Margin (TTM)
0,AAPL,Apple Inc.,43.30963056,30.2887444,30.20404333,25.30964071
1,MSFT,Microsoft Corporation,68.15976952,40.57689104,40.46566778,33.04800729
2,GOOG,Alphabet Inc.,55.86562516,27.4650949,28.00354931,23.8723104
3,AMZN,"Amazon.com, Inc.",43.04437953,2.68802109,1.98330914,2.25471982
4,BRK.A,Berkshire Hathaway Inc.,19.61842541,14.35774139,-1.29648792,-0.45211381
5,TSLA,"Tesla, Inc.",26.61261237,16.71052456,16.52485206,14.93661755
6,V,Visa Inc.,77.39755524,67.14811011,60.34385663,49.23973896
7,NVDA,NVIDIA Corporation,57.83798922,27.8057831,20.1568298,20.85346216
8,XOM,Exxon Mobil Corporation,25.06652734,15.14697483,18.09236223,13.28241655
9,UNH,UnitedHealth Group Incorporated,,8.77184864,8.12649231,6.20677316
10,JNJ,Johnson & Johnson,74.05918082,25.90502858,22.86914324,18.88585955
11,JPM,JP Morgan Chase & Co.,,29.536332,29.36712404,23.84687315
12,META,"Meta Platforms, Inc.",80.30648097,29.74304703,29.94708547,24.41010879
13,WMT,Walmart Inc.,24.37744954,3.57499933,2.1489322,1.49422108
14,MA,Mastercard Incorporated,,56.60801872,52.79215227,44.68343608
15,CVX,Chevron Corporation,21.13613599,17.2254648,20.99412956,14.98886348
16,LLY,Eli Lilly and Company,75.60868004,29.28948853,22.40086185,20.63373177
17,PG,Procter & Gamble Company (The),46.59882164,21.52190431,21.86445112,17.78627571
18,HD,"Home Depot, Inc. (The)",31.96495667,15.32954842,14.39052457,10.86839044
19,BABA,Alibaba Group Holding Limited,35.09700593,11.50004655,2.75395094,0.81856573
20,BAC,Bank of America Corporation,,27.66518912,26.7070836,23.73962987
21,MRK,"Merck & Company, Inc.",71.31533275,32.92503838,28.10226287,25.56905414
22,KO,Coca-Cola Company (The),58.5386536,23.23691525,28.60978942,23.37824469
23,ABBV,AbbVie Inc.,71.20323769,37.66236012,25.56771995,23.06335288
24,PFE,"Pfizer, Inc.",62.42353247,36.01257522,33.3653721,29.99028825
25,AVGO,Broadcom Inc.,62.01548053,43.1738096,37.44842334,34.62036563
26,ORCL,Oracle Corporation,70.95478914,31.30466868,22.65752176,19.09361231
27,PEP,"PepsiCo, Inc.",53.39676999,13.89191061,14.09034942,11.61225539
28,COST,Costco Wholesale Corporation,12.04572606,3.39828938,3.42555881,2.54687743
29,TMO,Thermo Fisher Scientific Inc,43.74533022,20.87305001,17.93194014,15.92138927
30,MCD,McDonald's Corporation,55.36767361,43.72195382,32.64231556,25.41478259
31,CSCO,"Cisco Systems, Inc.",62.04364207,27.13955134,27.33844594,21.99697833
32,DIS,Walt Disney Company (The),28.03826592,8.19326713,6.39985469,3.86655364
33,NKE,"Nike, Inc.",43.91797042,12.33902305,13.26877301,11.46216915
34,ABT,Abbott Laboratories,58.23196573,19.51068655,19.02732916,15.82709092
35,DHR,Danaher Corporation,65.47615265,27.60636777,26.34806647,22.90680309
36,TMUS,"T-Mobile US, Inc.",40.81765169,14.7796661,1.80812407,1.91676136
37,ACN,Accenture plc,32.11575063,15.37093652,15.05628665,11.3040066
38,WFC,Wells Fargo & Company,,27.45629323,20.38151517,17.94836883
39,VZ,Verizon Communications Inc.,44.28910732,22.26550225,20.66064969,15.53403734
40,CMCSA,Comcast Corporation,57.14791603,18.63177053,7.645746,4.42323371
41,ADBE,Adobe Inc.,86.61083066,33.98347866,34.46535108,27.28315741
42,CRM,"Salesforce, Inc.",65.21753483,1.6405889,1.41942299,0.91767347
43,MS,Morgan Stanley,,21.29291398,21.35505873,16.71693823
44,PM,Philip Morris International Inc,64.75867318,37.86706412,36.96327773,27.65269233
45,LIN,Linde plc,27.92998253,18.23001511,15.35408583,11.38228238
46,NFLX,"Netflix, Inc.",39.37070524,17.81664719,16.64980998,14.20795779
47,TXN,Texas Instruments Incorporated,68.75873777,51.91232275,50.08987418,43.53405233
48,BMY,Bristol-Myers Squibb Company,57.34734049,20.27044375,16.5004921,14.28601994
49,UPS,"United Parcel Service, Inc.",21.67203848,13.6391134,14.20141816,11.0953538
50,COP,ConocoPhillips,38.7669899,33.76372197,36.45276173,24.08664684
51,NEE,"NextEra Energy, Inc.",46.34351359,39.06906697,13.42462875,14.52437658
52,QCOM,QUALCOMM Incorporated,57.84032035,33.48566775,33.92909663,29.3794258
53,RTX,Raytheon Technologies Corporation,20.37749351,7.94346543,8.985598,7.77648567
54,T,AT&T Inc.,42.10045379,18.27171775,-2.38202178,-6.44911487
55,SCHW,Charles Schwab Corporation (The),87.02201103,45.5193437,42.08544403,32.2006545
56,HON,Honeywell International Inc.,34.05479687,19.97194308,19.99198374,15.38835924
57,CAT,"Caterpillar, Inc.",29.07276581,13.9350053,16.27516779,13.01836807
58,AMGN,Amgen Inc.,75.62774699,36.21249761,29.53946111,26.12268297
59,PDD,Pinduoduo Inc.,75.29444185,23.73055498,28.21312215,24.16215372
60,AXP,American Express Company,,,,13.72422917
61,DE,Deere & Company,30.76688752,17.93465844,17.37872211,13.57665067
62,BA,Boeing Company (The),5.19915324,-5.33727686,-7.53974807,-7.40913117
63,SBUX,Starbucks Corporation,19.5767048,13.27164803,13.13108747,10.18241845
64,UNP,Union Pacific Corporation,45.04522613,39.86733668,36.47035176,28.13266332
65,IBM,International Business Machines Corporation,53.62223067,14.36005881,1.93312297,2.94404335
66,LOW,"Lowe's Companies, Inc.",31.52168249,10.73859077,9.65785332,6.9429825
67,GS,"Goldman Sachs Group, Inc. (The)",,21.21808074,20.88359633,17.43809716
68,SPGI,S&P Global Inc.,60.07162908,32.70738554,48.11731681,33.7818217
69,LMT,Lockheed Martin Corporation,12.68186227,12.68186227,10.12366634,8.68695441
70,INTU,Intuit Inc.,76.35175728,18.80444578,17.54280565,14.10333433
71,AMD,"Advanced Micro Devices, Inc.",39.98160154,11.91519187,11.05221658,9.95707026
72,ELV,"Elevance Health, Inc.",,5.50464574,4.96120566,3.84750471
73,INTC,Intel Corporation,42.60792337,4.2947315,12.31959907,12.70974086
74,CVS,CVS Health Corporation,17.16545525,4.90455176,1.29728392,1.00032678
75,BX,Blackstone Inc.,99.08096539,28.40199212,26.41808798,13.33676591
76,BLK,"BlackRock, Inc.",79.55879838,36.78960269,35.85475688,29.51604629
77,MDT,Medtronic plc.,61.95144118,20.29343028,18.27447416,14.02557777
78,GILD,"Gilead Sciences, Inc.",76.41659573,36.52614827,16.81039269,12.33946482
79,C,"Citigroup, Inc.",,20.7898773,18.02818252,14.36733129
80,EL,"Estee Lauder Companies, Inc. (The)",75.19128217,19.02388129,16.0677023,12.6767911
81,CI,Cigna Corporation,,4.54601002,4.63099774,3.67446924
82,BKNG,Booking Holdings Inc. Common Stock,,29.87142679,20.51554113,15.23530146
83,SYK,Stryker Corporation,60.42455984,19.14976599,14.9264542,13.68954758
84,TJX,"TJX Companies, Inc. (The)",27.52211806,9.22599645,9.21444788,6.90037267
85,CB,Chubb Limited,,18.06691802,17.68751037,14.56451116
86,ADP,"Automatic Data Processing, Inc.",47.83733012,23.87112111,23.54759033,18.24064196
87,AMAT,"Applied Materials, Inc.",46.24489001,29.91629356,29.58536111,25.40393226
88,PYPL,"PayPal Holdings, Inc.",42.23851015,13.1446094,11.07662391,8.59728507
89,NOW,"ServiceNow, Inc.",78.26086957,4.98274672,5.50724638,4.48585231
90,MDLZ,"Mondelez International, Inc.",34.8534095,13.74963065,11.74365541,10.29909058
91,GE,General Electric Company,31.29988374,4.02727522,1.84578005,1.13516126
92,ADI,"Analog Devices, Inc.",54.1905566,29.37089899,25.79291762,22.87807352
93,ISRG,"Intuitive Surgical, Inc.",71.62418437,25.34634052,25.82366366,21.2513259
94,MMC,"Marsh & McLennan Companies, Inc.",,21.90054824,19.63066269,14.6676926
95,VRTX,Vertex Pharmaceuticals Incorporated,87.80043075,46.18008872,47.03328763,38.23403876
96,REGN,"Regeneron Pharmaceuticals, Inc.",83.09142099,47.09559306,44.03655672,39.17010693
97,SLB,Schlumberger N.V.,21.09951732,17.51845542,15.15829074,12.21252129
98,MO,"Altria Group, Inc.",67.81692523,57.83190759,33.66197864,22.64752791
99,PGR,Progressive Corporation (The),,,,1.47418792
100,DUK,Duke Energy Corporation (Holding Company),26.57103094,21.34318239,13.98850944,13.92427649
101,TGT,Target Corporation,23.27241287,4.45360142,4.03969794,3.17142042
102,EOG,"EOG Resources, Inc.",55.11469312,48.00234208,32.86147276,25.71812358
103,ZTS,Zoetis Inc.,68.07793181,35.39403022,32.0969152,25.81491195
104,USB,U.S. Bancorp,,26.64820343,26.25975614,20.86465489
105,SO,Southern Company (The),25.53206685,20.55420654,13.89801457,12.1804028
106,HCA,"HCA Healthcare, Inc.",15.02996696,15.02996696,14.24468315,9.36861853
107,BDX,"Becton, Dickinson and Company",45.70795548,14.26215993,10.25350371,9.31574608
108,ITW,Illinois Tool Works Inc.,39.60358056,23.26086957,22.46163683,17.49360614
109,APD,"Air Products and Chemicals, Inc.",26.46424241,18.56229428,21.69157598,17.66618895
110,MRNA,"Moderna, Inc.",77.4061337,61.65261224,62.79738069,55.42469496
111,ABNB,"Airbnb, Inc.",72.22291133,21.58776534,21.38505414,20.28529263
112,MU,"Micron Technology, Inc.",41.33893062,25.46398586,25.31300633,22.77949624
113,NOC,Northrop Grumman Corporation,20.4196492,9.8382602,15.94448391,13.37631823
114,FISV,"Fiserv, Inc.",52.67522894,18.33784484,13.48845246,11.985256
115,PNC,"PNC Financial Services Group, Inc. (The)",,32.04222242,33.00503489,26.58775727
116,AON,Aon plc,,28.95647277,28.02317161,22.48773031
117,BSX,Boston Scientific Corporation,61.27158431,14.72905228,6.8910639,5.19614864
118,LRCX,Lam Research Corporation,45.26477799,31.71150532,30.49730188,26.94729384
119,TFC,Truist Financial Corporation,,30.83567855,29.9757661,24.46841776
120,ETN,"Eaton Corporation, PLC",32.89695527,15.25835565,13.30953089,11.36070614
121,CME,CME Group Inc.,80.03387848,60.07985642,69.81991974,53.52598359
122,FCX,"Freeport-McMoRan, Inc.",35.80392985,33.51785337,28.37523769,14.59539404
123,WM,"Waste Management, Inc.",27.16938429,17.17504244,15.0043722,11.54775989
124,CSX,CSX Corporation,,39.14360735,,28.06167104
125,GD,General Dynamics Corporation,16.9056259,10.68591875,10.24183521,8.60253254
126,MMM,3M Company,43.57708376,11.75319174,18.67422361,16.87750153
127,HUM,Humana Inc.,,4.14529868,3.91348562,3.06933616
128,CL,Colgate-Palmolive Company,59.30316692,20.92168976,14.80492013,9.93488061
129,MPC,Marathon Petroleum Corporation,11.55700461,10.01641751,9.97999838,6.91847895
130,SHW,Sherwin-Williams Company (The),40.75236242,13.54739965,11.61728122,9.12054323
131,CHTR,"Charter Communications, Inc.",43.36011255,22.66298915,13.81289104,9.35729888
132,ICE,Intercontinental Exchange Inc.,68.89588535,41.20073825,36.40212789,27.66257735
133,ATVI,"Activision Blizzard, Inc",71.115944,27.33451135,26.13837162,22.75383988
134,UBER,"Uber Technologies, Inc.",28.45979069,-5.40484715,-31.3584412,-30.44960066
135,MELI,"MercadoLibre, Inc.",47.15782484,7.33746296,4.53208778,2.80263354
136,OXY,Occidental Petroleum Corporation,46.65883143,36.50380569,38.46821133,35.95533915
137,SCCO,Southern Copper Corporation,46.96009471,45.72940814,42.90191319,25.55888293
138,MCO,Moody's Corporation,64.89417527,37.09987756,34.09130663,27.1995802
139,NTES,"NetEase, Inc.",54.86898979,20.75591655,27.19820509,22.38651818
140,BN,Brookfield Corporation,15.58686368,13.58983078,8.20469143,3.81587792
141,MET,"MetLife, Inc.",,4.5499586,3.3093076,3.25908431
142,EPD,Enterprise Products Partners L.P.,11.85129545,11.62524118,9.42361502,9.00176572
143,KLAC,KLA Corporation,60.32013141,40.49090479,38.37901704,33.89631385
144,PXD,Pioneer Natural Resources Company,44.25257212,42.93322574,36.61085334,28.68670567
145,NSC,Norfolk Southern Corporation,37.33228717,37.33228717,32.40486465,25.64927423
146,MAR,Marriott International,20.62603648,16.12769486,14.36048922,11.1577529
147,VLO,Valero Energy Corporation,10.20296122,9.63697901,8.66348962,6.50709742
148,MCK,McKesson Corporation,4.58520662,1.22009948,1.16679594,0.75764538
149,MNST,Monster Beverage Corporation,50.50859169,25.52800705,25.66939813,19.46379374
150,SNPS,"Synopsys, Inc.",75.83769231,23.25891759,21.99978819,19.41782842
151,EMR,Emerson Electric Company,39.6821354,18.04289135,20.80892466,16.45866232
152,D,"Dominion Energy, Inc.",53.23284885,24.18804952,13.82857826,11.00544291
153,DG,Dollar General Corporation,31.3335751,8.79442722,8.31120994,6.48681783
154,F,Ford Motor Company,11.52923499,3.88833237,4.63700111,5.93926293
155,VMW,"Vmware, Inc.",80.95093422,16.36032204,13.58043445,10.67902172
156,GM,General Motors Company,12.89034108,6.26583611,7.63869548,6.57287839
157,SHOP,Shopify Inc.,50.50153387,-9.14723036,-66.67338429,-61.16472923
158,SRE,DBA Sempra,26.64023786,22.4909151,11.423852,15.22960026
159,PSX,Phillips 66,6.87478445,5.34500172,8.44890871,6.40673499
160,CDNS,"Cadence Design Systems, Inc.",89.33519308,30.80782805,29.95426037,22.85784906
161,KHC,The Kraft Heinz Company,29.9744305,17.25941423,5.40446304,4.71098714
162,BIDU,"Baidu, Inc.",47.98398407,10.62362858,6.67961048,3.48235971
163,ORLY,"O'Reilly Automotive, Inc.",51.66365746,20.97306938,19.89514017,15.38786756
164,SNOW,Snowflake Inc.,63.82157587,-40.55780923,-39.74842253,-38.7917036
165,KDP,Keurig Dr Pepper Inc.,49.89373397,19.78746794,16.63613045,13.38219128
166,AEP,"American Electric Power Company, Inc.",26.06257539,18.10371996,14.15390634,13.37687601
167,SQ,"Block, Inc.",31.54592201,-0.18998516,-3.11015501,-2.97037853
168,PANW,"Palo Alto Networks, Inc.",66.04727116,-1.56252686,-1.40266437,-2.46497636
169,EW,Edwards Lifesciences Corporation,77.92050412,30.81956822,31.40310974,27.19713636
170,AIG,"American International Group, Inc. New",,31.32274594,32.32379789,23.33299399
171,JCI,Johnson Controls International plc,32.86691174,9.38772283,6.75916044,6.05557532
172,KKR,KKR & Co. Inc.,40.0524776,-24.12644901,-1.13265746,-5.66345034
173,HES,Hess Corporation,39.53040126,35.76309795,32.24986858,19.476082
174,APH,Amphenol Corporation,31.91212935,20.65578186,19.54670406,15.06999073
175,NXPI,NXP Semiconductors N.V.,52.53634395,27.96937829,24.51283637,20.62326013
176,FDX,FedEx Corporation,21.2422017,6.17381046,4.54028547,3.53593861
177,GIS,"General Mills, Inc.",30.80775745,14.13420629,17.79348589,15.02024041
178,AZO,"AutoZone, Inc.",51.55666868,19.55094139,18.30714552,14.56801426
179,HSY,The Hershey Company,42.98540466,21.55110371,18.79395832,15.69467766
180,AFL,AFLAC Incorporated,,26.46693425,25.382263,24.15424312
181,WDAY,"Workday, Inc.",72.21330208,-3.97790721,-4.47300461,-5.28823448
182,ADM,Archer-Daniels-Midland Company,6.65999195,3.40901283,5.13658628,4.26003907
183,ADSK,"Autodesk, Inc.",89.5924623,17.86706166,15.9661791,12.73632455
184,A,"Agilent Technologies, Inc.",53.82593458,23.10163551,21.96261682,18.31191589
185,ROP,"Roper Technologies, Inc.",69.15779732,28.29352508,23.9810629,18.45299541
186,CTVA,"Corteva, Inc.",35.99275235,10.23437957,10.95329943,8.18867263
187,CMG,"Chipotle Mexican Grill, Inc.",19.68604651,12.91732098,12.42710661,9.61234917
188,CTAS,Cintas Corporation,46.49781413,20.26009546,19.05316515,15.28067675
189,LVS,Las Vegas Sands Corp.,8.71046229,-18.73479319,-33.74695864,-25.93673966
190,FIS,"Fidelity National Information Services, Inc.",38.73817906,9.44294885,8.92524332,6.46786774
191,TRV,"The Travelers Companies, Inc.",,10.06695037,9.0911555,7.66270024
192,COF,Capital One Financial Corporation,,24.11965857,24.11965857,18.98248453
193,KMB,Kimberly-Clark Corporation,30.82527881,13.17967782,11.59851301,9.58612144
194,ECL,Ecolab Inc.,38.46713541,10.44073999,9.87882892,8.1282598
195,NUE,Nucor Corporation,32.07356961,25.39704277,24.67895729,18.26194285
196,CNC,Centene Corporation,,2.91902737,1.84735154,1.42277859
197,MSI,"Motorola Solutions, Inc.",45.47851003,20.20630372,15.70200573,13.46704871
198,IQV,"IQVIA Holdings, Inc.",27.51030676,13.32541402,10.22989309,8.2593809
199,NEM,Newmont Corporation,13.49971172,9.20846718,6.79515691,7.9729841
200,STZ,"Constellation Brands, Inc.",51.98033267,32.52536876,6.53938697,1.06078042
201,MCHP,Microchip Technology Incorporated,56.29508411,32.95280487,29.67074687,24.14217451
202,EXC,Exelon Corporation,15.5835141,9.11930586,10.89370933,8.72885033
203,PAYX,"Paychex, Inc.",70.46794552,39.95806344,39.65910978,30.44760007
204,AJG,Arthur J. Gallagher & Co.,91.89179628,19.6113345,15.64803132,13.13868613
205,BIIB,Biogen Inc.,70.02734958,22.2339632,35.15042268,29.6773993
206,ROST,"Ross Stores, Inc.",25.44871442,10.39220263,10.15769598,7.73862764
207,DOW,Dow Inc.,14.20688201,9.77118555,10.70261151,8.01553548
208,DVN,Devon Energy Corporation,47.92133191,46.12988025,38.37990459,30.43033784
209,DXCM,"DexCom, Inc.",63.49541679,9.53881409,8.69736465,8.23546262
210,PH,Parker-Hannifin Corporation,29.36565698,17.05132034,9.46526036,7.66798105
211,KMI,"Kinder Morgan, Inc.",29.96147881,24.56851268,16.6841763,12.69698334
212,MSCI,MSCI Inc,76.84706187,53.25888566,46.07718726,38.22584681
213,ET,Energy Transfer LP,9.84755543,8.6695747,6.5555707,5.13222465
214,LHX,"L3Harris Technologies, Inc.",29.28596887,12.21337769,7.88879648,6.71260544
215,TT,Trane Technologies plc,30.88635058,14.78779113,13.19937238,10.71666096
216,BK,The Bank of New York Mellon Corporation,,19.69346734,16.72361809,12.92964824
217,LULU,lululemon athletica inc.,56.1359561,21.68047507,21.4945433,15.66049032
218,TEAM,Atlassian Corporation,82.7851481,-5.38967042,-5.94643304,-7.601602
219,IDXX,"IDEXX Laboratories, Inc.",58.67255556,25.66495581,25.11013981,20.0504155
220,FTNT,"Fortinet, Inc.",74.61444607,20.06100537,19.38994632,18.11859444
221,TEL,TE Connectivity Ltd. New Switzerland Registered Shares,31.70387635,17.16756624,15.58513248,13.84936212
222,APO,"Apollo Global Management, Inc. (New)",80.7527675,-190.49375949,-238.12111569,-136.25732769
223,SYY,Sysco Corporation,17.84785888,3.59023723,2.57333736,2.02832059
224,RSG,"Republic Services, Inc.",28.72861108,18.0598619,13.41519048,11.24148889
225,HLT,Hilton Worldwide Holdings Inc.,28.81728305,23.45905041,19.13828878,13.10875137
226,SE,Sea Limited,39.26999097,-19.45914577,-19.56808622,-22.05990912
227,TDG,Transdigm Group Inc.,54.38641721,40.8330878,20.75353565,14.34516794
228,PRU,"Prudential Financial, Inc.",,-0.25508546,0.52804315,0.47605121
229,ANET,"Arista Networks, Inc.",61.82366012,33.68707122,34.68610003,29.6332747
230,PCAR,PACCAR Inc.,18.26624313,12.47121733,13.34648782,10.44359984
231,WMB,"Williams Companies, Inc. (The)",30.82940706,25.11334341,21.5041337,17.79713752
232,XEL,Xcel Energy Inc.,20.44816097,15.95348533,10.459267,11.34121644
233,LNG,"Cheniere Energy, Inc.",33.87537318,32.66848758,-10.20135933,-12.17048847
234,MFC,Manulife Financial Corporation,,46.21461488,42.72547729,35.2064328
235,HAL,Halliburton Company,16.36202394,13.33694635,10.39562497,7.74498694
236,AMP,"Ameriprise Financial, Inc.",43.55180986,20.48747954,19.29303341,15.51567332
237,CARR,Carrier Global Corporation,27.39009243,21.22842193,21.12572742,17.54609027
238,YUM,"Yum! Brands, Inc.",50.63309996,31.1485178,24.46000298,19.12706689
239,DD,"DuPont de Nemours, Inc.",30.66835871,15.36943034,11.31556684,8.19937958
240,MRVL,"Marvell Technology, Inc.",51.34486569,6.05318752,1.88864693,-2.42864657
241,EA,Electronic Arts Inc.,72.78751898,18.84578213,18.08642828,12.43959685
242,ODFL,"Old Dominion Freight Line, Inc.",34.56848088,29.03456931,28.82646984,21.55825037
243,WBD,"Warner Bros. Discovery, Inc. - Series A",22.51327025,-4.82344796,-23.9864605,-20.06308178
244,BNTX,BioNTech SE,81.87760185,72.05290394,78.31702849,55.71731028
245,CMI,Cummins Inc.,23.60250822,9.04641737,9.76906018,7.31819225
246,MPLX,MPLX LP,43.48250755,39.41573433,35.49991121,35.14473451
247,GOLD,Barrick Gold Corporation,33.5787433,33.37388169,31.94491971,16.30299279
248,ABC,AmerisourceBergen Corporation,3.18645685,1.15409051,0.91499409,0.71203375
249,ALL,Allstate Corporation (The),,0.67354656,-0.08862455,0.21860722
250,ED,"Consolidated Edison, Inc.",38.13559322,18.57123941,12.84427966,11.21557203
251,OTIS,Otis Worldwide Corporation,28.78031126,14.81722765,13.60839667,8.95403547
252,MTD,"Mettler-Toledo International, Inc.",56.8416134,27.85882871,26.4551019,21.47941803
253,CTSH,Cognizant Technology Solutions Corporation,33.31612104,15.53237633,15.69245069,12.10885056
254,ILMN,"Illumina, Inc.",66.32609621,11.13239676,-86.90932312,-88.39931886
255,DLTR,"Dollar Tree, Inc.",31.3755796,7.99087088,7.29390862,5.84076037
256,RMD,ResMed Inc.,55.83121085,28.00767948,26.56972982,21.50958939
257,AME,"AMETEK, Inc.",34.91038064,24.28011574,23.04810663,18.81266787
258,IBKR,"Interactive Brokers Group, Inc.",92.25621415,74.47418738,47.75334608,9.08221797
259,DHI,"D.R. Horton, Inc.",30.64602797,22.15305053,21.96780102,16.84672088
260,GEHC,GE HealthCare Technologies Inc.,,,,
261,ROK,"Rockwell Automation, Inc.",39.70084494,17.02189744,15.97269798,13.58884575
262,ALB,Albemarle Corporation,41.44332625,32.03928608,27.93135753,27.77499271
263,CSGP,"CoStar Group, Inc.",77.75365812,21.93795372,21.75462228,15.9738449
264,KR,Kroger Company (The),19.53523934,3.06108517,2.04390923,1.59539608
265,KEYS,Keysight Technologies Inc.,63.46863469,24.79704797,23.70848708,20.73800738
266,BF.A,Brown Forman Inc,59.61350294,30.57729941,28.57142857,21.67318982
267,CPRT,"Copart, Inc.",43.83809767,37.8436962,37.05835201,30.01023113
268,WBA,"Walgreens Boots Alliance, Inc.",19.4115778,-3.5163106,-3.85750166,-2.2430854
269,PCG,Pacific Gas & Electric Co.,11.77398404,11.77398404,4.57413249,8.22508814
270,STT,State Street Corporation,,26.2138906,25.56084819,21.30454825
271,GFS,GlobalFoundries Inc.,25.47746371,12.29946524,11.77743825,10.47873695
272,DFS,Discover Financial Services,,36.8171326,36.8171326,28.03282893
273,BKR,Baker Hughes Company,20.6844394,8.82019285,0.09926262,-2.84552846
274,GLW,Corning Incorporated,32.35987791,12.22253052,16.28052164,12.75665927
275,LYB,LyondellBasell Industries NV,14.4735601,11.77203011,9.91001189,8.03478786
276,ON,ON Semiconductor Corporation,47.08689132,31.74613011,25.59396185,21.36403634
277,PEG,Public Service Enterprise Group Incorporated,16.20711429,16.20711429,6.63018312,7.24058093
278,OKE,"ONEOK, Inc.",13.69668204,12.94495311,9.0298985,6.84618131
279,PPG,"PPG Industries, Inc.",33.93949694,9.37004305,7.82347609,5.8237027
280,GPN,Global Payments Inc.,57.17268143,21.62298441,1.86671649,0.79224926
281,APTV,Aptiv PLC,13.21910145,6.58894188,4.21009245,2.21397868
282,URI,"United Rentals, Inc.",39.78697818,27.761553,24.06802955,18.08108572
283,NDAQ,"Nasdaq, Inc.",53.37295214,26.67844523,23.69097334,18.08544812
284,WEC,"WEC Energy Group, Inc.",18.68865587,16.20946012,18.02530057,14.94226753
285,CPNG,"Coupang, Inc.",20.83698962,-2.91171774,-2.90561914,-2.9464355
286,GWW,"W.W. Grainger, Inc.",37.84917146,14.12242137,13.676023,9.76665539
287,MBLY,Mobileye Global Inc.,46.35416667,-6.51041667,-6.640625,-9.50520833
288,ENPH,"Enphase Energy, Inc.",40.29476156,17.33550611,16.56385592,14.67121035
289,DELL,Dell Technologies Inc.,19.97259828,5.12776293,2.15956234,1.72458394
290,IFF,"International Flavors & Fragrances, Inc.",27.95596737,9.87566326,-11.92682347,-13.89086877
291,ES,Eversource Energy (D/B/A),25.87688055,18.30033246,15.3132119,11.85039434
292,LEN,Lennar Corporation,28.2343702,20.94529524,17.65633323,13.43234295
293,FAST,Fastenal Company,44.29355222,20.82312662,20.62687123,15.57007177
294,HPQ,HP Inc.,18.24461405,7.20381284,7.15067787,5.15731169
295,AWK,"American Water Works Company, Inc.",39.87408185,32.31899265,45.22560336,34.57502623
296,VRSK,"Verisk Analytics, Inc.",53.60522238,37.6743266,41.61748706,34.11361314
297,FERG,Ferguson plc,29.44029097,9.80669496,9.39246986,7.27082912
298,ALNY,"Alnylam Pharmaceuticals, Inc.",83.84721693,-82.31909487,-122.82775429,-123.02017446
299,WTW,Willis Towers Watson Public Limited Company,76.11098579,14.25671103,14.0424092,11.47078728
300,CEG,Constellation Energy Corporation,4.99138655,2.6237908,-2.33667565,-0.66699059
301,EFX,"Equifax, Inc.",47.58566076,22.0322942,17.89508247,13.71730985
302,VEEV,Veeva Systems Inc.,71.85714217,22.6214513,23.7444215,19.07735043
303,EBAY,eBay Inc.,72.62110287,24.59632375,-36.46795978,-28.8209607
304,MTB,M&T Bank Corporation,,30.55279054,30.06509345,22.90633432
305,CBRE,CBRE Group Inc,20.02111726,5.41798169,8.06394656,6.47207441
306,ZBH,"Zimmer Biomet Holdings, Inc.",61.64105862,16.21485593,4.74785745,4.70731332
307,IT,"Gartner, Inc.",65.64863307,17.35312782,17.05701773,14.40824689
308,CDW,CDW Corporation,18.79080651,6.9991152,5.84510615,4.37198341
309,CQP,"Cheniere Energy Partners, LP",7.56394562,6.93898589,3.17634173,-1.63004961
310,EIX,Edison International,20.65315996,16.42576353,3.33232537,4.96522528
311,SGEN,Seagen Inc.,79.15700389,-33.85175684,-34.08913515,-34.15914164
312,ULTA,"Ulta Beauty, Inc.",39.74110292,15.69703832,16.13295789,12.26443296
313,YUMC,"Yum China Holdings, Inc.",14.21408105,8.02292264,12.70978305,8.84158821
314,FANG,"Diamondback Energy, Inc.",70.22314478,68.24078879,59.95848469,45.21017125
315,TROW,"T. Rowe Price Group, Inc.",84.68343505,33.71093028,30.02589236,23.45416435
316,CCEP,Coca-Cola Europacific Partners plc,36.56907404,13.42362426,11.3325519,8.73367243
317,FRC,FIRST REPUBLIC BANK,,31.66691318,31.66691318,24.62653454
318,HZNP,Horizon Therapeutics Public Limited Company,75.12024248,20.89221633,15.76834557,15.51423093
319,DAL,"Delta Air Lines, Inc.",14.97568305,6.99656004,3.78593175,2.60567
320,TSCO,Tractor Supply Company,32.58876611,10.10187672,9.88622301,7.66443992
321,FITB,Fifth Third Bancorp,,31.59222281,32.52758802,25.68575933
322,HRL,Hormel Foods Corporation,16.75751272,9.70013499,10.25863153,8.02633896
323,HIG,"Hartford Financial Services Group, Inc. (The)",,12.01606353,10.94666546,8.82140601
324,TTD,"The Trade Desk, Inc.",81.90079155,-0.80038795,-0.76430406,-0.65848046
325,RJF,"Raymond James Financial, Inc.",96.19574187,19.99504869,17.46162733,12.95593332
326,CRWD,"CrowdStrike Holdings, Inc.",73.41994291,-7.11044735,-7.09732618,-8.73486826
327,VMC,Vulcan Materials Company (Holding Company),21.69244464,14.55296539,11.21202849,8.49838656
328,ACGL,Arch Capital Group Ltd.,,11.72162421,12.34685432,14.23701682
329,FE,FirstEnergy Corp.,23.84022777,14.52855468,12.89566237,10.37514654
330,GPC,Genuine Parts Company,33.34394671,7.79082832,7.39689192,5.55178697
331,DTE,DTE Energy Company,12.32494445,9.99431554,5.74647305,5.76714382
332,RPRX,Royalty Pharma plc,,41.94588842,39.78229714,22.55499191
333,DDOG,"Datadog, Inc.",79.24406243,-1.01912724,-0.24048583,-0.9110914
334,FTV,Fortive Corporation,57.57591789,16.14291257,13.97030297,12.27206997
335,K,Kellogg Company,29.55780715,10.55492183,12.74240086,10.00469704
336,VRSN,"VeriSign, Inc.",85.70437992,65.88157088,60.9801663,59.05281345
337,PFG,Principal Financial Group Inc,,36.09938951,36.09938951,28.67117715
338,SIRI,Sirius XM Holdings Inc.,44.32840795,22.50861015,16.98700144,12.95411621
339,ANSS,"ANSYS, Inc.",86.52585831,28.50444353,27.32354762,23.13318748
340,BAX,Baxter International Inc.,38.18860244,12.3880597,-15.56309362,-16.11940299
341,TSN,"Tyson Foods, Inc.",12.032206,7.8844638,7.78686986,6.07709921
342,AEE,Ameren Corporation,26.43508584,19.25965665,16.33583691,13.89484979
343,IR,Ingersoll Rand Inc.,32.02192107,13.12462794,10.87649263,9.62986308
344,LH,Laboratory Corporation of America Holdings,29.48285241,16.60102106,14.57594684,11.50818877
345,DASH,"DoorDash, Inc.",42.02802968,-13.68507832,-14.72382523,-14.50948063
346,ETR,Entergy Corporation,22.66258883,11.58891138,8.48636072,9.42071978
347,PPL,PPL Corporation,22.84063689,18.83894603,12.72368606,9.97604622
348,RF,Regions Financial Corporation,,37.59488614,38.30070582,29.89745639
349,MLM,"Martin Marietta Materials, Inc.",22.90716112,19.42044462,16.60033007,13.34660065
350,ZM,"Zoom Video Communications, Inc.",72.68287161,14.42839615,9.83206615,16.06484985
351,HBAN,Huntington Bancshares Incorporated,,34.8023168,34.8023168,28.17929992
352,RBLX,Roblox Corporation,19.39577852,-34.38365337,-35.61951168,-35.11522622
353,BMRN,BioMarin Pharmaceutical Inc.,72.73625185,-1.5778965,5.08829116,4.24590979
354,PWR,"Quanta Services, Inc.",12.47695606,4.67249424,3.49294483,2.61394745
355,TECK,Teck Resources Ltd,48.15522268,45.99376696,36.42806876,22.81089776
356,LUV,Southwest Airlines Company,19.55992273,3.90526581,3.05282607,2.26337449
357,STLD,"Steel Dynamics, Inc.",25.16118712,22.71014476,22.55568023,17.35193035
358,CFG,"Citizens Financial Group, Inc.",,31.69099089,29.13420388,22.74772303
359,ALGN,"Align Technology, Inc.",71.7108166,19.43021345,18.21190776,13.21765148
360,HPE,Hewlett Packard Enterprise Company,31.77387221,6.91973815,3.11655045,3.0880888
361,BIP,Brookfield Infrastructure Partners LP Limited Partnership,27.11330613,23.88519075,14.57304416,2.4694009
362,QSR,Restaurant Brands International Inc.,56.40899011,31.66443459,23.19728677,15.10940566
363,STE,STERIS plc (Ireland),45.21612883,14.4885396,1.16738352,-0.17039085
364,NU,Nu Holdings Ltd.,51.17189295,-5.68433125,-5.68433125,-4.30530054
365,CAH,"Cardinal Health, Inc.",3.32247766,0.84118097,-0.54973556,-0.58502987
366,HOLX,"Hologic, Inc.",60.87644978,33.7048614,32.65813934,26.77469771
367,HEI,Heico Corporation,42.51282195,22.25612931,22.23511789,15.92498739
368,DOV,Dover Corporation,36.18023001,16.0779513,17.04691067,13.9335034
369,MKC,"McCormick & Company, Incorporated",35.79088261,14.42091174,12.79899221,10.73931187
370,NTRS,Northern Trust Corporation,,22.75250866,22.75250866,17.05761873
371,PODD,Insulet Corporation,63.89447438,5.13150487,1.68101021,1.35124266
372,LCID,"Lucid Group, Inc.",-213.71543809,-618.24974792,-498.04542801,-498.19349361
373,CHD,"Church & Dwight Company, Inc.",39.77167832,18.32225006,17.16745474,13.87826611
374,TDY,Teledyne Technologies Incorporated,44.65175719,18.65267001,16.57873117,14.39707896
375,CTRA,Coterra Energy Inc.,63.26496559,59.25080058,55.28698622,43.09260386
376,WST,"West Pharmaceutical Services, Inc.",40.06949462,26.80703203,25.22104104,21.69470534
377,WAT,Waters Corporation,57.62028818,29.55057722,27.61691518,23.62565447
378,EPAM,"EPAM Systems, Inc.",29.1527357,10.92164219,9.91403911,8.65067427
379,JBHT,"J.B. Hunt Transport Services, Inc.",11.15060829,8.84692243,8.64975082,6.54348633
380,MPWR,"Monolithic Power Systems, Inc.",58.33788249,28.30400326,27.90152277,23.41934827
381,BBY,"Best Buy Co., Inc.",21.31321983,4.36070773,4.12493741,3.23401769
382,SPOT,Spotify Technology S.A.,25.08178501,-3.70568869,-0.62492635,-1.62593167
383,PAYC,"Paycom Software, Inc.",76.16943601,26.47891278,26.79839267,19.39560917
384,TTWO,"Take-Two Interactive Software, Inc.",52.03450742,0.58574928,-3.08189402,-2.43768069
385,CNP,"CenterPoint Energy, Inc (Holding Co)",20.90415077,14.71846456,15.44687247,11.11111111
386,MKL,Markel Corporation,,0.41330489,0.79293202,-0.79511624
387,WAB,Westinghouse Air Brake Technologies Corporation,27.88780908,12.86751138,10.81313815,8.16336573
388,GRMN,Garmin Ltd.,57.30257174,21.75278707,21.10868872,19.54189632
389,INCY,Incyte Corporation,92.95304895,18.7989749,17.06866363,26.30158389
390,WMG,Warner Music Group Corp.,42.23686434,12.77242777,12.50211184,9.24142592
391,WRB,W.R. Berkley Corporation,,16.13096444,15.3968463,12.36508361
392,LPLA,LPL Financial Holdings Inc.,30.95760139,11.7409347,9.91401404,7.59045568
393,LYV,"Live Nation Entertainment, Inc.",23.9689282,4.60281176,3.19581292,1.26109678
394,CHWY,"Chewy, Inc.",26.58412832,-0.21520762,-0.20942022,-0.20942022
395,ICLR,ICON plc,20.79561563,10.94870445,6.9257832,6.05813422
396,RKT,"Rocket Companies, Inc.",98.23880179,49.92309208,41.48064065,2.21213091
397,XYL,Xylem Inc.,37.68684604,11.93946188,7.04409567,5.96038864
398,NIO,NIO Inc.,14.46814798,-27.36089374,-24.99474904,-25.10723552
399,FSLR,"First Solar, Inc.",10.06561561,-0.70203114,7.22338186,3.75367387
400,CMS,CMS Energy Corporation,18.72829601,13.85462819,10.02275177,9.35217339
401,MGA,"Magna International, Inc.",8.86580185,4.59452817,3.23863584,2.56351426
402,IEP,Icahn Enterprises L.P. - Depositary,13.41991342,4.43172647,-3.5585883,-3.03030303
403,EXPE,"Expedia Group, Inc.",78.53107345,10.78742938,7.29166667,4.95233051
404,BALL,Ball Corporation,11.85094291,6.71015242,7.14931542,6.20640661
405,SNAP,Snap Inc.,57.59184191,-24.62688563,-23.49701532,-24.31834195
406,DRI,"Darden Restaurants, Inc.",15.56728496,10.9560915,10.4202556,9.12122912
407,FOX,Fox Corporation,32.12237094,18.29190567,11.23858084,7.85355145
408,ZS,"Zscaler, Inc.",77.93642478,-26.4926886,-29.50088694,-30.23404226
409,MOH,Molina Healthcare Inc,,4.04043646,3.59756098,2.69255456
410,AES,The AES Corporation,20.69273199,19.19208306,-6.55418559,-2.23069435
411,BR,"Broadridge Financial Solutions, Inc.",27.68973426,13.26803359,11.19867561,9.00688062
412,CAG,"ConAgra Brands, Inc.",25.190808,15.13092875,6.31763406,5.66153693
413,IEX,IDEX Corporation,45.21710953,24.87362281,23.95009721,18.65521711
414,ROL,"Rollins, Inc.",47.80637899,17.4474035,17.65466969,13.12077383
415,AMCR,Amcor plc,19.12914532,9.90159073,7.69075222,5.62820167
416,CLX,Clorox Company (The),35.17966198,9.65771907,7.64096009,5.75202386
417,CINF,Cincinnati Financial Corporation,,-1.1823825,-1.98049069,-0.42861366
418,KEY,KeyCorp,,29.05716777,29.05716777,23.80122058
419,PINS,"Pinterest, Inc.",77.09038896,2.5938846,2.2410733,2.20636936
420,TW,Tradeweb Markets Inc.,84.85019043,33.9244019,36.50289693,22.96409244
421,SWKS,"Skyworks Solutions, Inc.",45.66865976,28.3961645,26.91592533,23.24631763
422,SIVB,SVB Financial Group,,30.58499656,29.89676531,23.01445286
423,OMC,Omnicom Group Inc.,18.07407822,15.24501289,13.35523367,9.12599462
424,MRO,Marathon Oil Corporation,55.88733864,45.79475812,49.18503064,48.71560829
425,OWL,Blue Owl Capital Inc.,80.52042879,9.48216876,-6.39124182,-0.85521189
426,UI,Ubiquiti Inc.,36.49732705,24.41443883,22.99017657,19.62543497
427,PKI,"PerkinElmer, Inc.",49.40839698,22.20280697,18.31035156,13.25151326
428,HUBS,"HubSpot, Inc.",81.23211954,-6.36898458,-6.54903868,-6.9594958
429,ETSY,"Etsy, Inc.",70.60660927,15.88378718,-26.06997794,-25.94009149
430,SEDG,"SolarEdge Technologies, Inc.",26.85867396,7.83195477,5.79994458,4.10984408
431,COO,"The Cooper Companies, Inc.",59.47408191,16.4092489,14.3660269,11.66389603
432,EXPD,"Expeditors International of Washington, Inc.",13.858616,11.1330967,11.25130275,8.36196111
433,TRGP,"Targa Resources, Inc.",12.08386881,10.77980036,4.39941552,2.2481207
434,HWM,Howmet Aerospace Inc.,23.77184913,18.01287948,9.86200552,8.00367985
435,RIVN,"Rivian Automotive, Inc.",-269.11344137,-716.39656816,-713.63203051,-714.01334604
436,DGX,Quest Diagnostics Incorporated,35.13697299,18.23392267,15.81503789,11.94870799
437,MOS,Mosaic Company (The),32.21007417,29.56683563,26.24412358,20.14833729
438,NET,"Cloudflare, Inc.",76.81362028,-20.94186909,-22.68310114,-25.16001463
439,FMC,FMC Corporation,41.24313985,21.99717549,15.67064123,13.08925794
440,SYF,Synchrony Financial,92.36074271,33.9143615,30.0265252,22.78135657
441,ATO,Atmos Energy Corporation,30.30205666,21.91946901,20.2755005,18.41909225
442,AGR,"Avangrid, Inc.",27.44309037,19.84364222,9.92182111,10.32421246
443,BRO,"Brown & Brown, Inc.",94.80047014,30.80259697,24.51446801,18.52017686
444,CF,"CF Industries Holdings, Inc.",50.89044792,48.56089225,44.30652995,28.70120525
445,FICO,Fair Isaac Corporation,77.75848902,40.37965993,34.6048912,27.59185557
446,SJM,J.M. Smucker Company (The) New,29.22879177,12.25364182,9.34998164,6.99596034
447,FDS,FactSet Research Systems Inc.,53.68984741,32.35061451,25.02876846,22.14511362
448,RCL,D/B/A Royal Caribbean Cruises Ltd.,-4.16296626,-26.8131177,-41.7344446,-41.7344446
449,NVR,"NVR, Inc.",26.29221489,20.13375449,21.2144688,16.17718412
450,ZBRA,Zebra Technologies Corporation,42.51139951,15.17011575,9.55804981,8.20764644
451,AVTR,"Avantor, Inc.",34.56786885,15.16983607,10.70688525,8.37770492
452,CHKP,Check Point Software Technologies Ltd.,86.85003274,38.25365641,39.93887797,34.34621262
453,UAL,"United Airlines Holdings, Inc.",8.92448004,5.5099544,2.2022022,1.63941719
454,PTC,PTC Inc.,78.22687805,25.69538733,20.53940653,16.19373035
455,BEN,"Franklin Resources, Inc.",72.73503335,23.8746814,21.0905011,15.09530604
456,TER,"Teradyne, Inc.",59.51436509,26.9131819,26.63622864,22.67799667
457,CPB,Campbell Soup Company,29.78317043,13.57150882,11.63914167,8.90911134
458,TME,Tencent Music Entertainment Group,31.1273218,8.69972847,12.63140424,10.65450679
459,EDR,"Endeavor Group Holdings, Inc.",51.42317145,10.87075681,10.60457988,5.72801886
460,LKQ,LKQ Corporation,38.72855159,10.96791562,11.68645364,9.13501533
461,AER,AerCap Holdings N.V.,52.2846894,45.663297,-21.24118674,-17.5600316
462,PLTR,Palantir Technologies Inc.,78.59144294,-11.05493975,-28.52598253,-30.64131524
463,SPLK,Splunk Inc.,75.59358808,-17.5639173,-20.05083963,-20.80916615
464,J,Jacobs Solutions Inc.,20.77034459,7.249835,5.88693986,4.32660176
465,TPL,Texas Pacific Land Corporation,88.29978818,85.20050038,85.55191617,64.31180824
466,MGM,MGM Resorts International,30.72981675,-3.05405085,8.61738505,10.18466965
467,WLK,Westlake Corporation,27.73403325,22.71591051,21.7847769,16.52918385
468,AVY,Avery Dennison Corporation,27.06543723,12.37740034,11.67931627,8.88263054
469,BURL,"Burlington Stores, Inc.",37.22892365,4.32306315,2.74073784,1.9441184
470,SSNC,"SS&C Technologies Holdings, Inc.",47.59396056,22.04088645,17.045563,13.23942049
471,PARA,Paramount Global,32.72824168,9.44609133,12.42047763,9.73919995
472,FLT,"FleetCor Technologies, Inc.",72.18622657,43.17509192,38.27837744,28.51394027
473,GEN,Gen Digital Inc.,81.90045249,33.51896972,27.18412809,20.57083188
474,TXT,Textron Inc.,,7.37431036,7.89494133,6.69826715
475,POOL,Pool Corporation,31.70355612,17.08149736,16.65490074,12.72792401
476,MTCH,"Match Group, Inc.",60.51742729,19.95440606,2.57585485,3.38881686
477,MDB,"MongoDB, Inc.",71.10699264,-29.62651212,-29.82218627,-30.73000668
478,BG,Bunge Limited Bunge Limited,5.76225315,3.8038306,2.76142041,2.23798477
479,VTRS,Viatris Inc.,41.72014325,13.91112072,6.85221237,4.82851443
480,L,Loews Corporation,,12.56469235,9.80448534,7.12334675
481,GRAB,Grab Holdings Limited,-20.22792023,-154.03608737,-231.4339981,-223.36182336
482,APA,APA Corporation,52.18308567,45.43203082,51.2383049,33.14070813
483,LW,"Lamb Weston Holdings, Inc.",25.05653851,14.90177819,13.24331515,10.50064299
484,EVRG,"Evergy, Inc.",29.98807352,23.07071699,15.85519854,14.00659464
485,NTAP,"NetApp, Inc.",65.29366895,18.44393593,17.58962624,22.50190694
486,TRMB,Trimble Inc.,55.00560628,15.7216082,15.91382348,12.79833413
487,ARES,Ares Management Corporation,64.23136313,10.83485816,13.7043086,4.49508725
488,WDC,Western Digital Corporation,31.20494336,11.92356105,8.59938208,5.24659572
489,IPG,"Interpublic Group of Companies, Inc. (The)",13.76954203,12.94463859,11.85764208,9.18429281
490,BIO,"Bio-Rad Laboratories, Inc.",56.17417719,16.56551611,-279.56773023,-215.16110285
491,MKTX,"MarketAxess Holdings, Inc.",81.59666582,45.39279155,47.13777315,34.86674711
492,CRBG,Corebridge Financial Inc.,,45.16435751,53.86443901,40.19627819
493,STX,Seagate Technology Holdings PLC,24.6685201,9.42044482,6.64029085,6.60821215
494,AKAM,"Akamai Technologies, Inc.",58.584015,20.93854238,18.65719334,14.11672532
495,AXON,"Axon Enterprise, Inc.",61.41850022,4.0831794,11.62753145,9.74975055
496,RE,"Everest Re Group, Ltd.",,5.17324215,4.36112044,4.36903703
497,NDSN,Nordson Corporation,55.07269876,27.11523628,25.06599678,19.80880045
498,U,Unity Software Inc.,70.04364949,-57.79328839,-60.28247157,-63.17208025
499,LNT,Alliant Energy Corporation,24.77289467,22.12128652,16.96538178,16.52344709
