,Ticker,Description,Basic EPS (FY),Basic EPS (TTM),EPS Diluted (TTM),EBITDA (TTM),Gross Profit (MRQ),Gross Profit (FY),Total Revenue (FY),EPS Diluted (FY),Last Year Revenue (FY),Net Income (FY)
0,AAPL,Apple Inc.,6.1546,6.1445,6.1021,130541000000.0,38095000000.0,170782000000.0,394328000000.0,6.1132,394328000000.0,99803000000.0
1,MSFT,Microsoft Corporation,9.7036,9.0309,8.994,97005000000.0,35259000000.0,135620000000.0,198270000000.0,9.647,198270000000.0,72738000000.0
2,GOOG,Alphabet Inc.,5.6941,5.0893,4.9694,92238000000.0,37296000000.0,146549000000.0,257488000000.0,5.6099,257488000000.0,76033000000.0
3,AMZN,"Amazon.com, Inc.",3.2968,1.1147,1.089,52077000000.0,56833000000.0,197478000000.0,469822000000.0,3.2392,469822000000.0,33364000000.0
4,BRK.A,Berkshire Hathaway Inc.,59460.0,-1194.0,-1194.0,53305000000.0,14067000000.0,55164000000.0,276094000000.0,59460.0,276094000000.0,89795000000.0
5,TSLA,"Tesla, Inc.",1.8675,3.6018,3.2365,16116000000.0,5382000000.0,13606000000.0,53823000000.0,1.6309,53823000000.0,5524000000.0
6,V,Visa Inc.,7.0186,7.1988,7.0074,21160000000.0,6194000000.0,22716000000.0,29310000000.0,6.8492,29310000000.0,14630000000.0
7,NVDA,NVIDIA Corporation,3.907,2.3817,2.3506,9370000000.0,3177000000.0,17475000000.0,26914000000.0,3.8469,26914000000.0,9752000000.0
8,XOM,Exxon Mobil Corporation,5.3895,12.274,12.274,83777000000.0,28249000000.0,67602000000.0,280510000000.0,5.3895,280510000000.0,23040000000.0
9,UNH,UnitedHealth Group Incorporated,,,21.1843,,,,324162000000.0,21.179,324162000000.0,20120000000.0
10,JNJ,Johnson & Johnson,,,6.7388,,17002000000.0,68159000000.0,94943000000.0,6.7349,94943000000.0,17941000000.0
11,JPM,JP Morgan Chase & Co.,12.102,12.104,12.0872,,,,154792000000.0,12.0848,154792000000.0,37487000000.0
12,META,"Meta Platforms, Inc.",13.9858,10.5709,10.4974,43455000000.0,21998000000.0,95280000000.0,117929000000.0,13.7706,117929000000.0,39370000000.0
13,WMT,Walmart Inc.,4.8972,3.2509,3.2358,32294000000.0,37200000000.0,143754000000.0,572754000000.0,4.8745,572754000000.0,13673000000.0
14,MA,Mastercard Incorporated,10.2583,10.2557,10.2236,13330000000.0,,,22237000000.0,10.22,22237000000.0,9930000000.0
15,CVX,Chevron Corporation,18.3615,18.3381,18.2556,57331000000.0,8845000000.0,43687000000.0,235717000000.0,18.28,235717000000.0,35465000000.0
16,LLY,Eli Lilly and Company,6.1543,6.6754,6.6583,10157300000.0,5362500000.0,21005600000.0,28318400000.0,6.1224,28318400000.0,5581700000.0
17,PG,Procter & Gamble Company (The),5.9997,5.868,5.694,20006000000.0,9876000000.0,38212000000.0,80187000000.0,5.806,80187000000.0,14742000000.0
18,HD,"Home Depot, Inc. (The)",15.5911,16.6477,16.594,27062000000.0,12616000000.0,48446000000.0,151157000000.0,15.5321,151157000000.0,16433000000.0
19,BABA,Alibaba Group Holding Limited,3.5829,0.3893,0.3717,19893154930.0,10686435457.1856,47170778745.2381,132931184493.311,3.5431,132931184493.311,9654964422.30581
20,BAC,Bank of America Corporation,3.2063,3.2066,3.1875,,,,115053000000.0,3.19,115053000000.0,27528000000.0
21,MRK,"Merck & Company, Inc.",5.1577,6.0326,6.0106,23582000000.0,11336000000.0,35441000000.0,48907000000.0,5.1414,48907000000.0,13049000000.0
22,KO,Coca-Cola Company (The),2.2644,2.2937,2.2813,12270000000.0,6568000000.0,23218000000.0,38726000000.0,2.2514,38726000000.0,9771000000.0
23,ABBV,AbbVie Inc.,6.4791,7.5334,7.5031,29992000000.0,10605000000.0,39053000000.0,56197000000.0,6.4536,56197000000.0,11468000000.0
24,PFE,"Pfizer, Inc.",3.9539,5.3098,5.193,40791000000.0,15649000000.0,46875000000.0,81288000000.0,3.8798,81288000000.0,22147000000.0
25,AVGO,Broadcom Inc.,27.4401,27.4455,26.2137,19319000000.0,5572000000.0,20588000000.0,33203000000.0,26.5319,33203000000.0,11495000000.0
26,ORCL,Oracle Corporation,2.4878,3.2868,3.2026,18993000000.0,8010000000.0,32413000000.0,42440000000.0,2.411,42440000000.0,6717000000.0
27,PEP,"PepsiCo, Inc.",5.5123,7.0288,6.9912,14321999980.0,11720000000.0,42536000000.0,79468000000.0,5.4845,79468000000.0,7618000000.0
28,COST,Costco Wholesale Corporation,13.1725,13.2594,13.2303,10182000000.0,6668000000.0,27572000000.0,226954000000.0,13.1398,226954000000.0,5844000000.0
29,TMO,Thermo Fisher Scientific Inc,19.6066,17.9173,17.7816,12435000000.0,4321000000.0,19634000000.0,39211000000.0,19.4584,39211000000.0,7725000000.0
30,MCD,McDonald's Corporation,10.1101,7.993,7.9384,12061100000.0,3410200000.0,12510900000.0,23222900000.0,10.0362,23222900000.0,7545200000.0
31,CSCO,"Cisco Systems, Inc.",2.8326,2.7758,2.7661,16030000000.0,8372000000.0,31935000000.0,51557000000.0,2.8178,51557000000.0,11812000000.0
32,DIS,Walt Disney Company (The),1.7261,1.7266,1.7227,11929000000.0,4221000000.0,23154000000.0,82580000000.0,1.7214,82580000000.0,3145000000.0
33,NKE,"Nike, Inc.",3.8295,3.59,3.5411,6766000000.0,5534000000.0,21584000000.0,46792000000.0,3.7534,46792000000.0,6046000000.0
34,ABT,Abbott Laboratories,,,3.911,,5608000000.0,24676000000.0,43653000000.0,3.9303,43653000000.0,6933000000.0
35,DHR,Danaher Corporation,9.7959,9.7935,9.6559,10910000000.0,4939000000.0,18949000000.0,31471000000.0,9.66,31471000000.0,7209000000.0
36,TMUS,"T-Mobile US, Inc.",2.4247,1.227,1.2217,26097000000.0,8540000000.0,29163000000.0,80118000000.0,2.41,80118000000.0,3024000000.0
37,ACN,Accenture plc,10.8685,11.1543,11.0105,11486213000.0,5183536000.0,19793814000.0,61594305000.0,10.7096,61594305000.0,6877169000.0
38,WFC,Wells Fargo & Company,3.1712,3.1703,3.1399,,,,82859000000.0,3.14,82859000000.0,13182000000.0
39,VZ,Verizon Communications Inc.,5.0585,5.0584,5.0528,47566000000.0,15271000000.0,60603000000.0,136835000000.0,5.0585,136835000000.0,21256000000.0
40,CMCSA,Comcast Corporation,,,1.1907,36445000000.0,17273000000.0,69393000000.0,121427000000.0,1.2122,121427000000.0,5370000000.0
41,ADBE,Adobe Inc.,10.1192,10.1235,10.1015,6863000000.0,3844000000.0,15096000000.0,17430000000.0,10.0977,17430000000.0,4756000000.0
42,CRM,"Salesforce, Inc.",1.512,0.2787,0.2775,5340000000.0,5525000000.0,17391000000.0,26492000000.0,1.4826,26492000000.0,1444000000.0
43,MS,Morgan Stanley,6.233,6.2159,6.1356,,,,65936000000.0,6.15,65936000000.0,11029000000.0
44,PM,Philip Morris International Inc,5.8299,5.6197,5.6142,13118000000.0,5027000000.0,21220000000.0,31346000000.0,5.8262,31346000000.0,9083000000.0
45,LIN,Linde plc,7.4019,7.6247,7.5593,10538000000.0,2467000000.0,8615000000.0,30793000000.0,7.3313,30793000000.0,3826000000.0
46,NFLX,"Netflix, Inc.",10.1011,10.1052,9.9546,19995645000.0,2447893000.0,12447265000.0,31615550000.0,9.9535,31615550000.0,4491924000.0
47,TXN,Texas Instruments Incorporated,9.5513,9.5214,9.4062,11376000000.0,3087000000.0,13771000000.0,20028000000.0,9.406,20028000000.0,8749000000.0
48,BMY,Bristol-Myers Squibb Company,3.149,3.0919,3.0684,19945000000.0,6057000000.0,26761000000.0,46385000000.0,3.1154,46385000000.0,6994000000.0
49,UPS,"United Parcel Service, Inc.",14.7483,12.8308,12.7617,16807000000.0,5033000000.0,17432000000.0,97204000000.0,14.6811,97204000000.0,12890000000.0
50,COP,ConocoPhillips,6.1011,13.986,13.9307,32774000000.0,8125000000.0,14727000000.0,46056000000.0,6.0829,46056000000.0,8079000000.0
51,NEE,"NextEra Energy, Inc.",,,2.0906,15868000000.0,2226000000.0,5636000000.0,20956000000.0,2.0997,20956000000.0,4147000000.0
52,QCOM,QUALCOMM Incorporated,11.5192,11.5171,11.375,16563000000.0,6528000000.0,25565000000.0,44200000000.0,11.3773,44200000000.0,12936000000.0
53,RTX,Raytheon Technologies Corporation,3.5222,3.5244,3.4967,9436000000.0,3567000000.0,13668000000.0,67074000000.0,3.5,67074000000.0,5197000000.0
54,T,AT&T Inc.,-1.2178,-1.2224,-1.2854,42693000000.0,13177000000.0,51872000000.0,120741000000.0,-1.2178,120741000000.0,-8524000000.0
55,SCHW,Charles Schwab Corporation (The),3.5199,3.5214,3.5051,11402000000.0,5216000000.0,19182000000.0,22307000000.0,3.5,22307000000.0,7183000000.0
56,HON,Honeywell International Inc.,8.0052,7.8904,7.8173,8171000000.0,3031000000.0,12773000000.0,34387000000.0,7.9126,34387000000.0,5542000000.0
57,CAT,"Caterpillar, Inc.",11.9283,13.8493,13.7632,10137000000.0,4654000000.0,14307000000.0,50984000000.0,11.8305,50984000000.0,6489000000.0
58,AMGN,Amgen Inc.,10.3386,12.5397,12.4756,12861000000.0,4995000000.0,19533000000.0,25987000000.0,10.2845,25987000000.0,5893000000.0
59,PDD,Pinduoduo Inc.,0.9612,3.439,3.0277,,4098799924.3448505,9527602457.59111,14567331292.9643,0.8433,14567331292.9643,1204564801.2151802
60,AXP,American Express Company,,,9.8765,,,,52862000000.0,9.992,52862000000.0,7514000000.0
61,DE,Deere & Company,23.4187,23.4613,23.3256,11315000000.0,4716000000.0,15341000000.0,52510000000.0,23.2811,52510000000.0,7131000000.0
62,BA,Boeing Company (The),-8.2955,-8.2901,-8.2901,-1576000000.0,1845000000.0,3463000000.0,66607000000.0,-8.2955,66607000000.0,-4935000000.0
63,SBUX,Starbucks Corporation,2.8454,2.8456,2.8332,7304300000.0,1597500000.0,6309300000.0,32228300000.0,2.8326,32228300000.0,3281600000.0
64,UNP,Union Pacific Corporation,11.2382,11.2394,11.2192,12163000000.0,2713000000.0,11205000000.0,24875000000.0,11.21,24875000000.0,6998000000.0
65,IBM,International Business Machines Corporation,1.8157,1.817,1.7595,13493000000.0,9788000000.0,33369000000.0,60530000000.0,1.8,60530000000.0,1640000000.0
66,LOW,"Lowe's Companies, Inc.",12.0819,10.2303,10.2036,12844000000.0,7367000000.0,30394000000.0,96250000000.0,12.03,96250000000.0,8409000000.0
67,GS,"Goldman Sachs Group, Inc. (The)",30.5709,30.5424,30.0585,,,,68711000000.0,30.06,68711000000.0,11261000000.0
68,SPGI,S&P Global Inc.,12.5581,12.0089,11.96,4158000000.0,1569000000.0,5924000000.0,8297000000.0,12.5062,8297000000.0,3024000000.0
69,LMT,Lockheed Martin Corporation,21.7368,21.7908,21.7054,9772000000.0,2383000000.0,10410000000.0,65984000000.0,21.6629,65984000000.0,5732000000.0
70,INTU,Intuit Inc.,7.3786,6.6588,6.5634,3433000000.0,1800000000.0,9904000000.0,12726000000.0,7.2746,12726000000.0,2066000000.0
71,AMD,"Advanced Micro Devices, Inc.",2.6068,1.6877,1.669,5871000000.0,1764000000.0,7929000000.0,16434000000.0,2.5728,16434000000.0,3162000000.0
72,ELV,"Elevance Health, Inc.",,,24.7916,,,,156595000000.0,24.8147,156595000000.0,6025000000.0
73,INTC,Intel Corporation,1.9508,1.965,1.951,15743000000.0,5500000000.0,26681000000.0,63054000000.0,1.9445,63054000000.0,8014000000.0
74,CVS,CVS Health Corporation,5.997,2.3999,2.3572,19772000000.0,13485000000.0,51872000000.0,291935000000.0,5.9518,291935000000.0,7910000000.0
75,BX,Blackstone Inc.,2.3596,2.3697,2.3683,3811511000.0,1662825000.0,9816005000.0,9976380000.0,2.3587,9976380000.0,1747631000.0
76,BLK,"BlackRock, Inc.",34.3093,34.3072,33.96,,3772000000.0,14433000000.0,17838000000.0,33.97,17838000000.0,5178000000.0
77,MDT,Medtronic plc.,3.7537,3.2316,3.2169,8951000000.0,4648000000.0,19924000000.0,31686000000.0,3.7287,31686000000.0,5040000000.0
78,GILD,"Gilead Sciences, Inc.",4.9562,2.6556,2.6444,11979000000.0,5599000000.0,20771000000.0,27372000000.0,4.9326,27372000000.0,6225000000.0
79,C,"Citigroup, Inc.",7.0376,7.0321,6.9908,,,,101593000000.0,6.9954,101593000000.0,14845000000.0
80,EL,"Estee Lauder Companies, Inc. (The)",6.6389,6.0822,6.0042,3982000000.0,2882000000.0,13435000000.0,17738000000.0,6.5497,17738000000.0,2390000000.0
81,CI,Cigna Corporation,15.8746,21.1706,20.9308,,,,174274000000.0,15.7347,174274000000.0,5365000000.0
82,BKNG,Booking Holdings Inc. Common Stock,28.3856,61.2038,60.9019,5371000000.0,5907000000.0,,10958000000.0,28.166,10958000000.0,1165000000.0
83,SYK,Stryker Corporation,5.2891,6.5003,6.4274,4420000000.0,2643000000.0,10709000000.0,17108000000.0,5.2158,17108000000.0,1994000000.0
84,TJX,"TJX Companies, Inc. (The)",2.7357,,2.868,5422134000.0,3485010000.0,13763891000.0,48549982000.0,2.7006,48549982000.0,3282815000.0
85,CB,Chubb Limited,19.4082,14.4553,14.3453,,,,40955000000.0,19.2668,40955000000.0,8539000000.0
86,ADP,"Automatic Data Processing, Inc.",7.0413,7.566,7.5237,4623700000.0,2144500000.0,7730600000.0,16498300000.0,7.0028,16498300000.0,2948900000.0
87,AMAT,"Applied Materials, Inc.",7.4914,7.487,7.4375,8128000000.0,3062000000.0,11892000000.0,25685000000.0,7.4401,25685000000.0,6525000000.0
88,PYPL,"PayPal Holdings, Inc.",3.5511,1.9786,1.9664,4832000000.0,2826000000.0,12111000000.0,25561000000.0,3.5152,25561000000.0,4169000000.0
89,NOW,"ServiceNow, Inc.",1.6169,1.6092,1.6011,724000000.0,1523000000.0,5666000000.0,7245000000.0,1.6,7245000000.0,325000000.0
90,MDLZ,"Mondelez International, Inc.",3.0649,2.2623,2.2491,5283000000.0,2621000000.0,10655000000.0,28720000000.0,3.0432,28720000000.0,4300000000.0
91,GE,General Electric Company,-0.0584,-0.0988,-0.1095,,6319000000.0,21020000000.0,76555000000.0,-0.0584,76555000000.0,225000000.0
92,ADI,"Analog Devices, Inc.",5.2936,5.3091,5.2708,5826105000.0,1874092000.0,6510428000.0,12013953000.0,5.2536,12013953000.0,2748561000.0
93,ISRG,"Intuitive Surgical, Inc.",3.7175,3.7169,3.6516,,1118500000.0,4223800000.0,6222200000.0,3.65,6222200000.0,1322300000.0
94,MMC,"Marsh & McLennan Companies, Inc.",6.1122,6.0953,6.0307,5496000000.0,,,20720000000.0,6.04,20720000000.0,3050000000.0
95,VRTX,Vertex Pharmaceuticals Incorporated,9.0885,12.8071,12.6702,4097189999.999999,1979700000.0,6700200000.0,7604400000.0,9.0115,7604400000.0,2342100000.0
96,REGN,"Regeneron Pharmaceuticals, Inc.",76.3983,50.3088,47.436,6772700000.0,2525800000.0,13348000000.0,16071700000.0,71.9724,16071700000.0,8075300000.0
97,SLB,Schlumberger N.V.,2.4301,2.429,2.3938,6732000000.0,1571000000.0,5161000000.0,28091000000.0,2.39,28091000000.0,3441000000.0
98,MO,"Altria Group, Inc.",1.3355,2.5788,2.5745,12183000000.0,3697000000.0,13992000000.0,21111000000.0,1.3355,21111000000.0,2464000000.0
99,PGR,Progressive Corporation (The),0.0099,1.1936,1.1909,,,,3618900000.0,0.0099,3618900000.0,5800000.0
100,DUK,Duke Energy Corporation (Holding Company),4.9441,4.9701,4.9701,11259000000.0,2392000000.0,7105000000.0,25097000000.0,4.9441,25097000000.0,3908000000.0
101,TGT,Target Corporation,14.2307,7.3609,7.3038,7535000000.0,6241000000.0,28698000000.0,106005000000.0,14.0978,106005000000.0,6946000000.0
102,EOG,"EOG Resources, Inc.",8.0275,12.8208,12.7268,17752000000.0,4244000000.0,8861000000.0,19777000000.0,7.9863,19777000000.0,4664000000.0
103,ZTS,Zoetis Inc.,4.2943,4.3915,4.3751,3297000000.0,1358000000.0,5312000000.0,7776000000.0,4.273,7776000000.0,2037000000.0
104,USB,U.S. Bancorp,3.6944,3.6968,3.6972,,,,27401000000.0,3.69,27401000000.0,5825000000.0
105,SO,Southern Company (The),2.2554,3.1751,3.1554,9877000000.0,2454000000.0,6560000000.0,23230000000.0,2.2406,23230000000.0,2408000000.0
106,HCA,"HCA Healthcare, Inc.",,,19.2399,12022000000.0,2413000000.0,9053000000.0,60233000000.0,19.1505,60233000000.0,5643000000.0
107,BDX,"Becton, Dickinson and Company",5.9262,6.0319,5.9902,4870000000.0,2076000000.0,8477000000.0,18870000000.0,5.8776,18870000000.0,1779000000.0
108,ITW,Illinois Tool Works Inc.,8.5497,8.7907,8.7602,4053000000.0,1607000000.0,5833000000.0,14455000000.0,8.5145,14455000000.0,2694000000.0
109,APD,"Air Products and Chemicals, Inc.",10.1059,10.1058,10.082,3695500000.0,946800000.0,3360800000.0,12699400000.0,10.0832,12699400000.0,2243500000.0
110,MRNA,"Moderna, Inc.",30.2779,29.3391,27.6542,13433000000.0,2101000000.0,15564000000.0,18413000000.0,28.3109,18413000000.0,12202000000.0
111,ABNB,"Airbnb, Inc.",-0.5716,2.5516,2.3903,1832318000.0,2193315000.0,4835927000.0,5991760000.0,-0.5716,5991760000.0,-352034000.0
112,MU,"Micron Technology, Inc.",7.812,5.565,5.5153,14281000000.0,893000000.0,13951000000.0,30758000000.0,7.7424,30758000000.0,8687000000.0
113,NOC,Northrop Grumman Corporation,31.6075,31.7086,31.517,4943000000.0,1824000000.0,7474000000.0,36602000000.0,31.4653,36602000000.0,4896000000.0
114,FISV,"Fiserv, Inc.",2.0133,3.2139,3.1841,6213000000.0,2523000000.0,8090000000.0,16226000000.0,1.9863,16226000000.0,1334000000.0
115,PNC,"PNC Financial Services Group, Inc. (The)",13.9199,13.8758,13.8585,,,,23542000000.0,13.8544,23542000000.0,6041000000.0
116,AON,Aon plc,5.5852,12.9701,12.8814,3877000000.0,,,12194000000.0,5.5506,12194000000.0,1255000000.0
117,BSX,Boston Scientific Corporation,0.6925,0.4177,0.4151,2983000000.0,1928000000.0,7461000000.0,11888000000.0,0.687,11888000000.0,1040000000.0
118,LRCX,Lam Research Corporation,32.9186,37.3122,37.1981,6364627000.0,2375070000.0,7838160000.0,17181982000.0,32.748,17181982000.0,4605286000.0
119,TFC,Truist Financial Corporation,4.4627,4.4629,4.4243,,,,26170000000.0,4.43,26170000000.0,6260000000.0
120,ETN,"Eaton Corporation, PLC",5.3775,5.7438,5.7106,4031000000.0,1771000000.0,6315000000.0,19628000000.0,5.3386,19628000000.0,2144000000.0
121,CME,CME Group Inc.,7.3034,7.386,7.3506,3345800000.0,972300000.0,3723100000.0,4689700000.0,7.2914,4689700000.0,2636100000.0
122,FCX,"Freeport-McMoRan, Inc.",,,2.3739,9951000000.0,1707000000.0,7576000000.0,22780000000.0,2.3901,22780000000.0,3468000000.0
123,WM,"Waste Management, Inc.",4.3197,5.4124,5.383,5455000000.0,1416000000.0,4821000000.0,17931000000.0,4.2942,17931000000.0,1816000000.0
124,CSX,CSX Corporation,,,1.9489,,,,14900000000.0,1.95,14900000000.0,4170000000.0
125,GD,General Dynamics Corporation,12.3138,12.3208,12.1974,5095000000.0,1227000000.0,4211000000.0,39407000000.0,12.19,39407000000.0,3390000000.0
126,MMM,3M Company,10.2067,10.1711,10.1455,5854000000.0,3494000000.0,14997000000.0,34229000000.0,10.18,34229000000.0,5777000000.0
127,HUM,Humana Inc.,22.7916,22.16,22.0468,,,,83648000000.0,22.6668,83648000000.0,2933000000.0
128,CL,Colgate-Palmolive Company,2.1342,2.1311,2.1239,4304000000.0,2574000000.0,10248000000.0,17967000000.0,2.13,17967000000.0,1785000000.0
129,MPC,Marathon Petroleum Corporation,2.7066,22.9335,22.7768,20558000000.0,6385000000.0,6841000000.0,119777000000.0,2.6897,119777000000.0,1716000000.0
130,SHW,Sherwin-Williams Company (The),7.8298,7.8305,7.7207,3874000000.0,2172700000.0,9015100000.0,22148900000.0,7.72,22148900000.0,2020100000.0
131,CHTR,"Charter Communications, Inc.",31.3,31.3064,30.763,21146000000.0,6150000000.0,23424000000.0,54022000000.0,30.7419,54022000000.0,5055000000.0
132,ICE,Intercontinental Exchange Inc.,7.2206,4.5405,4.5163,4813000000.0,1553000000.0,7364000000.0,10147000000.0,7.1823,10147000000.0,4058000000.0
133,ATVI,"Activision Blizzard, Inc",3.4736,2.1448,2.1304,2401000000.0,1280000000.0,6479000000.0,8803000000.0,3.4426,8803000000.0,2699000000.0
134,UBER,"Uber Technologies, Inc.",-0.2621,-4.5077,-4.5243,-600000000.0,2326000000.0,5571000000.0,17455000000.0,-0.2621,17455000000.0,-496000000.0
135,MELI,"MercadoLibre, Inc.",1.6727,5.3715,5.3221,1057422000.0,1348000000.00009,2909931000.00005,7069409000.0001,1.6727,7069409000.0001,83304000.0000011
136,OXY,Occidental Petroleum Corporation,1.6171,12.8709,12.0033,20118000000.0,4539000000.0,7604000000.0,25962000000.0,1.577,25962000000.0,2312000000.0
137,SCCO,Southern Copper Corporation,4.3941,3.323,3.323,5400600000.0,817400000.0,6190300000.0,10934100000.0,4.3941,10934100000.0,3397100000.0
138,MCO,Moody's Corporation,11.8777,8.4188,8.377,2440000000.0,799000000.0,4324000000.0,6218000000.0,11.7829,6218000000.0,2214000000.0
139,NTES,"NetEase, Inc.",3.9294,5.1328,5.078,3475796340.0,2005450998.65547,7283019303.10884,13583681028.2766,3.8808,13583681028.2766,2613723910.63666
140,BN,Brookfield Corporation,2.46303524,1.95875182,1.89458494,18283931071.81,3521382797.414237,25488734067.5178,78136375910.65257,2.36974444,78136375910.65257,3931103220.36849
141,MET,"MetLife, Inc.",7.3641,2.6998,2.6609,,,,69680000000.0,7.3073,69680000000.0,6554000000.0
142,EPD,Enterprise Products Partners L.P.,2.1056,2.3197,2.3126,8740400000.0,1620000000.0,6748500000.0,41566800000.0,2.0865,41566800000.0,4600700000.0
143,KLAC,KLA Corporation,22.0727,24.4606,24.3246,4628009000.0,1742918000.0,5552375000.0,9201195000.0,21.9182,9201195000.0,3321807000.0
144,PXD,Pioneer Natural Resources Company,9.0687,29.423,28.036,13202000000.0,2614000000.0,6836000000.0,17870000000.0,8.6138,17870000000.0,2113000000.0
145,NSC,Norfolk Southern Corporation,,,13.8893,5979000000.0,1181000000.0,4809000000.0,12745000000.0,13.8795,12745000000.0,3270000000.0
146,MAR,Marriott International,3.3588,6.5842,6.5534,3397000000.0,1176000000.0,2581000000.0,13857000000.0,3.3374,13857000000.0,1099000000.0
147,VLO,Valero Energy Corporation,29.1848,29.172,29.1299,19500000000.0,4664000000.0,16751000000.0,176383000000.0,29.04,176383000000.0,11528000000.0
148,MCK,McKesson Corporation,7.3145,14.2508,14.1103,4180000000.0,3007000000.0,12649000000.0,263966000000.0,7.2291,263966000000.0,1114000000.0
149,MNST,Monster Beverage Corporation,2.6051,2.292,2.2647,1650745000.0,833725000.0,3108513000.0,5541352000.0,2.5716,5541352000.0,1377475000.0
150,SNPS,"Synopsys, Inc.",6.4352,6.4334,6.2966,1497305000.0,954999000.0,3845401000.0,5070567000.0,6.2919,5070567000.0,984594000.0
151,EMR,Emerson Electric Company,5.4495,5.4478,5.4175,4581000000.0,2181000000.0,7790000000.0,19631000000.0,5.4184,19631000000.0,3231000000.0
152,D,"Dominion Energy, Inc.",3.9861,2.801,2.7766,7088000000.0,2388000000.0,7966000000.0,13964000000.0,3.9827,13964000000.0,3288000000.0
153,DG,Dollar General Corporation,10.2417,10.3439,10.2886,3890682000.0,2885195000.0,10813006000.0,34220449000.0,10.1743,34220449000.0,2399232000.0
154,F,Ford Motor Company,4.4944,2.2555,2.2118,12209000000.0,3454000000.0,24548000000.0,136341000000.0,4.4465,136341000000.0,17937000000.0
155,VMW,"Vmware, Inc.",4.3385,3.3374,3.3175,3344000000.0,2575000000.0,10487000000.0,12851000000.0,4.3088,12851000000.0,1820000000.0
156,GM,General Motors Company,6.7795,5.9365,5.8909,20670000000.0,5869000000.0,25778000000.0,127004000000.0,6.701,127004000000.0,10019000000.0
157,SHOP,Shopify Inc.,2.3381,-2.5441,-2.5441,-396825000.0,662480000.00046,2438002000.00512,4611856000.009681,2.2884,4611856000.009681,2914659000.00611
158,SRE,DBA Sempra,4.0224,7.1451,7.1225,5383000000.0,985000000.0,3644000000.0,13061000000.0,4.0059,13061000000.0,1318000000.0
159,PSX,Phillips 66,2.968,21.9186,21.8572,10353000000.0,3664000000.0,3379000000.0,111944000000.0,2.9657,111944000000.0,1306000000.0
160,CDNS,"Cadence Design Systems, Inc.",2.5446,2.886,2.8413,1191735000.0,811008000.0,2661598000.0,2988244000.0,2.4957,2988244000.0,695955000.0
161,KHC,The Kraft Heinz Company,0.8268,0.9921,0.9834,5373000000.0,1905000000.0,8587000000.0,26043000000.0,0.8188,26043000000.0,1012000000.0
162,BIDU,"Baidu, Inc.",4.4418,1.8905,1.8632,2992540580.0,2373612321.39546,9331005844.285885,19303160746.6505,4.3534,19303160746.6505,1531315138.4730098
163,ORLY,"O'Reilly Automotive, Inc.",31.3873,33.0576,32.76,3296766000.0,1934962000.0,6699549000.0,13327563000.0,31.0969,13327563000.0,2164685000.0
164,SNOW,Snowflake Inc.,-2.2644,-2.283,-2.283,-661588000.0,355366000.0,755332000.0,1219327000.0,-2.2644,1219327000.0,-679948000.0
165,KDP,Keurig Dr Pepper Inc.,1.5159,1.2879,1.2778,3415000000.0,1850000000.0,6392000000.0,12683000000.0,1.5029,12683000000.0,2146000000.0
166,AEP,"American Electric Power Company, Inc.",4.971,4.8331,4.8175,6556800000.0,1374200000.0,4670200000.0,16623500000.0,4.9585,16623500000.0,2488100000.0
167,SQ,"Block, Inc.",0.3627,-0.9259,-0.9259,348564000.0,1529728000.0,4307712000.0,17661203000.0,0.3314,17661203000.0,166284000.0
168,PANW,"Palo Alto Networks, Inc.",-0.9036,-0.4863,-0.4952,422400000.0,1101500000.0,3782800000.0,5501500000.0,-0.9036,5501500000.0,-267000000.0
169,EW,Edwards Lifesciences Corporation,2.4115,2.3465,2.3226,1818000000.0,1038099999.9999998,4006600000.0,5232500000.0,2.3813,5232500000.0,1503100000.0
170,AIG,"American International Group, Inc. New",10.9549,17.0634,16.7222,,,,52057000000.0,10.8211,52057000000.0,9388000000.0
171,JCI,Johnson Controls International plc,2.2008,2.2094,2.199,3205000000.0,2291000000.0,8315000000.0,25299000000.0,2.1898,25299000000.0,1532000000.0
172,KKR,KKR & Co. Inc.,7.833,-0.5824,-0.6317,-1705245000.0,273643000.0,12948550000.0,18869464000.0,7.313,18869464000.0,4666476000.0
173,HES,Hess Corporation,,,7.1813,5785000000.0,1129000000.0,4412000000.0,11324000000.0,7.1802,11324000000.0,2223000000.0
174,APH,Amphenol Corporation,3.1907,3.1913,3.0648,3000300000.0,1037500000.0,4028200000.0,12623000000.0,3.06,12623000000.0,1902300000.0
175,NXPI,NXP Semiconductors N.V.,6.912,10.1299,10.0392,4875000000.0,1836000000.00603,5475000000.05662,11063000000.114395,6.7877,11063000000.114395,1871000000.01934
176,FDX,FedEx Corporation,14.5209,12.8533,12.729,9883000000.0,4641000000.0,20167000000.0,93512000000.0,14.3571,93512000000.0,3819000000.0
177,GIS,"General Mills, Inc.",4.4565,4.8314,4.7854,3294700000.0,1680000000.0,6283500000.0,18992800000.0,4.4194,18992800000.0,2707300000.0
178,AZO,"AutoZone, Inc.",120.8337,123.1164,119.2878,3691163000.0,1994622000.0,8472650000.0,16252230000.0,117.1854,16252230000.0,2429604000.0
179,HSY,The Hershey Company,7.1469,10.1379,7.6566,2537302000.0,1122543000.0,3968416000.0,8971337000.0,7.1117,8971337000.0,1477512000.0
180,AFL,AFLAC Incorporated,6.4206,7.867,7.8324,,,,22106000000.0,6.391,22106000000.0,4325000000.0
181,WDAY,"Workday, Inc.",0.1188,-1.2432,-1.2432,216566000.0,1157663000.0,3719462000.0,5147557000.0,0.1156,5147557000.0,29373000.0
182,ADM,Archer-Daniels-Midland Company,,,7.7023,4501000000.0,1762000000.0,7570000000.0,101848000000.0,7.7087,101848000000.0,4340000000.0
183,ADSK,"Autodesk, Inc.",2.2622,2.8531,2.8351,1015700000.0,1132000000.0,3940300000.0,4398300000.0,2.2387,4398300000.0,497000000.0
184,A,"Agilent Technologies, Inc.",4.194,4.2039,4.1795,1899000000.0,956000000.0,3686000000.0,6848000000.0,4.18,6848000000.0,1254000000.0
185,ROP,"Roper Technologies, Inc.",11.2219,11.2221,11.13,2209100000.0,1002300000.0,3752800000.0,5371800000.0,11.1273,5371800000.0,1188400000.0
186,CTVA,"Corteva, Inc.",2.3903,1.8735,1.8608,2987000000.0,678000000.0,5732000000.0,15655000000.0,2.3719,15655000000.0,1759000000.0
187,CMG,"Chipotle Mexican Grill, Inc.",23.2114,28.9653,28.7302,1366028000.0,491130000.0,1452352000.0,7547061000.0,22.9029,7547061000.0,652984000.0
188,CTAS,Cintas Corporation,11.9182,12.5278,12.2902,2100917000.0,1022447000.0,3632246000.0,7854459000.0,11.6527,7854459000.0,1229625000.0
189,LVS,Las Vegas Sands Corp.,-1.3351,-1.3429,-1.3429,279000000.0,-60000000.0,-392000000.0,4110000000.0,-1.3351,4110000000.0,-1020000000.0
190,FIS,"Fidelity National Information Services, Inc.",0.677,1.5417,1.533,5321000000.0,1456000000.0,5195000000.0,13877000000.0,0.6715,13877000000.0,417000000.0
191,TRV,"The Travelers Companies, Inc.",11.9916,11.9317,11.7914,,,,36884000000.0,11.8565,36884000000.0,2842000000.0
192,COF,Capital One Financial Corporation,17.9786,17.8797,17.8196,,,,38373000000.0,17.91,38373000000.0,7272000000.0
193,KMB,Kimberly-Clark Corporation,5.73,5.7304,5.7164,3413000000.0,1627000000.0,6219000000.0,20175000000.0,5.7168,20175000000.0,1934000000.0
194,ECL,Ecolab Inc.,3.9466,3.9502,3.9245,2367100000.0,1382100000.0,5221900000.0,12733100000.0,3.9083,12733100000.0,1129900000.0
195,NUE,Nucor Corporation,28.9971,28.8052,28.735,11604573000.0,2097487000.0,12503280000.0,41512467000.0,28.79,41512467000.0,7607337000.0
196,CNC,Centene Corporation,2.3111,3.4735,3.426,,,,125982000000.0,2.2811,125982000000.0,1347000000.0
197,MSI,"Motorola Solutions, Inc.",7.3582,6.9972,6.8053,2262000000.0,1127000000.0,3812000000.0,8171000000.0,7.1717,8171000000.0,1245000000.0
198,IQV,"IQVIA Holdings, Inc.",5.047,6.2542,6.1467,2942000000.0,985000000.0,3382000000.0,13879000000.0,4.9538,13879000000.0,966000000.0
199,NEM,Newmont Corporation,1.4593,1.2628,1.2611,5160000000.0,498000000.0,2376000000.0,12190000000.0,1.4557,12190000000.0,1166000000.0
200,STZ,"Constellation Brands, Inc.",-0.2122,0.3324,0.0984,3568000000.0,1238100000.0,4599700000.0,8821800000.0,-0.2122,8821800000.0,-40400000.0
201,MCHP,Microchip Technology Incorporated,2.3275,3.3303,3.2784,3622100000.0,1230400000.0,3527600000.0,6820900000.0,2.2716,6820900000.0,1285500000.0
202,EXC,Exelon Corporation,1.7426,2.1662,2.165,6150000000.0,1386000000.0,8342000000.0,39267000000.0,1.7408,39267000000.0,1706000000.0
203,PAYX,"Paychex, Inc.",3.8624,4.0674,4.0419,2110500000.0,831000000.0,3255400000.0,4611700000.0,3.8359,4611700000.0,1392800000.0
204,AJG,Arthur J. Gallagher & Co.,5.2974,5.3061,5.1986,2262700000.0,1840900000.0,7796900000.0,8549900000.0,5.1904,8549900000.0,1114200000.0
205,BIIB,Biogen Inc.,10.4366,19.6813,19.6275,2671900000.0,1702900000.0,7805400000.0,10402400000.0,10.4017,10402400000.0,1556100000.0
206,ROST,"Ross Stores, Inc.",4.9007,4.1408,4.1207,2311881000.0,1141443000.0,5207337000.0,18916244000.0,4.8697,18916244000.0,1722589000.0
207,DOW,Dow Inc.,6.3551,6.2947,6.2419,8318000000.0,1130000000.0,8258000000.0,56902000000.0,6.28,56902000000.0,4582000000.0
208,DVN,Devon Energy Corporation,4.1976,9.527,9.4981,11651000000.0,2339000000.0,5209000000.0,13750000000.0,4.185,13750000000.0,2783000000.0
209,DXCM,"DexCom, Inc.",0.3999,0.5896,0.5523,418100000.0,455000000.0,1680500000.0,2448500000.0,0.3864,2448500000.0,154700000.0
210,PH,Parker-Hannifin Corporation,10.235,9.7489,9.6128,3364972000.0,1478818000.0,4386162000.0,15861608000.0,10.0924,15861608000.0,1315605000.0
211,KMI,"Kinder Morgan, Inc.",1.1284,1.1238,1.1238,7097000000.0,1369000000.0,5104000000.0,19200000000.0,1.12,19200000000.0,2548000000.0
212,MSCI,MSCI Inc,8.7989,10.4431,10.3641,1325120000.0,431719000.0,1575367000.0,2043544000.0,8.6966,2043544000.0,725983000.0
213,ET,Energy Transfer LP,1.894,1.3537,1.3465,11716000000.0,2212000000.0,9484000000.0,67417000000.0,1.8905,67417000000.0,5464000000.0
214,LHX,"L3Harris Technologies, Inc.",9.1704,5.823,5.7536,3157000000.0,1194000000.0,5376000000.0,17814000000.0,9.0846,17814000000.0,1846000000.0
215,TT,Trane Technologies plc,5.9631,6.9912,6.92,2607700000.0,1431800000.0047,4471400000.04628,14136400000.146198,5.8745,14136400000.146198,1423400000.01472
216,BK,The Bank of New York Mellon Corporation,2.9123,2.9136,2.8967,,,,20070000000.0,2.9,20070000000.0,2573000000.0
217,LULU,lululemon athletica inc.,7.5159,9.1235,9.0954,1892802000.0,1036663000.0,3599783000.0,6256617000.0,7.4855,6256617000.0,975322000.0
218,TEAM,Atlassian Corporation,-2.4244,-0.897,-0.897,-76173000.0,665915000.0039121,2327996000.02031,2802882000.02445,-2.4244,2802882000.02445,-614124000.0053561
219,IDXX,"IDEXX Laboratories, Inc.",8.7423,7.9629,7.8629,968045000.0,497991000.0,1901653000.0,3215360000.0,8.6038,3215360000.0,744845000.0
220,FTNT,"Fortinet, Inc.",0.7436,0.9291,0.9111,924400000.0,861300000.0,2540700000.0,3342200000.0,0.7263,3342200000.0,606800000.0
221,TEL,TE Connectivity Ltd. New Switzerland Registered Shares,7.517,7.0396,6.996,3606000000.0,1158000000.0,5130000000.0,16281000000.0,7.4708,16281000000.0,2428000000.0
222,APO,"Apollo Global Management, Inc. (New)",7.5453,-5.6109,-5.6109,-4565442000.0,430000000.0,3550789000.0,3578119000.0,7.5453,3578119000.0,1821640000.0
223,SYY,Sysco Corporation,2.661,2.8404,2.8231,3443501000.0,3462855000.0,12214524000.0,68636145999.99999,2.6435,68636145999.99999,1358768000.0
224,RSG,"Republic Services, Inc.",4.0475,4.5899,4.581,3724300000.0,1028700000.0,3289100000.0,11295000000.0,4.0398,11295000000.0,1290405000.0
225,HLT,Hilton Worldwide Holdings Inc.,1.4695,3.8815,3.8492,2118000000.0,729000000.0,1467000000.0,5820000000.0,1.4591,5820000000.0,410000000.0
226,SE,Sea Limited,-3.844,-4.8354,-4.8354,-1978059910.0,1222289740.47619,3816965115.12246,9959814076.09416,-3.844,9959814076.09416,-2047709697.00954
227,TDG,Transdigm Group Inc.,13.4021,13.4373,13.4373,2469400000.0,838000000.0,2935000000.0,5437000000.0,13.4021,5437000000.0,780000000.0
228,PRU,"Prudential Financial, Inc.",19.6513,0.7481,0.719,,,,70934000000.0,19.5053,70934000000.0,7609000000.0
229,ANET,"Arista Networks, Inc.",2.7433,3.7979,3.6708,1399414000.0,709980000.0,1880779000.0,2948037000.0,2.6339,2948037000.0,840854000.0
230,PCAR,PACCAR Inc.,8.6441,8.6431,8.6322,4386500000.0,1415500000.0,4751600000.0,28819700000.0,8.63,28819700000.0,3011600000.0
231,WMB,"Williams Companies, Inc. (The)",1.2459,1.6422,1.6386,4831000000.0,1000000000.0,3105000000.0,10572000000.0,1.2428,10572000000.0,1517000000.0
232,XEL,Xcel Energy Inc.,3.1737,3.1726,3.1726,4960000000.0,690000000.0,3116000000.0,15310000000.0,3.1737,15310000000.0,1736000000.0
233,LNG,"Cheniere Energy, Inc.",-9.2462,-15.2443,-15.2706,11939000000.0,2778000000.0,5624000000.0,17640000000.0,-9.2462,17640000000.0,-2343000000.0
234,MFC,Manulife Financial Corporation,2.80496974,2.71495272,2.71040034,,,,46771105400.0,2.79919836,46771105400.0,5617213000.0
235,HAL,Halliburton Company,1.7389,1.7363,1.729,3647000000.0,1046000000.0,3329000000.0,20297000000.0,1.73,20297000000.0,1572000000.0
236,AMP,"Ameriprise Financial, Inc.",22.9919,22.9206,22.4499,,1638000000.0,,,22.51,,2559000000.0
237,CARR,Carrier Global Corporation,1.9177,4.2308,4.1383,4685000000.0,1478000000.0,6008000000.0,20613000000.0,1.869,20613000000.0,1664000000.0
238,YUM,"Yum! Brands, Inc.",5.303,4.4515,3.8069,2242000000.0,814000000.0,3166000000.0,6584000000.0,5.2152,6584000000.0,1575000000.0
239,DD,"DuPont de Nemours, Inc.",11.9163,3.6405,3.6316,3405000000.0,1076000000.0,5355000000.0,16653000000.0,11.8835,16653000000.0,6467000000.0
240,MRVL,"Marvell Technology, Inc.",-0.5284,-0.1674,-0.1678,1765994000.0,777300000.0,2063472000.0000005,4462383000.0,-0.5284,4462383000.0,-421034000.0
241,EA,Electronic Arts Inc.,2.7782,3.2242,3.2034,1854000000.0,1438000000.0,4974000000.0,7005000000.0,2.7587,7005000000.0,789000000.0
242,ODFL,"Old Dominion Freight Line, Inc.",8.9439,11.7548,11.6781,2064779000.0,591055000.0,1721511000.0,5256328000.0,8.8856,5256328000.0,1034375000.0
243,WBD,"Warner Bros. Discovery, Inc. - Series A",1.7988,-1.6632,-1.6791,4309000000.0,1957000000.0,5984000000.0,12186000000.0,1.5299,12186000000.0,1022000000.0
244,BNTX,BioNTech SE,49.8588,46.7335,44.7887,14800670050.0,2726606744.06674,22316508995.1078,22430097361.7079,46.8446,22430097361.7079,12165538639.246
245,CMI,Cummins Inc.,14.7372,13.5032,13.4158,3078000000.0,1617000000.0,5673000000.0,24021000000.0,14.6059,24021000000.0,2131000000.0
246,MPLX,MPLX LP,2.8588,3.7806,3.7792,5680000000.0,1623000000.0,4245000000.0,9706000000.0,2.8588,9706000000.0,3077000000.0
247,GOLD,Barrick Gold Corporation,1.126605,0.97905074,0.97905074,5401682960.190001,603099331.9613318,4455448556.620332,11831966500.640076,1.126605,11831966500.640076,2004208449.7188869
248,ABC,AmerisourceBergen Corporation,8.1489,8.143,8.0339,3450886000.0,1814997000.0,7600636999.99999,238587006000.0,8.0433,238587006000.0,1698820000.0
249,ALL,Allstate Corporation (The),18.9145,-0.1688,-0.2532,,,,50588000000.0,18.6426,50588000000.0,5690000000.0
250,ED,"Consolidated Edison, Inc.",3.8634,4.7816,4.7663,4919000000.0,1670000000.0,5635000000.0,13673000000.0,3.8523,13673000000.0,1346000000.0
251,OTIS,Otis Worldwide Corporation,2.9133,2.9304,2.908,2243000000.0,963000000.0,4208000000.0,14298000000.0,2.8883,14298000000.0,1246000000.0
252,MTD,"Mettler-Toledo International, Inc.",33.2464,36.9516,36.5438,1199463000.0,567928000.0,2108478000.0,3717930000.0,32.7819,3717930000.0,768985000.0
253,CTSH,Cognizant Technology Solutions Corporation,4.055,4.5002,4.4916,3580000000.0,1649000000.0,6274000000.0,18507000000.0,4.0474,18507000000.0,2137000000.0
254,ILMN,"Illumina, Inc.",5.08,-26.4522,-26.4591,900000000.0,717000000.0,3154000000.0,4526000000.0,5.0464,4526000000.0,762000000.0
255,DLTR,"Dollar Tree, Inc.",5.8267,7.2059,7.1728,2972900000.0,2074800000.0000005,7707600000.0,26321200000.0,5.7987,26321200000.0,1327900000.0
256,RMD,ResMed Inc.,5.3362,5.5273,5.5014,1240195000.0,570152000.0,1993233000.0,3578127000.0,5.3007,3578127000.0,779437000.0
257,AME,"AMETEK, Inc.",4.2868,4.9184,4.8885,1772339000.0,547190000.0,2106813999.9999995,5546514000.0,4.2526,5546514000.0,990053000.0
258,IBKR,"Interactive Brokers Group, Inc.",3.7826,3.7658,3.7332,,1420000000.0,3913000000.0,4237000000.0,3.75,4237000000.0,380000000.0
259,DHI,"D.R. Horton, Inc.",16.6548,16.2545,16.128,7543900000.0,1966500000.0,10504100000.0,33480000000.0,16.5093,33480000000.0,5857500000.0
260,GEHC,GE HealthCare Technologies Inc.,4.2137,,,,1932000000.0,7179000000.0,18341000000.0,4.2137,18341000000.0,1916000000.0
261,ROK,"Rockwell Automation, Inc.",8.0181,9.2875,9.2462,1579500000.0,799700000.0,3519900000.0,7759700000.0,7.9632,7759700000.0,929300000.0
262,ALB,Albemarle Corporation,1.0676,13.2646,13.1882,2078378000.0000005,1043814000.0000002,1008471000.0,3327957000.0,1.0612,3327957000.0,123672000.0
263,CSGP,"CoStar Group, Inc.",0.7459,0.8594,0.8573,637686000.0,418906000.0,1512077000.0,1944135000.0,0.7422,1944135000.0,292564000.0
264,KR,Kroger Company (The),2.203,3.2368,3.1942,8194000000.0,6623000000.0,27525000000.0,137888000000.0,2.1737,137888000000.0,1639000000.0
265,KEYS,Keysight Technologies Inc.,6.2444,6.2354,6.1829,1566000000.0,904000000.0,3435000000.0,5420000000.0,6.1758,5420000000.0,1124000000.0
266,BF.A,Brown Forman Inc,1.7499,1.8496,1.8439,1328000000.0,595000000.0,2374000000.0,3916000000.0,1.7438,3916000000.0,838000000.0
267,CPRT,"Copart, Inc.",2.2958,2.2633,2.2322,1501651000.0,364786000.0,1586149000.0,3500921000.0,2.2603,3500921000.0,1090130000.0
268,WBA,"Walgreens Boots Alliance, Inc.",5.0174,-3.4317,-3.4342,-2663000000.0,6458000000.0,26275000000.0,132703000000.0,5.0087,132703000000.0,4336000000.0
269,PCG,Pacific Gas & Electric Co.,-0.0514,0.8856,0.8405,6787000000.0,735000000.0,2141000000.0,20642000000.0,-0.0514,20642000000.0,-88000000.0
270,STT,State Street Corporation,7.2834,7.2852,7.1868,,,,13692000000.0,7.19,13692000000.0,2772000000.0
271,GFS,GlobalFoundries Inc.,-0.4949,1.5329,1.4951,2599000000.0,610000000.0,816223000.0,6585079000.0,-0.4949,6585079000.0,-250313000.0
272,DFS,Discover Financial Services,15.5155,15.5008,15.4878,,,,15596000000.0,15.5155,15596000000.0,4392000000.0
273,BKR,Baker Hughes Company,-0.6089,-0.5963,-0.5991,2927000000.0,1337000000.0,4400000000.0,21156000000.0,-0.6089,21156000000.0,-601000000.0
274,GLW,Corning Incorporated,1.3031,2.1774,2.141,3247000000.0,1010000000.0,4961000000.0,14068000000.0,1.2784,14068000000.0,1906000000.0
275,LYB,LyondellBasell Industries NV,16.7545,12.9232,12.8905,7550000000.0,1228000000.0,8721000000.0,46153000000.0,16.7545,46153000000.0,5603000000.0
276,ON,ON Semiconductor Corporation,2.3716,3.9818,3.8546,3120400000.0,1036400000.0000002,2615300000.0,6739800000.0,2.2749,6739800000.0,1009600000.0
277,PEG,Public Service Enterprise Group Incorporated,-1.2857,1.3719,1.362,2817000000.0,923000000.0,914000000.0,8729000000.0,-1.2857,8729000000.0,-648000000.0
278,OKE,"ONEOK, Inc.",3.3571,3.6121,3.6041,3678686000.0,840758000.0,3019714000.0,17272102000.0,3.3496,17272102000.0,1499706000.0
279,PPG,"PPG Industries, Inc.",4.3456,4.3492,4.3322,2219000000.0,1429000000.0,6002000000.0,17652000000.0,4.32,17652000000.0,1026000000.0
280,GPN,Global Payments Inc.,3.299,0.2284,0.224,3748655000.0,1354122000.0,4750037000.0,8523762000.000001,3.2876,8523762000.000001,965460000.0
281,APTV,Aptiv PLC,1.9485,1.1555,1.1543,1883000000.0,762000000.0,3255000000.0,15618000000.0,1.9431,15618000000.0,590000000.0
282,URI,"United Rentals, Inc.",29.7724,29.8759,29.7638,5449000000.0,1402000000.0,4632000000.0,11642000000.0,29.6592,11642000000.0,2105000000.0
283,NDAQ,"Nasdaq, Inc.",2.2847,2.2863,2.2566,1919000000.0,843000000.0,3324000000.0,6226000000.0,2.26,6226000000.0,1125000000.0
284,WEC,"WEC Energy Group, Inc.",4.1227,4.3741,4.363,2611000000.0,336800000.0,1771000000.0,8316000000.0,4.111,8316000000.0,1301500000.0
285,CPNG,"Coupang, Inc.",-1.0834,-0.3418,-0.3424,-208239000.0,1233888000.00001,3109128000.0,18406372000.0,-1.0834,18406372000.0,-1542590000.0
286,GWW,"W.W. Grainger, Inc.",20.0963,28.2897,28.1244,2295000000.0,1519000000.0,4657000000.0,13022000000.0,19.9808,13022000000.0,1043000000.0
287,MBLY,Mobileye Global Inc.,-0.108,-0.1833,-0.1834,466000000.0,300000000.0,922000000.001252,1869000000.00254,-0.108,1869000000.00254,-82000000.0001115
288,ENPH,"Enphase Energy, Inc.",1.0852,2.1914,2.0676,403728000.0,263965000.0,554422000.0,1382049000.0,1.0192,1382049000.0,145449000.0
289,DELL,Dell Technologies Inc.,7.3005,2.4524,2.3834,8484000000.0,5183000000.0,20662000000.0,101039000000.0,7.024,101039000000.0,5563000000.0
290,IFF,"International Flavors & Fragrances, Inc.",1.1029,-6.8784,-6.8784,2439000000.0,819000000.0,3001000000.0,11656000000.0,1.1029,11656000000.0,268000000.0
291,ES,Eversource Energy (D/B/A),3.5483,4.0253,4.0192,3807005000.0,797340000.0,2823308000.0,9863085000.0,3.5416,9863085000.0,1220527000.0
292,LEN,Lennar Corporation,15.9204,15.8316,15.7662,,2509488000.0,9166387000.0,33671010000.000004,15.72,33671010000.000004,4614125000.0
293,FAST,Fastenal Company,1.8942,1.894,1.8892,1630200000.0,768400000.0,3215800000.0,6980600000.0,1.89,6980600000.0,1086900000.0
294,HPQ,HP Inc.,3.0857,3.0478,3.0135,5254000000.0,2357000000.0,11331000000.0,62106000000.0,3.0505,62106000000.0,3203000000.0
295,AWK,"American Water Works Company, Inc.",6.9396,7.2418,7.2418,1877000000.0,502000000.0,1517000000.0,3930000000.0,6.9396,3930000000.0,1263000000.0
296,VRSK,"Verisk Analytics, Inc.",4.1164,6.485,6.4399,1511400000.0,410300000.0,1557200000.0,2998600000.0,4.0786,2998600000.0,666200000.0
297,FERG,Ferguson plc,9.7474,10.0718,10.0164,3220000000.0,2340000000.00116,8455000000.01275,28566000000.0429,9.6939,28566000000.0429,2122000000.00319
298,ALNY,"Alnylam Pharmaceuticals, Inc.",-7.1998,-9.7715,-9.7715,-749487000.0,223190000.0,704143000.0,844287000.0,-7.1998,844287000.0,-852824000.0
299,WTW,Willis Towers Watson Public Limited Company,32.9844,22.9504,22.9348,1993000000.0,1484000000.0,6926000000.0,9024000000.0,32.7287,9024000000.0,4222000000.0
300,CEG,Constellation Energy Corporation,-0.6276,-0.4616,-0.4626,2993000000.0,105000000.0,-72000000.0,19649000000.0,-0.6276,19649000000.0,-205000000.0
301,EFX,"Equifax, Inc.",6.105,5.8085,5.753,1697000000.0,560900000.0,2462600000.0,4923900000.0,6.021,4923900000.0,744200000.0
302,VEEV,Veeva Systems Inc.,2.7888,2.5614,2.4422,508655000.0,398444000.0,1333031000.0,1850777000.0,2.6337,1850777000.0,427390000.0
303,EBAY,eBay Inc.,-3.3405,-5.4793,-5.4793,2871000000.0,1697000000.0,7828000000.0,10485000000.0,-3.3405,10485000000.0,-2178000000.0
304,MTB,M&T Bank Corporation,11.59,11.5875,11.526,,,,8603723000.0,11.53,8603723000.0,1991663000.0
305,CBRE,CBRE Group Inc,5.4785,6.1473,6.0549,2305213000.0,1452920000.0,5640658000.0,27746036000.0,5.4062,27746036000.0,1836574000.0
306,ZBH,"Zimmer Biomet Holdings, Inc.",1.9252,1.3238,1.3188,2124800000.0000005,1033300000.0,4880300000.0,7836200000.0,1.9088,7836200000.0,401600000.0
307,IT,"Gartner, Inc.",9.3332,9.384,9.2764,1182312000.0,867780000.0,3077464000.0,4733962000.0,9.2085,4733962000.0,793560000.0
308,CDW,CDW Corporation,7.1379,7.7105,7.6076,1938400000.0,1233200000.0,3568500000.0,20820800000.0,7.0363,20820800000.0,988600000.0
309,CQP,"Cheniere Energy Partners, LP",3.0021,-0.5227,-0.5227,1686000000.0,-233000000.0,2385000000.0,9262000000.0,3.0021,9262000000.0,1453000000.0
310,EIX,Edison International,1.9974,1.8943,1.8868,5281000000.0,1026000000.0,3502000000.0,14905000000.0,1.9974,14905000000.0,819000000.0
311,SGEN,Seagen Inc.,-3.7049,-3.4618,-3.4618,-548270000.0,402178000.0,1262806000.0,1574371000.0,-3.7049,1574371000.0,-674471000.0
312,ULTA,"Ulta Beauty, Inc.",18.0947,22.8851,22.7465,1920634000.0,962817000.0,3368554000.0,8630889000.0,17.9763,8630889000.0,985837000.0
313,YUMC,"Yum China Holdings, Inc.",2.346,2.0348,2.0112,1828000000.0,519000000.00018096,1363000000.00176,9853000000.01268,2.2811,9853000000.01268,990000000.001274
314,FANG,"Diamondback Energy, Inc.",12.3526,24.6152,24.5508,7874000000.0,1691000000.0,4231000000.0,6797000000.0,12.3027,6797000000.0,2182000000.0
315,TROW,"T. Rowe Price Group, Inc.",6.7336,6.7224,6.6904,2607400000.0,1284300000.0,5474600000.0,6488400000.0,6.7,6488400000.0,1521800000.0
316,CCEP,Coca-Cola Europacific Partners plc,2.5454,3.4716,3.4681,3368537780.0,,5990279312.48654,16267603428.9172,2.5398,16267603428.9172,1160705265.36342
317,FRC,FIRST REPUBLIC BANK,8.326,8.316,8.2589,,,,6753000000.0,8.25,6753000000.0,1665000000.0
318,HZNP,Horizon Therapeutics Public Limited Company,2.3697,2.5092,2.4323,1161477000.0,691227000.0,2431898000.0,3226410000.0,2.2679,3226410000.0,534491000.0
319,DAL,"Delta Air Lines, Inc.",2.0658,2.0635,2.0452,5647000000.0,2620000000.0,7815000000.0,50582000000.0,2.06,50582000000.0,1318000000.0
320,TSCO,Tractor Supply Company,9.7786,9.7816,9.7082,1778005000.0,1268805000.0,4629142000.0,14204717000.0,9.71,14204717000.0,1088712000.0
321,FITB,Fifth Third Bancorp,3.3835,3.3804,3.3534,,,,9355000000.0,3.35,9355000000.0,2446000000.0
322,HRL,Hormel Foods Corporation,1.8351,1.835,1.8195,1495022000.0,548243000.0,2129585000.0,12458806000.0,1.8196,12458806000.0,999987000.0
323,HIG,"Hartford Financial Services Group, Inc. (The)",6.7144,5.8296,5.7418,,,,22390000000.0,6.6196,22390000000.0,2365000000.0
324,TTD,"The Trade Desk, Inc.",0.2889,-0.0201,-0.0216,80919000.0,324649000.0,974913000.0,1196467000.0,0.2763,1196467000.0,137762000.0
325,RJF,"Raymond James Financial, Inc.",7.1558,7.3588,7.1744,,2993000000.0,10557000000.0,11176000000.0,6.9763,11176000000.0,1506000000.0
326,CRWD,"CrowdStrike Holdings, Inc.",-1.0337,-0.7662,-0.7662,-49044000.0,421991000.0,1066229000.0,1451594000.0,-1.0337,1451594000.0,-234802000.0
327,VMC,Vulcan Materials Company (Holding Company),5.0512,4.4692,4.4487,1686203000.0,492900000.0,1373400000.0,5552200000.0,5.0247,5552200000.0,670800000.0
328,ACGL,Arch Capital Group Ltd.,5.3437,3.1982,3.1211,,,,8883578000.0,5.229,8883578000.0,2141748000.0
329,FE,FirstEnergy Corp.,2.2679,2.1985,2.1946,2931000000.0,800000000.0,2920000000.0,11132000000.0,2.2637,11132000000.0,1236000000.0
330,GPC,Genuine Parts Company,6.2662,8.3729,8.3265,1997747000.0,1893104000.0,6343165000.0,18870510000.0,6.232,18870510000.0,898790000.0
331,DTE,DTE Energy Company,4.6891,5.8022,5.7804,3434000000.0,754000000.0,2143000000.0,15059000000.0,4.665,15059000000.0,905000000.0
332,RPRX,Royalty Pharma plc,1.4941,1.1604,1.1604,954390000.0,,2266467000.0,2289463000.0,1.494,2289463000.0,619728000.0
333,DDOG,"Datadog, Inc.",-0.0671,-0.0437,-0.0488,35921000.0,342726000.0,793939000.0,1028784000.0000002,-0.0671,1028784000.0000002,-20745000.0
334,FTV,Fortive Corporation,1.6444,1.9374,1.9142,1368400000.0,845400000.0,3009900000.0,5254700000.0,1.629,5254700000.0,608400000.0
335,K,Kellogg Company,4.3636,4.3817,4.347,2045000000.0,1140000000.0,4492000000.0,14181000000.0,4.3382,14181000000.0,1488000000.0
336,VRSN,"VeriSign, Inc.",7.0065,7.5257,7.5196,967243000.0,306900000.0,1135643000.0,1327576000.0,6.997,1327576000.0,784830000.0
337,PFG,Principal Financial Group Inc,6.3591,20.9314,20.6189,,,,14262700000.0,6.2682,14262700000.0,1710600000.0
338,SIRI,Sirius XM Holdings Inc.,0.3235,0.2956,0.292,2606000000.0,1019000000.0,3834000000.0,8696000000.0,0.3191,8696000000.0,1314000000.0
339,ANSS,"ANSYS, Inc.",5.2196,5.3831,5.3418,713074000.0,406723000.0,1633518000.0,1906715000.0,5.1602,1906715000.0,454627000.0
340,BAX,Baxter International Inc.,2.5578,-4.7112,-4.7224,3140000000.0,1402000000.0,5220000000.0,12784000000.0,2.5276,12784000000.0,1284000000.0
341,TSN,"Tyson Foods, Inc.",9.1728,9.163,9.0859,5392000000.0,1239000000.0,6461000000.0,53282000000.0,9.0955,53282000000.0,3238000000.0
342,AEE,Ameren Corporation,3.8627,4.0133,3.9956,2835000000.0,743000000.0,1845000000.0,6394000000.0,3.8432,6394000000.0,990000000.0
343,IR,Ingersoll Rand Inc.,1.1377,1.5531,1.5336,1188300000.0,481500000.0,1655600000.0,5152400000.0,1.1204,5152400000.0,471900000.0
344,LH,Laboratory Corporation of America Holdings,24.5843,18.8739,18.7364,3394100000.0,994500000.0,5254700000.0,16120900000.0,24.3826,16120900000.0,2377300000.0
345,DASH,"DoorDash, Inc.",-1.3894,-2.4142,-2.4142,-523000000.0,652000000.0,2394000000.0,4888000000.0,-1.3894,4888000000.0,-468000000.0
346,ETR,Entergy Corporation,5.5663,6.1876,6.1609,3745758000.0,1029335000.0,2699890000.0,11705217000.0,5.5406,11705217000.0,1118719000.0
347,PPL,PPL Corporation,0.1691,0.949,0.9476,2528000000.0,441000000.0,1631000000.0,5783000000.0,0.1687,5783000000.0,129000000.0
348,RF,Regions Financial Corporation,2.2952,2.2953,2.2767,,,,7615000000.0,2.28,7615000000.0,2245000000.0
349,MLM,"Martin Marietta Materials, Inc.",11.351,13.5605,13.5224,1712300000.0,487800000.0,1336500000.0,5414000000.0,11.3147,5414000000.0,708300000.0
350,ZM,"Zoom Video Communications, Inc.",4.6402,2.3407,2.2827,844078000.0,764110000.0,3045310000.0,4099863999.999999,4.4962,4099863999.999999,1375057000.0
351,HBAN,Huntington Bancshares Incorporated,1.4747,1.4741,1.4499,,,,7948000000.0,1.45,7948000000.0,2238000000.0
352,RBLX,Roblox Corporation,-0.8392,-1.312,-1.312,-590834000.0,48814000.0,427492000.0,1919181000.0,-0.8392,1919181000.0,-491651000.0
353,BMRN,BioMarin Pharmaceutical Inc.,-0.3504,0.4546,0.4161,72217000.0,357876000.0,1313631000.0,1846079000.0,-0.3504,1846079000.0,-64080000.0
354,PWR,"Quanta Services, Inc.",3.4508,3.023,2.9304,1452998000.0,621683000.0,1787893000.0,12980213000.0,3.3428,12980213000.0,485956000.0
355,TECK,Teck Resources Ltd,4.25967374,6.1175316,6.00430018,8017247000.0,1315132000.0,3846269000.0,10658078600.0,4.19666292,10658078600.0,2267440800.0
356,LUV,Southwest Airlines Company,0.9089,0.9088,0.7904,2281000000.0,1007000000.0,4752000000.0,23814000000.0,0.87,23814000000.0,539000000.0
357,STLD,"Steel Dynamics, Inc.",21.0623,20.9385,20.7999,5439656000.0,901650000.0,5637443000.0,22260774000.0,20.92,22260774000.0,3862674000.0
358,CFG,"Citizens Financial Group, Inc.",4.118,4.1046,4.0837,,,,8985000000.0,4.1,8985000000.0,2073000000.0
359,ALGN,"Align Technology, Inc.",9.7827,6.5,6.4653,902011000.0,622868000.0,2953568000.0,3952584000.0,9.6902,3952584000.0,772020000.0
360,HPE,Hewlett Packard Enterprise Company,0.6662,0.6635,0.6499,4425000000.0,2368000000.0,8825000000.0,28108000000.0,0.6566,28108000000.0,868000000.0
361,BIP,Brookfield Infrastructure Partners LP Limited Partnership,1.0988,0.689,0.689,5503000000.0,1037000000.00073,3290000000.0069,11537000000.0242,1.0988,11537000000.0242,556000000.001166
362,QSR,Restaurant Brands International Inc.,2.67942246,2.88035586,2.85152412,2040128517.352,912671446.0197272,3317549792.882844,5688502617.673924,2.66811688,5688502617.673924,830626449.4878476
363,STE,STERIS plc (Ireland),2.5005,-0.0844,-0.1062,1316252000.0,532693000.0,2012441000.0,4585064000.0,2.4804,4585064000.0,243888000.0
364,NU,Nu Holdings Ltd.,-0.0358,-0.0287,-0.0288,-143516000.0,500012000.0060909,883445000.010764,1385247000.01688,-0.0358,1385247000.01688,-164993000.002011
365,CAH,"Cardinal Health, Inc.",-3.3441,-3.9712,-3.979,2268000000.0,1543000000.0,6230000000.0,181359000000.0,-3.3441,181359000000.0,-933000000.0
366,HOLX,"Hologic, Inc.",5.1764,5.1658,5.1184,2069199999.9999995,510900000.0,2969600000.0,4862800000.0,5.1291,4862800000.0,1302000000.0
367,HEI,Heico Corporation,2.5857,2.5854,2.5474,587820000.0,260640000.0,938820000.0,2208322000.0,2.5477,2208322000.0,351675000.0
368,DOV,Dover Corporation,7.8085,8.1095,8.0487,1646513000.0,774832000.0,2975381000.0,7907081000.0,7.7359,7907081000.0,1123818000.0
369,MKC,"McCormick & Company, Incorporated",2.5429,2.543,2.5237,1116400000.0,623500000.0,2272900000.0,6350500000.0,2.5241,6350500000.0,682000000.0
370,NTRS,Northern Trust Corporation,6.1562,6.1568,6.1381,,,,7751700000.0,6.14,7751700000.0,1324200000.0
371,PODD,Insulet Corporation,0.2482,0.2446,0.2367,125700000.0,186400000.0,756000000.0,1098800000.0,0.245,1098800000.0,16800000.0
372,LCID,"Lucid Group, Inc.",-6.4116,-1.1366,-1.4138,-2148001000.0,-297026000.0,-127786000.0,27111000.0,-6.4116,27111000.0,-2579761000.0
373,CHD,"Church & Dwight Company, Inc.",3.3789,3.032,2.9842,1181600000.0,520400000.0,2143199999.9999995,5190100000.0,3.3153,5190100000.0,827500000.0
374,TDY,Teledyne Technologies Incorporated,,,16.5226,,616900000.0,2330300000.0,5458600000.0,16.4979,5458600000.0,788600000.0
375,CTRA,Coterra Energy Inc.,2.2962,4.943,4.9204,7067359000.0,1769000000.0,2057000000.0,3670000000.0,2.2917,3670000000.0,1158000000.0
376,WST,"West Pharmaceutical Services, Inc.",8.8952,8.4731,8.3,903100000.0,267500000.0,1173400000.0,2830700000.0,8.6737,2830700000.0,661800000.0
377,WAT,Waters Corporation,11.252,11.5311,11.4638,1004570000.0,403212000.0,1624514000.0,2785874000.0,11.1698,2785874000.0,692843000.0
378,EPAM,"EPAM Systems, Inc.",8.5232,7.1261,6.8676,658521000.0,370062000.0,1186403000.0,3758144000.0,8.1548,3758144000.0,481652000.0
379,JBHT,"J.B. Hunt Transport Services, Inc.",,,9.2062,2016759000.0,366265000.0,1651851000.0,14813999000.0,9.2077,14813999000.0,969351000.0
380,MPWR,"Monolithic Power Systems, Inc.",5.2785,8.401,8.1021,509530000.0,290902000.0,685459000.0,1207798000.0,5.0538,1207798000.0,242023000.0
381,BBY,"Best Buy Co., Inc.",9.9433,6.7353,6.6902,2994000000.0,2311000000.0,11552000000.0,51761000000.0,9.8436,51761000000.0,2454000000.0
382,SPOT,Spotify Technology S.A.,-0.2101,-1.0237,-1.5655,-284637140.0,744974520.237498,3032963045.7432,11427391553.4861,-1.2128,11427391553.4861,-40187351.3465586
383,PAYC,"Paycom Software, Inc.",3.3853,4.3146,4.3015,488661000.0,244349000.0,789855000.0,1055523999.9999998,3.3675,1055523999.9999998,195960000.0
384,TTWO,"Take-Two Interactive Software, Inc.",3.6197,-0.086,-0.1136,710199000.0,545900000.0,1968166000.0,3504800000.0,3.5797,3504800000.0,418022000.0
385,CNP,"CenterPoint Energy, Inc (Holding Co)",2.346,2.4271,2.4216,2576000000.0,293000000.0,1891000000.0,8352000000.0,2.2806,8352000000.0,1486000000.0
386,MKL,Markel Corporation,176.9231,-9.6061,-9.8283,,,,12837535000.0,176.5128,12837535000.0,2471877000.0
387,WAB,Westinghouse Air Brake Technologies Corporation,2.9622,3.6167,3.6064,1527400000.0,580000000.0,2135000000.0,7822000000.0,2.9559,7822000000.0,556000000.0
388,GRMN,Garmin Ltd.,5.6312,5.0145,4.9982,1239203000.0,670499000.0,2890459000.0,4982795000.0,5.606,4982795000.0,1082200000.0
389,INCY,Incyte Corporation,4.3034,3.9586,3.9352,690649000.0,757327000.0,2798932000.0,2986267000.0,4.2715,2986267000.0,948581000.0
390,WMG,Warner Music Group Corp.,1.0569,1.0624,1.0624,1095000000.0,616000000.0,2500000000.0,5919000000.0,1.0569,5919000000.0,544000000.0
391,WRB,W.R. Berkley Corporation,4.9884,4.9893,4.9458,,,,11181413000.0,4.94,11181413000.0,1381062000.0
392,LPLA,LPL Financial Holdings Inc.,5.7482,7.9416,7.7933,1253540000.0,763357000.0,2224029000.0,7720830000.0,5.6258,7720830000.0,459866000.0
393,LYV,"Live Nation Entertainment, Inc.",-3.088,0.8353,0.7258,1197055000.0,1343594000.0,1496181000.0,6268447000.0,-3.088,6268447000.0,-670675000.0
394,CHWY,"Chewy, Inc.",-0.1769,-0.0494,-0.0507,94294000.0,697159000.0,2318882000.0,8890773000.0,-0.1769,8890773000.0,-73817000.0
395,ICLR,ICON plc,2.2826,5.6978,5.626,1420851000.0,424729000.001394,1193227000.01233,5480826000.05666,2.2505,5480826000.05666,153185000.001584
396,RKT,"Rocket Companies, Inc.",2.3615,0.8872,0.8303,2619902000.0,740066000.0,9925972000.0,10000685000.0,2.3225,10000685000.0,308360000.0
397,XYL,Xylem Inc.,2.369,1.7697,1.7615,874000000.0,530000000.0,1979000000.0,5199000000.0,2.3523,5199000000.0,427000000.0
398,NIO,NIO Inc.,-1.0423,-1.0118,-1.0118,,253177483.46758,972098727.849287,5603103644.204559,-1.0423,5603103644.204559,-1639280763.49883
399,FSLR,"First Solar, Inc.",4.4107,0.8914,0.8812,246756000.0,21145000.0,729531000.0,2923377000.0,4.3834,2923377000.0,468693000.0
400,CMS,CMS Energy Corporation,4.6644,4.4631,4.4541,2269000000.0,345000000.0,1535000000.0,7329000000.0,4.6563,7329000000.0,1353000000.0
401,MGA,"Magna International, Inc.",4.9922437,2.9865058,2.97046408,3097753169.9539995,755997754.1487397,3531649211.8438826,35874538289.15703,4.95603422,35874538289.15703,1500678334.7548878
402,IEP,Icahn Enterprises L.P. - Depositary,-2.3231,-1.4262,-1.4442,1116000000.0,305000000.0,2333000000.0,12283000000.0,-2.3231,12283000000.0,-604000000.0
403,EXPE,"Expedia Group, Inc.",-1.7965,2.8989,2.7266,2014000000.0,2965000000.0,6262000000.0,8598000000.0,-1.7965,8598000000.0,12000000.0
404,BALL,Ball Corporation,2.6933,3.0095,2.9608,1734000000.0,382000000.0,2032000000.0,13932000000.0,2.6476,13932000000.0,878000000.0
405,SNAP,Snap Inc.,-0.313,-0.6902,-0.6907,-944291000.0,630976000.0,2267372000.0,4117048000.0,-0.313,4117048000.0,-487955000.0
406,DRI,"Darden Restaurants, Inc.",7.4554,7.3129,7.2497,1473600000.0,345200000.0,1624700000.0,9630000000.0,7.386,9630000000.0,952800000.0
407,FOX,Fox Corporation,2.129,1.9997,1.9957,2966000000.0,1437000000.0,4494000000.0,13974000000.0,2.114,13974000000.0,1205000000.0
408,ZS,"Zscaler, Inc.",-2.77,-2.5928,-2.5928,-182973000.0,278238000.0,847629000.0,1090946000.0,-2.77,1090946000.0,-390278000.0
409,MOH,Molina Healthcare Inc,11.4014,14.5079,14.3628,,,,27771000000.0,11.2457,27771000000.0,659000000.0
410,AES,The AES Corporation,-0.6201,-0.4131,-0.4616,3427000000.0,897000000.0,2713000000.0,11142000000.0,-0.6201,11142000000.0,-413000000.0
411,BR,"Broadridge Financial Solutions, Inc.",4.6195,4.4626,4.4042,1222100000.0,292900000.0,1619600000.0,5736500000.0,4.5494,5736500000.0,539100000.0
412,CAG,"ConAgra Brands, Inc.",1.8493,1.4209,1.4151,2189300000.0,917000000.0,2823500000.0,11535900000.0,1.842,11535900000.0,888200000.0
413,IEX,IDEX Corporation,5.9118,7.594,7.559,883838000.0,381800000.0,1361500000.0,2764800000.0,5.8809,2764800000.0,449400000.0
414,ROL,"Rollins, Inc.",0.7127,0.7023,0.7022,556840000.0,357264000.0,1167478000.0,2424300000.0,0.7127,2424300000.0,350687000.0
415,AMCR,Amcor plc,0.5297,0.554,0.5518,2068000000.0,670000000.002896,2800000000.01077,14544000000.056,0.529,14544000000.056,805000000.0031
416,CLX,Clorox Company (The),3.7526,3.2872,3.2696,905000000.0,620000000.0,2491000000.0,7107000000.0,3.7286,7107000000.0,462000000.0
417,CINF,Cincinnati Financial Corporation,18.2981,-0.2702,-0.3641,,,,9630000000.0,18.107,9630000000.0,2946000000.0
418,KEY,KeyCorp,1.9462,1.9466,1.9273,,,,8130000000.0,1.93,8130000000.0,1917000000.0
419,PINS,"Pinterest, Inc.",0.4944,0.0978,0.0826,105988000.0,501947000.0,2048706999.9999995,2578027000.0,0.4077,2578027000.0,316438000.0
420,TW,Tradeweb Markets Inc.,1.1262,1.3179,1.2959,575455000.0,242337000.0,905139000.0,1076447000.0,1.0944,1076447000.0,226828000.0
421,SWKS,"Skyworks Solutions, Inc.",7.8522,7.8355,7.7943,2247900000.0,646700000.0,2505400000.0,5485500000.0,7.8089,5485500000.0,1275200000.0
422,SIVB,SVB Financial Group,25.5818,25.589,25.3447,,,,7253000000.0,25.35,7253000000.0,1672000000.0
423,OMC,Omnicom Group Inc.,6.5693,6.2708,6.2304,2395500000.0,632400000.0,2527100000.0,14289400000.0,6.5297,14289400000.0,1407800000.0
424,MRO,Marathon Oil Corporation,1.202,5.2194,5.207,5456000000.0,1083000000.0,2138000000.0,5601000000.0,1.2005,5601000000.0,946000000.0
425,OWL,Blue Owl Capital Inc.,-0.929,-0.0261,-0.0261,365708000.0,302686000.0,707350000.0,823878000.0,-0.929,823878000.0,-376171000.0
426,UI,Ubiquiti Inc.,6.1382,5.5544,5.5521,437416000.0,171368000.0,669812000.0,1691692000.0,6.1348,1691692000.0,378657000.0
427,PKI,"PerkinElmer, Inc.",8.1202,4.7948,4.778,1461424000.0,350844000.0,2680068000.0,5067169000.0,8.0848,5067169000.0,943283000.0
428,HUBS,"HubSpot, Inc.",-1.66,-2.3746,-2.3746,-49259000.0,361431000.0,1041800999.9999998,1300658000.0,-1.66,1300658000.0,-77837000.0
429,ETSY,"Etsy, Inc.",3.879,-5.099,-5.4064,492183000.0,420068000.0,1674602000.0,2329114000.0,3.3978,2329114000.0,493507000.0
430,SEDG,"SolarEdge Technologies, Inc.",3.2407,2.1169,2.0267,264930000.0,222158000.0,628985000.0,1963865000.0,3.0225,1963865000.0,169170000.0
431,COO,"The Cooper Companies, Inc.",7.8256,7.8237,7.7636,921200000.0,498200000.0,1986800000.0,3308400000.0,7.7626,3308400000.0,385800000.0
432,EXPD,"Expeditors International of Washington, Inc.",8.3685,9.6003,9.5112,2173507000.0,653345000.0,2351699000.0,16523517000.0,8.2657,16523517000.0,1415492000.0
433,TRGP,"Targa Resources, Inc.",-0.0704,1.0759,1.0338,3439700000.0,748500000.0,2093300000.0000005,17440400000.0,-0.0704,17440400000.0,71200000.0
434,HWM,Howmet Aerospace Inc.,0.5954,1.0317,1.0185,1244000000.0,337000000.0,1134000000.0,4972000000.0,0.5885,4972000000.0,258000000.0
435,RIVN,"Rivian Automotive, Inc.",-5.2057,-8.2643,-8.2643,-6949000000.0,-969000000.0,-662000000.0,55000000.0,-5.2057,55000000.0,-4688000000.0
436,DGX,Quest Diagnostics Incorporated,15.904,10.3444,10.1481,2304000000.0,849000000.0,4140000000.0,10788000000.0,15.5312,10788000000.0,1988000000.0
437,MOS,Mosaic Company (The),4.3126,10.3345,10.2285,6418900000.0,1502000000.0,3186700000.0,12357400000.0,4.2731,12357400000.0,1630600000.0
438,NET,"Cloudflare, Inc.",-0.8335,-0.6956,-0.6956,-21939000.0,191890000.0,509292000.0,656426000.0,-0.8335,656426000.0,-260309000.00000003
439,FMC,FMC Corporation,5.7218,5.1806,5.1498,1386900000.0,485400000.0,2201200000.0,5045200000.0,5.6889,5045200000.0,734700000.0
440,SYF,Synchrony Financial,6.1907,6.1467,6.106,,3254000000.0,12187000000.0,13195000000.0,6.15,13195000000.0,2974000000.0
441,ATO,Atmos Energy Corporation,5.6185,5.6634,5.6528,1456637000.0,186104000.0,1273190000.0,4201662000.000001,5.6077,4201662000.000001,773890000.0
442,AGR,"Avangrid, Inc.",1.9744,2.3216,2.319,2795000000.0,533000000.0,1618000000.0,7090000000.0,1.9717,7090000000.0,707000000.0
443,BRO,"Brown & Brown, Inc.",2.4207,2.3849,2.3648,1286500000.0,852100000.0,3387600000.0,3573400000.0,2.37,3573400000.0,671800000.0
444,CF,"CF Industries Holdings, Inc.",4.2651,15.3108,15.2352,6281000000.0,915000000.0,2361000000.0,6538000000.0,4.2414,6538000000.0,917000000.0
445,FICO,Fair Isaac Corporation,14.3438,15.1348,14.9498,600330000.0,268026000.0,1073035000.0000002,1377270000.0,14.1777,1377270000.0,373541000.0
446,SJM,J.M. Smucker Company (The) New,5.8378,5.3428,5.334,1453700000.0,662800000.0,2419300000.0,7998900000.0,5.8378,7998900000.0,629900000.0
447,FDS,FactSet Research Systems Inc.,10.4827,11.2135,10.9762,757280000.0,277773000.0,972786000.0,1843892000.0,10.2467,1843892000.0,396917000.0
448,RCL,D/B/A Royal Caribbean Cruises Ltd.,-20.8906,-11.8225,-11.8226,-568301000.0,638237000.0,-2443935000.0,1532133000.0,-20.8906,1532133000.0,-5260499000.0
449,NVR,"NVR, Inc.",345.3751,480.1552,447.828,2016009300.0,688049000.0,1979675300.0,8742789000.0,320.4839,8742789000.0,1236719000.0
450,ZBRA,Zebra Technologies Corporation,15.6606,8.8405,8.7604,1075000000.0,560000000.0,2515000000.0,5629000000.0,15.5281,5629000000.0,837000000.0
451,AVTR,"Avantor, Inc.",0.8603,0.9394,0.891,1565600000.0,650700000.0,2211900000.0,7386100000.0,0.8472,7386100000.0,572600000.0
452,CHKP,Check Point Software Technologies Ltd.,6.1277,6.1661,6.1205,911800000.0,501400000.000446,1895500000.00163,2166800000.00186,6.082,2166800000.00186,815600000.000702
453,UAL,"United Airlines Holdings, Inc.",,,2.1695,4933000000.0,1827000000.0,4012000000.0,44955000000.0,2.2327,44955000000.0,737000000.0
454,PTC,PTC Inc.,2.6715,2.671,2.6478,609962000.0,403290000.0,1512397000.0,1933347000.0,2.648,1933347000.0,313081000.0
455,BEN,"Franklin Resources, Inc.",2.5328,2.5312,2.5282,2347800000.0,1362900000.0,5964200000.0,8199900000.0,2.5297,8199900000.0,1237800000.0
456,TER,"Teradyne, Inc.",4.5161,4.5184,4.2183,959219000.0,426738000.0,1877462000.0,3155045000.0,4.22,3155045000.0,715501000.0
457,CPB,Campbell Soup Company,2.5149,2.6399,2.6268,1553000000.0,806000000.0,2587000000.0,8562000000.0,2.5066,8562000000.0,757000000.0
458,TME,Tencent Music Entertainment Group,0.2828,0.2874,0.285,,350635667.812949,1421691829.14733,4844512979.59201,0.2793,4844512979.59201,469659128.638593
459,EDR,"Endeavor Group Holdings, Inc.",-1.117,1.1732,1.1386,869334000.0,759327000.0,2197652000.0,5077713000.0,-1.117,5077713000.0,-296625000.0
460,LKQ,LKQ Corporation,3.675,4.2201,4.2059,1691838000.0,1218000000.0,5062536000.0,13088504000.0,3.6641,13088504000.0,1090873000.0
461,AER,AerCap Holdings N.V.,6.8331,-4.6664,-4.6951,5296215000.0,928125000.003052,2460209000.02543,4517156000.0467,6.7145,4517156000.0467,1000507000.01034
462,PLTR,Palantir Technologies Inc.,-0.2705,-0.2744,-0.2744,-164178000.0,370269000.0,1202485000.0,1541889000.0,-0.2705,1541889000.0,-520379000.0
463,SPLK,Splunk Inc.,-8.2851,-4.2845,-4.2845,-475882000.0,728004000.0,1939695000.0,2673664000.0,-8.2851,2673664000.0,-1339097000.0
464,J,Jacobs Solutions Inc.,5.0056,5.0097,4.9791,1380290000.0,777568000.0,3091938000.0,14886325000.0,4.9754,14886325000.0,644039000.0
465,TPL,Texas Pacific Land Corporation,34.827,55.0555,55.0346,580855000.0,167314000.0,381456000.0,450958000.0,34.827,450958000.0,269980000.0
466,MGM,MGM Resorts International,2.4403,2.9664,2.9248,2333248000.0,289991000.0,3498921000.0,9680140000.0,2.4132,9680140000.0,1176072000.0
467,WLK,Westlake Corporation,15.6637,20.6502,20.5085,4660000000.0,737000000.0,3372000000.0,11778000000.0,15.5791,11778000000.0,2005000000.0
468,AVY,Avery Dennison Corporation,8.9276,9.9703,9.8906,1428100000.0,619200000.0,2309200000.0,8408299999.999999,8.8317,8408299999.999999,740100000.0
469,BURL,"Burlington Stores, Inc.",6.1398,2.5095,2.479,636129000.0,774927000.0,3624355000.0,9309727000.0,6.0012,9309727000.0,408839000.0
470,SSNC,"SS&C Technologies Holdings, Inc.",3.1299,2.7208,2.6161,1816100000.0,629700000.0,2421800000.0,5051000000.0,2.9929,5051000000.0,800000000.0
471,PARA,Paramount Global,7.0184,4.7629,4.6879,3219000000.0,2364000000.0,10452000000.0,28586000000.0,6.8684,28586000000.0,4543000000.0
472,FLT,"FleetCor Technologies, Inc.",10.2303,12.3658,12.1384,1748973000.0,650474000.0,2030765000.0,2833736000.0,9.9868,2833736000.0,839497000.0
473,GEN,Gen Digital Inc.,1.4389,1.0162,0.9912,1130000000.0,600000000.0,2303000000.0,2796000000.0,1.4146,2796000000.0,836000000.0
474,TXT,Textron Inc.,,,4.0098,1346000000.0,,,12869000000.0,4.0052,12869000000.0,861000000.0
475,POOL,Pool Corporation,16.2078,19.6479,19.4394,1082909000.0,503687000.0,1617092000.0,5295584000.0,15.966,5295584000.0,646303000.0
476,MTCH,"Match Group, Inc.",1.008,0.3845,0.3201,948609000.0,542299000.0,2074007999.9999995,2983277000.0,0.9278,2983277000.0,277214000.0
477,MDB,"MongoDB, Inc.",-4.753,-5.373,-5.373,-324168000.0,237669000.0,605190000.0,873782000.0,-4.753,873782000.0,-306866000.0
478,BG,Bunge Limited Bunge Limited,14.4949,10.2884,9.8284,2970000000.0,526000000.0,5108000000.0,59150000000.0,13.6382,59150000000.0,2078000000.0
479,VTRS,Viatris Inc.,-1.0499,0.6628,0.6597,5222800000.0,1767100000.0,6196000000.0,17855400000.0,-1.0499,17855400000.0,-1269100000.0
480,L,Loews Corporation,6.0769,3.9956,3.9904,,,,14672000000.0,6.0646,14672000000.0,1578000000.0
481,GRAB,Grab Holdings Limited,-6.3877,-0.6195,-0.6195,-1424000000.0,61000000.0,-395000000.0,675000000.0,-6.3877,675000000.0,-3449000000.0
482,APA,APA Corporation,2.6016,10.4986,10.4682,6438000000.0,1417000000.0,3272000000.0,7985000000.0,2.5947,7985000000.0,973000000.0
483,LW,"Lamb Weston Holdings, Inc.",1.3808,3.2825,3.2701,867100000.0,381600000.0,832000000.0,4098899999.999999,1.377,4098899999.999999,200900000.0
484,EVRG,"Evergy, Inc.",3.8415,3.4745,3.4661,2300000000.0,685100000.0,1739400000.0,5586700000.0,3.8314,5586700000.0,879700000.0
485,NTAP,"NetApp, Inc.",4.2018,6.7257,6.6008,1482000000.0,1084000000.0,4214000000.0,6325000000.0,4.0917,6325000000.0,937000000.0
486,TRMB,Trimble Inc.,1.9598,1.9196,1.9049,768000000.0,504300000.0,1957900000.0,3659100000.0,1.9375,3659100000.0,492700000.0
487,ARES,Ares Management Corporation,2.2518,0.9091,0.8839,717106000.0,432877000.0,2391263000.0,4308496000.0,2.1473,4308496000.0,390713000.0
488,WDC,Western Digital Corporation,4.8077,2.9316,2.9008,2979000000.0,1043000000.0,6169000000.0,18793000000.0,4.7468,18793000000.0,1500000000.0
489,IPG,"Interpublic Group of Companies, Inc. (The)",2.4244,2.5419,2.5126,1684600000.0,354500000.0,1569100000.0,10240700000.0,2.3916,10240700000.0,952800000.0
490,BIO,"Bio-Rad Laboratories, Inc.",142.3319,-201.8073,-201.8073,635418000.0,375092000.0,1665661000.0,2922545000.0,140.5556,2922545000.0,4245902000.0
491,MKTX,"MarketAxess Holdings, Inc.",6.6783,6.6783,6.6511,391443000.0,143445000.0,586227000.0,718300000.0,6.65,718300000.0,250224000.0
492,CRBG,Corebridge Financial Inc.,11.4031,18.344,18.344,,,,22099000000.0,11.4031,22099000000.0,7355000000.0
493,STX,Seagate Technology Holdings PLC,7.4954,2.8622,2.8084,1403000000.0,258000000.0,3469000000.0,11661000000.0,7.3616,11661000000.0,1649000000.0
494,AKAM,"Akamai Technologies, Inc.",4.006,3.1633,3.1206,1338463000.0,499390000.0,2062313999.9999995,3461223000.0,3.9302,3461223000.0,651642000.0
495,AXON,"Axon Enterprise, Inc.",-0.9067,1.4665,1.4358,73674000.0,193257000.0,531086000.0,863381000.0,-0.9067,863381000.0,-60018000.0
496,RE,"Everest Re Group, Ltd.",34.6608,13.2847,13.282,,,,11866263000.0,34.6246,11866263000.0,1360887000.0
497,NDSN,Nordson Corporation,8.9036,8.9088,8.8141,802283000.0,363183000.0,1426536000.0,2590278000.0,8.8088,2590278000.0,513103000.0
498,U,Unity Software Inc.,-1.8203,-2.6874,-2.6874,-572891000.0,210978000.0,856896000.0,1110526000.0,-1.8203,1110526000.0,-532607000.0
499,LNT,Alliant Energy Corporation,2.6339,2.6557,2.6522,1565000000.0,337000000.0,899000000.0,3669000000.0,2.6286,3669000000.0,674000000.0
