,Ticker,Description,Current Ratio (MRQ),Debt to Equity Ratio (MRQ),Net Debt (MRQ),Quick Ratio (MRQ),Total Assets (MRQ),Total Debt (MRQ),Total Current Assets (MRQ)
0,AAPL,Apple Inc.,0.87935603,2.61446164,84176000000.0,0.84723539,352755000000.0,132480000000.0,135405000000.0
1,MSFT,Microsoft Corporation,1.93131256,0.42583108,-21523000000.0,1.89484569,364552000000.0,77985000000.0,157823000000.0
2,GOOG,Alphabet Inc.,2.51760409,0.11566637,-86923000000.0,2.46977068,358255000000.0,29336000000.0,166109000000.0
3,AMZN,"Amazon.com, Inc.",0.93659298,1.05157504,85687000000.0,0.67550565,428362000000.0,144580000000.0,131463000000.0
4,BRK.A,Berkshire Hathaway Inc.,4.04776443,0.26449982,13703000000.0,3.54356646,902296000000.0,122661000000.0,201522000000.0
5,TSLA,"Tesla, Inc.",1.46235423,0.1428363,-15615000000.0,1.04274511,74426000000.0,5874000000.0,35990000000.0
6,V,Visa Inc.,1.43951842,0.55484238,1910000000.0,1.43951842,85387000000.0,20487000000.0,27859000000.0
7,NVDA,NVIDIA Corporation,3.38774617,0.55028339,-1395000000.0,2.73800146,40488000000.0,11748000000.0,23223000000.0
8,XOM,Exxon Mobil Corporation,1.34071053,0.23532581,14964000000.0,1.01533954,370152000000.0,45428000000.0,99289000000.0
9,UNH,UnitedHealth Group Incorporated,0.77399509,0.66734224,29712000000.0,,245705000000.0,57623000000.0,69069000000.0
10,JNJ,Johnson & Johnson,1.43240454,0.42932211,-2052000000.0,,175124000000.0,32027000000.0,65236000000.0
11,JPM,JP Morgan Chase & Co.,1.50218737,1.85578383,514808000000.0,,3665743000000.0,542505000000.0,1647183000000.0
12,META,"Meta Platforms, Inc.",2.57041477,0.21339468,-15527000000.0,2.57041477,178894000000.0,26481000000.0,58315000000.0
13,WMT,Walmart Inc.,0.86462607,0.81335606,53793000000.0,0.22655017,247656000000.0,65380000000.0,87680000000.0
14,MA,Mastercard Incorporated,1.17182979,2.19899639,6026000000.0,,38724000000.0,14023000000.0,16606000000.0
15,CVX,Chevron Corporation,1.39638858,0.14564846,5438000000.0,,257709000000.0,23339000000.0,51503000000.0
16,LLY,Eli Lilly and Company,1.12694853,1.5629113,13146300000.0,0.8821936,47461500000.0,15888400000.0,17639900000.0
17,PG,Procter & Gamble Company (The),0.56434213,0.77992174,28028000000.0,0.36971558,117715000000.0,34882000000.0,21866000000.0
18,HD,"Home Depot, Inc. (The)",1.3871911,38.29969183,47251000000.0,0.32792422,76866000000.0,49713000000.0,33681000000.0
19,BABA,Alibaba Group Holding Limited,1.77011761,0.14913309,-51586332355.5949,1.77011761,241509899593.859,22766245487.3643,95570425315.883
20,BAC,Bank of America Corporation,0.90051223,1.82486997,468215000000.0,,3050706000000.0,498549000000.0,867766000000.0
21,MRK,"Merck & Company, Inc.",1.45930081,0.6831821,19036000000.0,1.21519263,107081000000.0,30418000000.0,33561000000.0
22,KO,Coca-Cola Company (The),1.12593871,1.62002783,26367000000.0,0.95298288,92471000000.0,39587000000.0,24139000000.0
23,ABBV,AbbVie Inc.,0.92822206,4.34304611,57727000000.0,0.83125459,141325000000.0,69606000000.0,30364000000.0
24,PFE,"Pfizer, Inc.",1.58873042,0.39475299,546000000.0,1.37405786,195350000000.0,36669000000.0,70403000000.0
25,AVGO,Broadcom Inc.,2.62393647,1.7604474,27562000000.0,2.35096427,73249000000.0,39978000000.0,18504000000.0
26,ORCL,Oracle Corporation,0.64786394,-24.078125,83569000000.0,0.64786394,128469000000.0,90919000000.0,17561000000.0
27,PEP,"PepsiCo, Inc.",0.91774841,2.05095375,32503000000.0,0.72209878,94461000000.0,39245000000.0,23543000000.0
28,COST,Costco Wholesale Corporation,1.03275169,0.42121438,-2627000000.0,0.47113436,66027000000.0,9046000000.0,34150000000.0
29,TMO,Thermo Fisher Scientific Inc,1.73583378,0.66686487,26227000000.0,1.22117287,90536000000.0,29160000000.0,19299000000.0
30,MCD,McDonald's Corporation,1.6467686,-7.20171484,44459600000.0,1.63431915,48501600000.0,47287900000.0,5740800000.0
31,CSCO,"Cisco Systems, Inc.",1.45167898,0.2446613,-9931000000.0,1.34467384,93054000000.0,9853000000.0,36141000000.0
32,DIS,Walt Disney Company (The),0.93585113,0.48219196,40641000000.0,0.875933,203631000000.0,52259000000.0,27208000000.0
33,NKE,"Nike, Inc.",2.69114619,0.82012834,1904000000.0,1.77674282,39647000000.0,12525000000.0,27447000000.0
34,ABT,Abbott Laboratories,1.85895997,0.45741835,6507000000.0,,72801000000.0,16414000000.0,24845000000.0
35,DHR,Danaher Corporation,1.89331267,0.3928329,13682000000.0,1.5225891,84350000000.0,19677000000.0,15883000000.0
36,TMUS,"T-Mobile US, Inc.",0.81279873,1.62742694,107276000000.0,0.7275624,213499000000.0,114164000000.0,21427000000.0
37,ACN,Accenture plc,1.25590225,0.13944283,-2603751000.0,1.25590225,47115774000.0,3300047000.0,20672460000.0
38,WFC,Wells Fargo & Company,0.61542752,1.24269416,191419000000.0,,1881016000000.0,226015000000.0,313348000000.0
39,VZ,Verizon Communications Inc.,0.75455941,1.9070439,173726000000.0,0.70696219,379680000000.0,176331000000.0,37857000000.0
40,CMCSA,Comcast Corporation,0.78265859,1.15569614,90062000000.0,,257275000000.0,94811000000.0,21826000000.0
41,ADBE,Adobe Inc.,1.10679134,0.32972742,-1463000000.0,1.10679134,27165000000.0,4633000000.0,8996000000.0
42,CRM,"Salesforce, Inc.",0.9688923,0.24673552,2726000000.0,0.9688923,91884000000.0,14644000000.0,17660000000.0
43,MS,Morgan Stanley,1.34741638,2.52421086,294518000000.0,,1180231000000.0,252777000000.0,632868000000.0
44,PM,Philip Morris International Inc,0.91637782,-3.67702283,21847000000.0,0.57202003,40717000000.0,27221000000.0,19035000000.0
45,LIN,Linde plc,0.74384171,0.39389815,11582000000.0,0.62067592,74323000000.0,15338000000.0,11203000000.0
46,NFLX,"Netflix, Inc.",1.16839029,0.81490288,10873112000.0,1.16839029,48594768000.0,16931563999.999998,9266473000.0
47,TXN,Texas Instruments Incorporated,4.69715243,0.59923167,-332000000.0,3.77353434,27207000000.0,8735000000.0,14021000000.0
48,BMY,Bristol-Myers Squibb Company,1.4155309,1.22533146,30919000000.0,1.30596936,98196000000.0,40110000000.0,26796000000.0
49,UPS,"United Parcel Service, Inc.",1.39136829,1.40510949,12494000000.0,1.39136829,69544000000.0,23870000000.0,24598000000.0
50,COP,ConocoPhillips,1.46124169,0.34558569,6539000000.0,1.3736515,94837000000.0,16961000000.0,20453000000.0
51,NEE,"NextEra Energy, Inc.",0.50533808,1.3443281,63365000000.0,0.43289005,158935000000.0,64966000000.0,13490000000.0
52,QCOM,QUALCOMM Incorporated,1.74650261,0.89707434,9777000000.0,1.15304231,49014000000.0,16159000000.0,20724000000.0
53,RTX,Raytheon Technologies Corporation,1.08511019,0.45139731,27280000000.0,0.81367285,158864000000.0,33500000000.0,42443000000.0
54,T,AT&T Inc.,0.58939348,1.45297162,150978000000.0,0.53379738,402853000000.0,154679000000.0,33108000000.0
55,SCHW,Charles Schwab Corporation (The),,1.03551913,-45300000000.0,,551800000000.0,37900000000.0,
56,HON,Honeywell International Inc.,1.24385665,0.97873153,9982000000.0,0.94008504,60287000000.0,17947000000.0,22525000000.0
57,CAT,"Caterpillar, Inc.",1.40974108,2.33804891,30179000000.0,0.8514999,80907000000.0,36525000000.0,42577000000.0
58,AMGN,Amgen Inc.,1.67901751,10.59512729,27226000000.0,1.34707976,63700000000.0,38704000000.0,24062000000.0
59,PDD,Pinduoduo Inc.,2.26577663,0.15880443,-23917698837.996,2.26577663,29488377707.5808,2399128215.2526703,27297255189.5303
60,AXP,American Express Company,,1.83408521,12726000000.0,,214915000000.0,43908000000.0,
61,DE,Deere & Company,1.27284528,2.56427764,46693000000.0,1.01639245,90030000000.0,52201000000.0,42163000000.0
62,BA,Boeing Company (The),1.21621952,-3.69649167,41362000000.0,0.34837649,137100000000.0,58582000000.0,109523000000.0
63,SBUX,Starbucks Corporation,0.76692017,-2.73659282,20621900000.0,0.52908717,27978400000.0,23804800000.0,7018700000.0
64,UNP,Union Pacific Corporation,0.71594203,2.84683055,33607000000.0,,65449000000.0,34626000000.0,3952000000.0
65,IBM,International Business Machines Corporation,0.89354071,2.45279506,45172000000.0,0.84427869,127243000000.0,54013000000.0,28151000000.0
66,LOW,"Lowe's Companies, Inc.",1.19711631,-2.96953684,34556000000.0,0.24784441,46973000000.0,38212000000.0,24991000000.0
67,GS,"Goldman Sachs Group, Inc. (The)",1.63378176,3.95726496,221000000000.0,,1442000000000.0,463000000000.0,1093000000000.0
68,SPGI,S&P Global Inc.,0.82765452,0.2845615,10107000000.0,0.82765452,61813000000.0,11496000000.0,4178000000.0
69,LMT,Lockheed Martin Corporation,1.32126896,1.79646018,14099000000.0,1.1268962,52880000000.0,16646000000.0,20991000000.0
70,INTU,Intuit Inc.,1.36962406,0.47308147,4877000000.0,1.36962406,27085000000.0,7601000000.0,4554000000.0
71,AMD,"Advanced Micro Devices, Inc.",2.15513376,0.05298669,-2701000000.0,1.65162158,67811000000.0,2890000000.0,14420000000.0
72,ELV,"Elevance Health, Inc.",1.40107316,0.66258174,16727000000.0,,102772000000.0,24114000000.0,55617000000.0
73,INTC,Intel Corporation,1.56762556,0.41109153,14122000000.0,1.15636759,182103000000.0,42460000000.0,50407000000.0
74,CVS,CVS Health Corporation,0.94381914,1.00085902,50932000000.0,0.69443025,231212000000.0,71072000000.0,68341000000.0
75,BX,Blackstone Inc.,,0.68395591,8967267000.0,,42524227000.0,13460982000.0,
76,BLK,"BlackRock, Inc.",,0.21942965,1550000000.0,,115430000000.0,8364000000.0,
77,MDT,Medtronic plc.,1.7558244,0.51130492,15187000000.0,1.40636018,93241000000.0,26617000000.0,25398000000.0
78,GILD,"Gilead Sciences, Inc.",1.30039336,1.19784395,18985000000.0,1.1600307,62557000000.0,25223000000.0,13554000000.0
79,C,"Citigroup, Inc.",1.54930278,2.58200141,490569000000.0,,2416676000000.0,521146000000.0,1095732000000.0
80,EL,"Estee Lauder Companies, Inc. (The)",1.68203377,1.18482213,4556000000.0,1.10946689,19989000000.0,7494000000.0,8866000000.0
81,CI,Cigna Corporation,0.73379545,0.71076596,25000000000.0,,139383000000.0,32079000000.0,30170000000.0
82,BKNG,Booking Holdings Inc. Common Stock,1.45265129,2.58038147,308000000.0,1.45265129,22063000000.0,9470000000.0,12410000000.0
83,SYK,Stryker Corporation,2.03850361,0.80325579,11727000000.0,1.18901772,35983000000.0,13224000000.0,9318000000.0
84,TJX,"TJX Companies, Inc. (The)",1.15624194,2.22843397,9258694000.0,0.41483594,28428450000.0,12623372000.0,12988793000.0
85,CB,Chubb Limited,0.37335128,0.39316526,16466000000.0,,175795000000.0,18730000000.0,26353000000.0
86,ADP,"Automatic Data Processing, Inc.",0.98568581,1.11233134,1977200000.0,,54453000000.0,3322200000.0,46143600000.0
87,AMAT,"Applied Materials, Inc.",2.15815151,0.47802198,3248000000.0,1.35424854,26726000000.0,5829000000.0,15925000000.0
88,PYPL,"PayPal Holdings, Inc.",1.27475248,0.54081129,110000000.0,1.27475248,76435000000.0,10959000000.0,55105000000.0
89,NOW,"ServiceNow, Inc.",1.04662781,0.44356121,-2048000000.0,,13299000000.0,2232000000.0,6285000000.0
90,MDLZ,"Mondelez International, Inc.",0.69199078,0.83190851,19992000000.0,0.45506599,68036000000.0,22187000000.0,9910000000.0
91,GE,General Electric Company,1.16308146,0.86078442,7479000000.0,0.85748152,187788000000.0,32350000000.0,66234000000.0
92,ADI,"Analog Devices, Inc.",2.02156752,0.19030496,5468960000.0,1.44845588,50302350000.0,6939532000.0,4937992000.0
93,ISRG,"Intuitive Surgical, Inc.",6.02684281,0.0,-4319000000.0,5.39919893,12974000000.0,0.0,8576799999.999999
94,MMC,"Marsh & McLennan Companies, Inc.",,1.25332589,12030000000.0,,33454000000.0,13472000000.0,
95,VRTX,Vertex Pharmaceuticals Incorporated,4.70279385,0.06328667,-8951600000.0,4.55401832,16706400000.000002,824600000.0,12271000000.0
96,REGN,"Regeneron Pharmaceuticals, Inc.",5.35864129,0.12599119,-4320600000.0,4.52083912,27677800000.0,2701100000.0,15428600000.0
97,SLB,Schlumberger N.V.,1.24837743,0.67963756,9332000000.0,0.91562656,43135000000.0,12226000000.0,15003000000.0
98,MO,"Altria Group, Inc.",0.49648018,-6.21242911,23793000000.0,0.35988638,33953000000.0,26291000000.0,4020000000.0
99,PGR,Progressive Corporation (The),0.8626047,0.43227623,6022100000.0,,68849900000.0,6387400000.0,21009600000.0
100,DUK,Duke Energy Corporation (Holding Company),0.76702933,1.41691426,73302000000.0,0.56084437,176340000000.0,73919000000.0,12972000000.0
101,TGT,Target Corporation,0.85746121,1.75360741,18369000000.0,0.13774545,55615000000.0,19323000000.0,20393000000.0
102,EOG,"EOG Resources, Inc.",1.77532196,0.22302822,47000000.0,1.62356422,40487000000.0,5319000000.0,10201000000.0
103,ZTS,Zoetis Inc.,2.27465278,1.44766195,4242000000.0,1.475,13674000000.0,6749000000.0,6551000000.0
104,USB,U.S. Bancorp,0.31689345,1.38673095,17503000000.0,,674805000000.0,71045000000.0,53542000000.0
105,SO,Southern Company (The),0.80954613,1.58603505,54641000000.0,0.60010937,134005000000.0,56650000000.0,10363000000.0
106,HCA,"HCA Healthcare, Inc.",1.37780246,-545.69863014,38928000000.0,1.16895577,52438000000.0,39836000000.0,13643000000.0
107,BDX,"Becton, Dickinson and Company",1.04224811,0.65528835,15400000000.0,0.62949686,52934000000.0,16567000000.0,8141000000.0
108,ITW,Illinois Tool Works Inc.,1.41074681,2.53085601,6854000000.0,0.9537796,15226000000.0,7628000000.0,6196000000.0
109,APD,"Air Products and Chemicals, Inc.",1.81282821,0.60769646,5025200000.0,1.66446419,27192600000.0,8326900000.0,6282900000.0
110,MRNA,"Moderna, Inc.",2.10033789,0.07008671,-7087000000.0,1.79521081,26056000000.0,1261000000.0,14297000000.0
111,ABNB,"Airbnb, Inc.",1.85476201,0.42619604,-7267922000.0,1.85476201,16076590000.0,2361184000.0,14866524000.0
112,MU,"Micron Technology, Inc.",3.51279693,0.22210279,370000000.0,2.23172414,67874000000.0,10951000000.0,22921000000.0
113,NOC,Northrop Grumman Corporation,1.06222491,0.97962382,12423000000.0,0.97781997,43755000000.0,15000000000.0,12308000000.0
114,FISV,"Fiserv, Inc.",1.06147191,0.68635006,20482000000.0,1.06147191,75640000000.0,21375000000.0,19875000000.0
115,PNC,"PNC Financial Services Group, Inc. (The)",0.27603907,1.28160744,51670000000.0,,557263000000.0,58713000000.0,34363000000.0
116,AON,Aon plc,,-17.47313433,10764000000.0,,31223000000.0,11707000000.0,
117,BSX,Boston Scientific Corporation,1.44942237,0.50646259,8484000000.0,0.94533671,31947000000.0,8934000000.0,5144000000.0
118,LRCX,Lam Research Corporation,3.01496001,0.60246874,415437000.0,1.95490972,19206381000.0,5003283000.0,13708788000.0
119,TFC,Truist Financial Corporation,0.09759422,1.1005666,61246000000.0,,555255000000.0,66625000000.0,29569000000.0
120,ETN,"Eaton Corporation, PLC",1.28363144,0.58715767,8937000000.0,0.76837517,34364000000.0,9455000000.0,8540000000.0
121,CME,CME Group Inc.,,0.13982967,1724300000.0,,178431500000.0,3950300000.0,
122,FCX,"Freeport-McMoRan, Inc.",2.4606777,0.42700334,2474000000.0,1.64428684,51093000000.0,10620000000.0,15613000000.0
123,WM,"Waste Management, Inc.",0.8513302,2.00556189,13882000000.0,0.80985915,29841000000.0,14063000000.0,3264000000.0
124,CSX,CSX Corporation,1.7185008,1.43887293,16138000000.0,,42242000000.0,18537000000.0,4310000000.0
125,GD,General Dynamics Corporation,1.37298742,0.56527359,9254000000.0,0.96088912,51585000000.0,10496000000.0,21063000000.0
126,MMM,3M Company,1.5423711,1.09681787,12307000000.0,0.97826315,46455000000.0,16200000000.0,14688000000.0
127,HUM,Humana Inc.,1.34569478,0.64944536,-2961000000.0,,50765000000.0,10597000000.0,33711000000.0
128,CL,Colgate-Palmolive Company,1.28499623,10.87593052,7991000000.0,0.76375974,15731000000.0,8766000000.0,5113000000.0
129,MPC,Marathon Petroleum Corporation,1.65548466,0.82593634,16761000000.0,1.19409778,89694000000.0,27896000000.0,35285000000.0
130,SHW,Sherwin-Williams Company (The),0.99110843,4.03207505,12309100000.0,0.55047226,22594000000.0,12507900000.0,5907700000.0
131,CHTR,"Charter Communications, Inc.",0.33294654,7.88756076,98336000000.0,0.33294654,145370000000.0,98981000000.0,4017000000.0
132,ICE,Intercontinental Exchange Inc.,,0.82011597,11172000000.0,,211292000000.0,18387000000.0,
133,ATVI,"Activision Blizzard, Inc",5.75504829,0.1919396,-7298000000.0,5.75504829,25620000000.0,3610000000.0,13110000000.0
134,UBER,"Uber Technologies, Inc.",1.03858093,1.5222973,5807000000.0,1.03858093,31112000000.0,11265000000.0,9368000000.0
135,MELI,"MercadoLibre, Inc.",1.33547558,3.49601471,1231000000.0,1.31262496,11962000000.0,5702000000.0,9351000000.0
136,OXY,Occidental Petroleum Corporation,1.10258349,0.76211699,20624000000.0,0.85847511,72144000000.0,21888000000.0,8749000000.0
137,SCCO,Southern Copper Corporation,3.3400458,0.97273204,5235200000.0,2.63065733,17083200000.0,7420000000.0,4959300000.0
138,MCO,Moody's Corporation,1.803485,3.27942387,6224000000.0,1.803485,13939000000.0,7969000000.0,3726000000.0
139,NTES,"NetEase, Inc.",2.30747472,0.2644391,-12703657631.9944,2.29111618,24355210824.6838,4088943620.2616696,18557089068.1405
140,BN,Brookfield Corporation,,1.55848809,188456200325.18,,416169227349.5,207315125064.0,
141,MET,"MetLife, Inc.",2.2345551,0.73391236,-3610000000.0,,650104000000.0,18590000000.0,56027000000.0
142,EPD,Enterprise Products Partners L.P.,0.8592696,1.08072157,28914000000.0,0.61324339,68441000000.0,29655000000.0,11082000000.0
143,KLAC,KLA Corporation,2.30310228,2.39175342,3360006000.0,1.57506947,13729074000.0,6226356000.0,8020556000.0
144,PXD,Pioneer Natural Resources Company,1.02709832,0.24349645,3760000000.0,0.9263789,35746000000.0,5588000000.0,4283000000.0
145,NSC,Norfolk Southern Corporation,0.75764439,1.19233488,14726000000.0,0.66213666,38885000000.0,15182000000.0,2007000000.0
146,MAR,Marriott International,0.51799775,9.80714958,9380000000.0,0.51799775,24763000000.0,10425000000.0,3684000000.0
147,VLO,Valero Energy Corporation,1.3821087,0.49382454,7607000000.0,0.99541836,59329000000.0,11635000000.0,24133000000.0
148,MCK,McKesson Corporation,0.96052278,-5.77421938,4296000000.0,0.54949645,63081000000.0,7212000000.0,46448000000.0
149,MNST,Monster Beverage Corporation,4.1870552,0.00639078,-2606271000.0,3.41771944,8204805000.0,43558000.0,4696691000.0
150,SNPS,"Synopsys, Inc.",1.08584253,0.11806954,-910716000.0,1.00945864,9418087000.0,656371000.0,3012669000.0
151,EMR,Emerson Electric Company,1.09373795,0.66597205,9062000000.0,0.81200977,35672000000.0,10866000000.0,8506000000.0
152,D,"Dominion Energy, Inc.",0.71467302,1.53970532,43654000000.0,0.56958593,103535000000.0,43994000000.0,8699000000.0
153,DG,Dollar General Corporation,1.23288501,2.69746526,16075099000.0,0.13414445,29007158000.0,16437830000.000002,8017016000.0
154,F,Ford Motor Company,1.19875342,3.0831096,89592000000.0,1.03003316,246919000000.0,129765000000.0,108088000000.0
155,VMW,"Vmware, Inc.",0.70152841,14.53722084,7719000000.0,0.70152841,28126000000.0,11717000000.0,7298000000.0
156,GM,General Motors Company,1.14264619,1.61404389,80000000000.0,0.95233887,260529000000.0,112607000000.0,98271000000.0
157,SHOP,Shopify Inc.,6.64256132,0.14941652,-3642553000.0,6.64256132,11203285000.0,1298879000.0,6012986000.0
158,SRE,DBA Sempra,0.56980602,0.90767865,25851000000.0,0.50523226,75563000000.0,26585000000.0,4465000000.0
159,PSX,Phillips 66,1.30130858,0.53009697,13913000000.0,1.06117884,77339000000.0,17657000000.0,23270000000.0
160,CDNS,"Cadence Design Systems, Inc.",1.32895066,0.29459427,-228252000.0,1.23803296,4968087000.0,797799000.0,1670483000.0
161,KHC,The Kraft Heinz Company,0.90490444,0.41515835,19073000000.0,0.4979277,89992000000.0,20070000000.0,7860000000.0
162,BIDU,"Baidu, Inc.",2.45851868,0.41374484,-12558664259.9276,2.45851868,54861377481.9486,13465844990.9745,29461868231.0465
163,ORLY,"O'Reilly Automotive, Inc.",0.69586649,-5.42575094,6473482000.0,0.09103456,12238028000.0,6540542000.0,4760756000.0
164,SNOW,Snowflake Inc.,3.04059384,0.0468861,-3688606000.0,3.04059384,7155688000.0,254276000.0,4497166000.0
165,KDP,Keurig Dr Pepper Inc.,0.59795382,0.52890323,12348000000.0,0.38766763,51440000000.0,13276000000.0,4325000000.0
166,AEP,"American Electric Power Company, Inc.",0.78740157,1.56591181,37604600000.0,0.69159542,91249400000.0,38384100000.0,9320000000.0
167,SQ,"Block, Inc.",1.86146047,0.30293622,-623813000.0,1.84731455,29120932000.0,5007517000.0,13548761000.0
168,PANW,"Palo Alto Networks, Inc.",0.66172469,7.79862205,152400000.0,0.66172469,12543800000.0,3961700000.0,5422900000.0
169,EW,Edwards Lifesciences Corporation,3.82819479,0.11045707,-1053000000.0,3.00261466,8638200000.0,686800000.0,3513900000.0
170,AIG,"American International Group, Inc. New",20.36313686,0.7422258,28005000000.0,,449385000000.0,30432000000.0,40767000000.0
171,JCI,Johnson Controls International plc,1.0273156,0.58769107,8161000000.0,0.80398612,42658000000.0,10227000000.0,11546000000.0
172,KKR,KKR & Co. Inc.,,0.80000127,29956437000.0,,266248640000.0,41586302000.0,
173,HES,Hess Corporation,1.72412281,1.06111562,6664000000.0,,21729000000.0,9150000000.0,3931000000.0
174,APH,Amphenol Corporation,2.42109787,0.6452827,3143500000.0,1.63876537,15326200000.0,4577700000.0,6479100000.0
175,NXPI,NXP Semiconductors N.V.,2.0823237,1.51144211,7403000000.02023,1.59117738,22940000000.062702,11162000000.0305,6703000000.01832
176,FDX,FedEx Corporation,1.29759954,1.57727555,33390000000.0,1.2509438,85591000000.0,38036000000.0,18217000000.0
177,GIS,"General Mills, Inc.",0.57889707,1.13190193,11096100000.0,0.34852631,31319800000.0,11740200000.0,5330600000.0
178,AZO,"AutoZone, Inc.",0.76164042,-2.4592583,9116855000.0,0.11774363,15315933000.0,9438444000.0,6633118000.0
179,HSY,The Hershey Company,0.7946417,1.69111797,4886111000.0,0.4451227,10832907000.0,5213852000.0,2692734000.0
180,AFL,AFLAC Incorporated,0.89717838,0.31185823,2822000000.0,,127339000000.0,7532000000.0,7504000000.0
181,WDAY,"Workday, Inc.",1.82606672,0.6029264,-2242491000.0,1.82606672,12389787000.0,3261294000.0,6799175000.0
182,ADM,Archer-Daniels-Midland Company,1.50719393,0.37751367,8143000000.0,,58304000000.0,9180000000.0,34569000000.0
183,ADSK,"Autodesk, Inc.",0.73156652,3.34988962,1231000000.0,0.73156652,8635000000.0,3035000000.0,2788000000.0
184,A,"Agilent Technologies, Inc.",2.03009135,0.55061263,1868000000.0,1.47232671,10532000000.0,2921000000.0,3778000000.0
185,ROP,"Roper Technologies, Inc.",0.6680726,0.41537493,5868900000.0,0.62959378,26980800000.0,6661700000.0,1932400000.0
186,CTVA,"Corteva, Inc.",1.68703745,0.11373784,115000000.0,1.07983853,40651000000.0,2853000000.0,15045000000.0
187,CMG,"Chipotle Mexican Grill, Inc.",1.31738433,1.60230233,2945267000.0,1.27611551,6817437000.0,3729168000.0,1077432000.0
188,CTAS,Cintas Corporation,1.22714784,0.90364689,3010196000.0,0.89579253,8427007000.0,3099995000.0,1906665000.0
189,LVS,Las Vegas Sands Corp.,1.8304335,4.04469717,9640000000.0,,6310000000.0,15950000000.0,6310000000.0
190,FIS,"Fidelity National Information Services, Inc.",0.77485188,0.41559925,16984000000.0,0.77485188,78317000000.0,18916000000.0,10593000000.0
191,TRV,"The Travelers Companies, Inc.",0.27083456,0.33821892,6493000000.0,,106630000000.0,7292000000.0,13841000000.0
192,COF,Capital One Financial Corporation,0.99247315,0.92645772,43122000000.0,,455249000000.0,48715000000.0,33360000000.0
193,KMB,Kimberly-Clark Corporation,0.78115626,8.79123173,7995000000.0,0.47177529,17970000000.0,8422000000.0,5729000000.0
194,ECL,Ecolab Inc.,1.35177478,1.26245786,8837800000.0,0.87389656,21037000000.0,8950700000.0,5099300000.0
195,NUE,Nucor Corporation,3.39319923,0.3419204,1833552000.0,2.13364878,32479210000.0,6691350000.0,14691684000.0
196,CNC,Centene Corporation,1.06208107,0.84234375,6577000000.0,,81172000000.0,21564000000.0,33275000000.0
197,MSI,"Motorola Solutions, Inc.",1.2354034,-16.22335025,5570000000.0,0.92834395,11625000000.0,6392000000.0,4655000000.0
198,IQV,"IQVIA Holdings, Inc.",0.90462593,2.36637367,11292000000.0,0.90462593,24223000000.0,12653000000.0,4752000000.0
199,NEM,Newmont Corporation,2.71944923,0.28630841,2314000000.0,1.99053356,39143000000.0,6127000000.0,6320000000.0
200,STZ,"Constellation Brands, Inc.",1.29390826,1.39643443,11987300000.0,0.63262385,24463000000.0,12172300000.0,3525900000.0
201,MCHP,Microchip Technology Incorporated,1.05420737,1.20194655,7028800000.0,0.64832178,16141100000.0,7335600000.0,2676000000.0
202,EXC,Exelon Corporation,0.80933808,1.57281751,37473000000.0,0.72249627,93455000000.0,38663000000.0,7055000000.0
203,PAYX,"Paychex, Inc.",1.30381371,0.27292297,-445100000.0,1.30381371,9214300000.0,874800000.0,6198200000.0
204,AJG,Arthur J. Gallagher & Co.,,0.69803704,1450900000.0,,38907800000.0,6415100000.0,
205,BIIB,Biogen Inc.,2.48721475,0.51962904,1722900000.0,2.13702119,24854200000.0,6634000000.0,9765800000.0
206,ROST,"Ross Stores, Inc.",1.95171481,1.3765416,1790582000.0,1.23178513,13100095000.0,5708518000.0,6761189000.0
207,DOW,Dow Inc.,1.80716618,0.78627571,12766000000.0,1.19045098,60603000000.0,16706000000.0,20477000000.0
208,DVN,Devon Energy Corporation,1.15867052,0.61188335,5425000000.0,1.15867052,23557000000.0,6735000000.0,4009000000.0
209,DXCM,"DexCom, Inc.",3.77401444,1.16864894,-239700000.0,3.42865075,4899200000.0,2132199999.9999995,3398500000.0
210,PH,Parker-Hannifin Corporation,1.30354749,1.5916259,13442166000.0,0.73428976,29954907000.0,13963977000.0,7167827000.0
211,KMI,"Kinder Morgan, Inc.",0.54877345,0.98984866,31043000000.0,,70078000000.0,31788000000.0,3803000000.0
212,MSCI,MSCI Inc,1.43069116,-4.3367756,3805291000.0,1.43069116,4777527000.0,4672403000.0,1526908000.0
213,ET,Energy Transfer LP,1.08147292,1.17512969,47907000000.0,0.86000178,105735000000.0,48252000000.0,12159000000.0
214,LHX,"L3Harris Technologies, Inc.",1.09875278,0.42176908,7248000000.0,0.86622245,33381000000.0,7777000000.0,6431000000.0
215,TT,Trane Technologies plc,1.13589397,0.82431327,3757200000.0102696,0.78440177,17739800000.0485,4837400000.01322,6299100000.01722
216,BK,The Bank of New York Mellon Corporation,3.61846677,1.05728274,-53495000000.0,,405783000000.0,43190000000.0,148918000000.0
217,LULU,lululemon athletica inc.,1.99131487,0.34169572,685859000.0,0.67466086,5309436000.0,1038483000.0,2634181000.0
218,TEAM,Atlassian Corporation,1.23988753,2.7302549,-210912000.000772,1.23988753,3371432000.0123,1312196000.00479,1856956000.00678
219,IDXX,"IDEXX Laboratories, Inc.",0.84254903,3.16406967,1406918000.0,0.54423692,2640067000.0,1506094000.0,1002587000.0
220,FTNT,"Fortinet, Inc.",1.07288819,-1.58943481,-740500000.0,0.99525112,5335900000.0,989900000.0,2982200000.0
221,TEL,TE Connectivity Ltd. New Switzerland Registered Shares,1.65565611,0.37059644,3457000000.0,0.99343891,21353000000.0,4250000000.0,7318000000.0
222,APO,"Apollo Global Management, Inc. (New)",,5.14726265,1874000000.0,,250340000000.0,14855000000.0,
223,SYY,Sysco Corporation,1.20180263,10.06677255,11104378000.0,0.67914708,22210943000.0,11542048000.0,10767267000.0
224,RSG,"Republic Services, Inc.",0.69517669,1.25827933,11860300000.0,0.66322144,28401000000.0,11941700000.0,2199400000.0
225,HLT,Hilton Worldwide Holdings Inc.,0.88439822,-10.41247265,8155000000.0,0.88439822,15508000000.0,9517000000.0,2976000000.0
226,SE,Sea Limited,1.78375135,1.08143422,-3272770429.2405,1.76639426,17282221618.7318,5359713413.26171,12577815688.4244
227,TDG,Transdigm Group Inc.,3.96143058,-5.27987254,16883000000.0,3.02734923,18107000000.0,19884000000.0,5649000000.0
228,PRU,"Prudential Financial, Inc.",2.77623696,1.6814901,8736000000.0,,677756000000.0,28888000000.0,41241000000.0
229,ANET,"Arista Networks, Inc.",4.00958633,0.0107331,-2933004000.0,3.03544153,6162010000.0,47067000.0,5031678000.0
230,PCAR,PACCAR Inc.,1.43029114,0.80489394,5510200000.0,1.12429025,33275500000.0,10377900000.0,10277500000.0
231,WMB,"Williams Companies, Inc. (The)",0.88459239,1.68274623,22548000000.0,0.79549532,48672000000.0,23407000000.0,4438000000.0
232,XEL,Xcel Energy Inc.,1.03813991,1.54577637,24753000000.0,,59975000000.0,25326000000.0,5090000000.0
233,LNG,"Cheniere Energy, Inc.",0.76864,-6.89930716,26536000000.0,0.64821333,43642000000.0,29874000000.0,7206000000.0
234,MFC,Manulife Financial Corporation,0.06806593,0.23276116,-1866475800.0,,567814744400.0,9710298800.0,18182061200.0
235,HAL,Halliburton Company,2.04901777,1.12109816,6597000000.0,1.50215154,23255000000.0,8943000000.0,10952000000.0
236,AMP,"Ameriprise Financial, Inc.",,1.49045115,-1712000000.0,,158468000000.0,5385000000.0,
237,CARR,Carrier Global Corporation,1.61982372,1.25994908,6412000000.0,1.17678364,25350000000.0,9403000000.0,9740000000.0
238,YUM,"Yum! Brands, Inc.",1.28215434,-1.35670803,11179000000.0,,5779000000.0,11589000000.0,1595000000.0
239,DD,"DuPont de Nemours, Inc.",2.3860991,0.47978669,10340000000.0,1.99384769,44099000000.0,12236000000.0,14350000000.0
240,MRVL,"Marvell Technology, Inc.",1.31365176,0.33054824,4419600000.0,0.9180233,22522100000.0,5143000000.0,3179300000.0
241,EA,Electronic Arts Inc.,1.34400625,0.24095922,5000000.0,,13079000000.0,1879000000.0,3442000000.0
242,ODFL,"Old Dominion Freight Line, Inc.",1.738073,0.02809281,-275597000.0,1.738073,4811393000.0,99959000.0,1111197000.0
243,WBD,"Warner Bros. Discovery, Inc. - Series A",0.86345053,1.06783147,50950000000.0,0.8532979,136049000000.0,53477000000.0,12672000000.0
244,BNTX,BioNTech SE,5.35558531,0.01491863,-12882103605.0,5.28109761,22199456790.0,268424100.0,20764465470.0
245,CMI,Cummins Inc.,1.36733143,0.89365245,5623000000.0,0.84093067,29769000000.0,8588000000.0,14398000000.0
246,MPLX,MPLX LP,0.78071228,1.48735615,20171000000.0,0.72028812,35812000000.0,20292000000.0,1951000000.0
247,GOLD,Barrick Gold Corporation,3.75502742,0.15770576,-143968836.85,2.9821755,46111729110.26,5058767060.35,8157572162.48
248,ABC,AmerisourceBergen Corporation,0.91057084,80.01393234,2169664000.0,0.51753361,56560616000.0,5702833000.0,39589758000.0
249,ALL,Allstate Corporation (The),0.43260342,0.45367576,7181000000.0,,87715000000.0,7967000000.0,16753000000.0
250,ED,"Consolidated Edison, Inc.",0.83207547,1.2428013,25828000000.0,0.75471698,65763000000.0,26069000000.0,5733000000.0
251,OTIS,Otis Worldwide Corporation,0.97279706,-1.45510247,5846000000.0,0.87216288,9342000000.0,6887000000.0,5829000000.0
252,MTD,"Mettler-Toledo International, Inc.",1.1295907,-23.89706433,1856756000.0,0.74217061,3294460000.0,1978892000.0,1315902000.0
253,CTSH,Cognizant Technology Solutions Corporation,2.27024511,0.12711156,-1211000000.0,2.27024511,17347000000.0,1520000000.0,7317000000.0
254,ILMN,"Illumina, Inc.",0.93180967,0.38122122,1525000000.0,0.72236793,11256000000.0,2566000000.0,2487000000.0
255,DLTR,"Dollar Tree, Inc.",1.3765668,1.25107247,9914000000.0,0.16845679,22909500000.0,10353000000.0,6446600000.0
256,RMD,ResMed Inc.,3.17334731,0.51883283,1686264000.0,1.82363241,6676104000.0,1939463000.0,2325156000.0
257,AME,"AMETEK, Inc.",1.5285874,0.3538936,2214263000.0,0.88441186,12038932000.0,2524207000.0,2432568000.0
258,IBKR,"Interactive Brokers Group, Inc.",,0.77124408,-56175000000.0,,115143000000.0,8958000000.0,
259,DHI,"D.R. Horton, Inc.",6.18364728,0.27919854,3125700000.0,0.74921311,30264500000.0,5738200000.0,25539700000.0
260,GEHC,GE HealthCare Technologies Inc.,1.15672368,0.85998749,6804000000.0,0.85704353,27539000000.0,8249000000.0,8318000000.0
261,ROK,"Rockwell Automation, Inc.",1.03010649,1.36571268,3890100000.0,0.69100809,11149800000.0,4371100000.0,3859500000.0
262,ALB,Albemarle Corporation,1.72711239,0.50285622,2119402999.9999995,1.07826561,13828502000.0,3502206000.0,4296971000.0
263,CSGP,"CoStar Group, Inc.",15.36205838,0.16517616,-3666643000.0,15.36205838,8205862999.999999,1107822000.0,5006587000.0
264,KR,Kroger Company (The),0.75560943,2.03988317,18129000000.0,0.26705378,49987000000.0,20254000000.0,13403000000.0
265,KEYS,Keysight Technologies Inc.,3.00923952,0.48497957,-24000000.0,2.25799574,8098000000.0,2018000000.0,4234000000.0
266,BF.A,Brown Forman Inc,3.42558327,0.79276316,1314000000.0,1.82059533,6852000000.0,2410000000.0,4258000000.0
267,CPRT,"Copart, Inc.",4.45625668,0.02384627,-1423669000.0,4.34948075,5593677000.0,115722000.0,2248079000.0
268,WBA,"Walgreens Boots Alliance, Inc.",0.69635469,1.47318,32131000000.0,0.36385362,92875000000.0,36445000000.0,19523000000.0
269,PCG,Pacific Gas & Electric Co.,0.8704641,2.31268345,51596000000.0,0.81713838,117012000000.0,52003000000.0,12210000000.0
270,STT,State Street Corporation,2.29590837,0.72525902,14300000000.0,,301450000000.0,18270000000.0,114862000000.0
271,GFS,GlobalFoundries Inc.,1.45118802,0.24402599,-892000000.0,1.10459711,17208000000.0,2216000000.0,5619000000.0
272,DFS,Discover Financial Services,1.59158385,1.41236175,8307000000.0,,131628000000.0,20177000000.0,12973000000.0
273,BKR,Baker Hughes Company,1.31756208,0.45831325,4169000000.0,0.903386,34181000000.0,6657000000.0,14592000000.0
274,GLW,Corning Incorporated,1.51035417,0.64755802,5848000000.0,0.93922973,28735000000.0,7478000000.0,7804000000.0
275,LYB,LyondellBasell Industries NV,1.6148808,1.04148064,11344000000.0,0.93987425,36491000000.0,12830000000.0,12328000000.0
276,ON,ON Semiconductor Corporation,3.01499148,0.60738823,980500000.0,2.12038614,11100700000.0,3447900000.0,5309400000.0
277,PEG,Public Service Enterprise Group Incorporated,0.60314428,1.5156592,19684000000.0,0.45812518,47741000000.0,20084000000.0,4105000000.0
278,OKE,"ONEOK, Inc.",0.66817199,2.19557025,13836815000.0,0.50068307,24439243000.0,13859030000.0,2765322000.0
279,PPG,"PPG Industries, Inc.",1.51938149,1.23714193,5845000000.0,1.03812752,20868000000.0,6999000000.0,7173000000.0
280,GPN,Global Payments Inc.,0.96065785,0.60720563,11762289000.0,0.96065785,43938749000.0,13888587000.0,5453352000.0
281,APTV,Aptiv PLC,2.65512231,0.80813745,1919000000.0,2.09445386,19971000000.0,6773000000.0,10963000000.0
282,URI,"United Rentals, Inc.",1.11370143,1.7308128,12117000000.0,1.01881391,24839000000.0,12223000000.0,2723000000.0
283,NDAQ,"Nasdaq, Inc.",,0.94922128,5146000000.0,,20868000000.0,5851000000.0,
284,WEC,"WEC Energy Group, Inc.",0.8223284,1.40887022,16273200000.0,0.54794195,40761000000.0,16337400000.0,2771000000.0
285,CPNG,"Coupang, Inc.",1.22306567,0.98695698,-916385000.0,0.8740233,8126661000.0,2143637000.0000005,4928041000.0
286,GWW,"W.W. Grainger, Inc.",2.62521008,1.04683841,2367000000.0,1.46498599,7201000000.0,2682000000.0,4686000000.0
287,MBLY,Mobileye Global Inc.,3.94791667,0.31333155,2735000000.0,3.65364583,15441000000.0,3509000000.0,1516000000.0
288,ENPH,"Enphase Energy, Inc.",3.60329749,2.14641843,-107867000.0,3.33713716,2697835000.0,1309429000.0,1982664000.0
289,DELL,Dell Technologies Inc.,0.69657931,-8.36104513,22951000000.0,0.57790297,85172000000.0,28160000000.0,36227000000.0
290,IFF,"International Flavors & Fragrances, Inc.",1.79095422,0.67225852,10873000000.0,0.92995036,34537000000.0,11421000000.0,6494000000.0
291,ES,Eversource Energy (D/B/A),0.71433187,1.44463934,21811921000.0,0.65561007,51599425000.0,22297637000.0,3919654000.0
292,LEN,Lennar Corporation,7.46304594,0.16696505,-591876000.0,1.48259652,37984295000.0,4047294000.0,26745161000.0
293,FAST,Fastenal Company,3.95644467,0.25357233,565900000.0,1.79387187,4548600000.0,802100000.0,3124800000.0
294,HPQ,HP Inc.,0.75712155,-4.2131597,9149000000.0,0.4667151,38587000000.0,12294000000.0,19801000000.0
295,AWK,"American Water Works Company, Inc.",0.47746479,1.53647847,11793000000.0,0.43380282,27126000000.0,11920000000.0,1017000000.0
296,VRSK,"Verisk Analytics, Inc.",0.46376812,1.82676969,3375700000.0,0.46376812,6974600000.0,3664500000.0,918400000.0
297,FERG,Ferguson plc,1.84141315,0.90978325,4021000000.04032,1.01059863,15525000000.1557,4659000000.04671,9382000000.09408
298,ALNY,"Alnylam Pharmaceuticals, Inc.",3.48198543,-38.31578403,326273999.999999,3.3325414,3535255000.0,2591603000.0,2690847000.0
299,WTW,Willis Towers Watson Public Limited Company,,0.55018662,3938000000.0,,30991000000.0,5454000000.0,
300,CEG,Constellation Energy Corporation,1.24927095,0.47936252,4051000000.0,1.06364904,46616000000.0,5354000000.0,9853000000.0
301,EFX,"Equifax, Inc.",0.64145242,1.55792457,5640400000.0,0.64145242,11308000000.0,5882100000.0,1294900000.0
302,VEEV,Veeva Systems Inc.,4.90595845,0.01810289,-2960665000.0,4.90595845,4182716999.999999,61890000.0,3386485000.0
303,EBAY,eBay Inc.,1.33090086,1.71069442,4808000000.0,1.33090086,19097000000.0,8302000000.0,5289000000.0
304,MTB,M&T Bank Corporation,0.38514391,0.29700178,6002244000.0,,200729841000.0,7519488000.0,26596810000.0
305,CBRE,CBRE Group Inc,,0.50037224,3099987000.0,,20215330000.0,4323038000.0,
306,ZBH,"Zimmer Biomet Holdings, Inc.",1.97517097,0.46643159,5168900000.0,1.04795923,21333300000.0,5714300000.0,4534400000.0
307,IT,"Gartner, Inc.",0.55444081,-56.85044512,3162385000.0,0.55444081,6525954000.0,3691072000.0,1710945000.0
308,CDW,CDW Corporation,1.28670598,5.14064857,6431900000.0,1.1160521,13475600000.0,6816500000.0,6895200000.0
309,CQP,"Cheniere Energy Partners, LP",0.7359808,-4.45571576,16123000000.0,0.68339516,20500000000.0,17306000000.0,3373000000.0
310,EIX,Edison International,0.59528651,1.84242179,31628000000.0,0.55471349,76709000000.0,31861000000.0,6441000000.0
311,SGEN,Seagen Inc.,3.80113857,0.02146139,-1708911000.0,3.29842369,3619078000.0,60560000.0,2759619000.0
312,ULTA,"Ulta Beauty, Inc.",1.61730587,0.9868623,1646373000.0,0.37174978,5331549000.0,1897001000.0,2745815000.0
313,YUMC,"Yum China Holdings, Inc.",2.23859316,0.26478795,-2139000000.0,2.08602662,11696000000.0,1898000000.0,4710000000.0
314,FANG,"Diamondback Energy, Inc.",0.61442193,0.36797637,5323000000.0,0.57926103,23843000000.0,5357000000.0,1031000000.0
315,TROW,"T. Rowe Price Group, Inc.",,0.03300568,-2046300000.0,,11643300000.0,320000000.0,
316,CCEP,Coca-Cola Europacific Partners plc,0.94093851,1.62430939,11065042800.0248,,31733589300.071,13216578900.0296,7295150100.01632
317,FRC,FIRST REPUBLIC BANK,0.03143209,0.87578815,10996000000.0,,212639000000.0,15279000000.0,4283000000.0
318,HZNP,Horizon Therapeutics Public Limited Company,3.79121534,0.53295725,547470000.0,3.57014294,9027862000.0,2682740000.0,3262773000.0
319,DAL,"Delta Air Lines, Inc.",0.50156124,4.7413259,23938000000.0,0.44666744,72275000000.0,30610000000.0,13011000000.0
320,TSCO,Tractor Supply Company,1.32891131,2.09073959,4067658000.0,0.18861028,8489990000.0,4270160000.0,3157775000.0
321,FITB,Fifth Third Bancorp,0.14162315,1.08108732,15266000000.0,,207452000000.0,18732000000.0,12231000000.0
322,HRL,Hormel Foods Corporation,2.4687497,0.44774542,2377843000.0,1.30395054,13306919000.0,3376099000.0,3637125000.0
323,HIG,"Hartford Financial Services Group, Inc. (The)",0.2779103,0.33624083,4071000000.0,,65157000000.0,4356000000.0,9437000000.0
324,TTD,"The Trade Desk, Inc.",1.9131114,0.13934842,-1054647999.9999998,1.9131114,3923954000.0,266753000.0,3415363000.0
325,RJF,"Raymond James Financial, Inc.",,5.89843087,40638000000.0,,77047000000.0,55634000000.0,
326,CRWD,"CrowdStrike Holdings, Inc.",1.67378332,0.57492644,-1697511000.0,1.67378332,4469443000.0,769040000.0,3041353000.0
327,VMC,Vulcan Materials Company (Holding Company),1.71258716,0.70679905,4715100000.0,1.31478899,14615800000.0,4862000000.0,2333400000.0
328,ACGL,Arch Capital Group Ltd.,0.55253374,0.23086656,1466829000.0,,37865109000.0,2725153000.0,9265441000.0
329,FE,FirstEnergy Corp.,0.66189522,1.89161773,20981000000.0,0.55854566,44851000000.0,21258000000.0,2312000000.0
330,GPC,Genuine Parts Company,1.17719252,1.09912479,3413594000.0,0.60339122,16377080000.0,4042792000.0,8823198000.0
331,DTE,DTE Energy Company,0.78851079,2.2193412,19892000000.0,0.5967801,41954000000.0,19943000000.0,4310000000.0
332,RPRX,Royalty Pharma plc,2.0696927,0.68269824,5570359000.0,2.0696927,17672605000.0,7111260000.0,2342116000.0
333,DDOG,"Datadog, Inc.",3.18308205,0.64887754,-929575000.0,3.18308205,2797603000.0,836688000.0,2146696000.0
334,FTV,Fortive Corporation,0.94436943,0.37877965,2853600000.0,0.72813549,15893100000.0,3558900000.0,2447900000.0
335,K,Kellogg Company,0.73661528,1.53566906,6903000000.0,0.45781535,19016000000.0,7276000000.0,4444000000.0
336,VRSN,"VeriSign, Inc.",0.95744681,-1.16014004,809200000.0,0.95744681,1744400000.0,1789400000.0,1048500000.0
337,PFG,Principal Financial Group Inc,0.54510944,0.41540941,-192100000.0,,259687600000.0,4047500000.0,11344000000.0
338,SIRI,Sirius XM Holdings Inc.,0.37513631,-2.80945796,10120000000.0,0.37513631,10059000000.0,10159000000.0,1032000000.0
339,ANSS,"ANSYS, Inc.",2.37805442,0.19435788,250398000.0,2.37805442,6161640000.0,883101000.0,1449876000.0
340,BAX,Baxter International Inc.,2.10625674,3.0267073,15282000000.0,1.38484358,27965000000.0,16886000000.0,7810000000.0
341,TSN,"Tyson Foods, Inc.",1.81253529,0.4450053,7784000000.0,0.77470356,36821000000.0,8816000000.0,9630000000.0
342,AEE,Ameren Corporation,0.79307087,1.44753146,14939000000.0,0.57417323,37657000000.0,14953000000.0,2518000000.0
343,IR,Ingersoll Rand Inc.,2.45883125,0.31666478,1331900000.0,1.79402495,14225600000.0,2791400000.0,3744800000.0
344,LH,Laboratory Corporation of America Holdings,1.73325933,0.62021936,5861200000.0,1.54783333,19826000000.0,6271100000.0,4371800000.0
345,DASH,"DoorDash, Inc.",2.10198556,0.07381962,-3307000000.0,2.10198556,9552000000.0,505000000.0,4658000000.0
346,ETR,Entergy Corporation,0.68738228,2.22388686,26603120000.0,0.48191474,58975295000.0,27606611000.0,4230752000.000001
347,PPL,PPL Corporation,0.82051282,0.99042063,13447000000.0,0.69321267,37378000000.0,13751000000.0,2720000000.0
348,RF,Regions Financial Corporation,0.09296984,0.14318851,287000000.0,,155220000000.0,2284000000.0,11738000000.0
349,MLM,"Martin Marietta Materials, Inc.",2.00556456,0.78439851,4601700000.0,1.42558287,14729700000.0,5442000000.0,2847300000.0
350,ZM,"Zoom Video Communications, Inc.",3.12197162,0.01734873,-5074804000.0,3.12197162,7837178000.0,99856000.0,5920226000.0
351,HBAN,Huntington Bancshares Incorporated,0.05805652,0.65918172,5009000000.0,,182906000000.0,11713000000.0,6937000000.0
352,RBLX,Roblox Corporation,1.46560833,3.48387986,-1542276000.0,1.46560833,5038324000.0,1479231000.0,3280263000.0
353,BMRN,BioMarin Pharmaceutical Inc.,5.14894054,0.23684572,-191735000.0,3.53775479,6264040000.0,1082033000.0,2682701000.0
354,PWR,"Quanta Services, Inc.",1.5981679,0.80007202,3944241000.0,1.56884497,13296646000.0,4161629000.0,5347823000.0
355,TECK,Teck Resources Ltd,1.65135195,0.38018742,5276425200.0,1.08353484,36364122400.0,7182644000.0,5428171200.0
356,LUV,Southwest Airlines Company,1.42686452,0.88247403,-2861000000.0,1.35074195,35369000000.0,9431000000.0,14808000000.0
357,STLD,"Steel Dynamics, Inc.",3.75831965,0.37927976,813943000.0,2.21820739,14159984000.0,3070575000.0,7638018000.0
358,CFG,"Citizens Financial Group, Inc.",0.10938492,0.67074715,14401000000.0,,226733000000.0,15890000000.0,10850000000.0
359,ALGN,"Align Technology, Inc.",1.38199174,0.03271431,-969898000.0,1.20463877,5912802000.0,120867000.0,2500580000.0
360,HPE,Hewlett Packard Enterprise Company,0.88159144,0.67728163,8721000000.0,0.65888496,57123000000.0,13484000000.0,20430000000.0
361,BIP,Brookfield Infrastructure Partners LP Limited Partnership,,1.16117187,28039000000.0,,71960000000.0,29092000000.0,1053000000.0
362,QSR,Restaurant Brands International Inc.,1.00208333,3.56944788,13375201387.63,0.93489583,22396586571.21,14314473937.01,1910317531.72
363,STE,STERIS plc (Ireland),2.16345846,0.55085305,2944096000.0,1.42454357,10489636000.0,3202355000.0,1888299000.0
364,NU,Nu Holdings Ltd.,,0.1121228,-8145921000.0,,26006988000.0,532884000.0,
365,CAH,"Cardinal Health, Inc.",1.03602776,-2.95898876,1775000000.0,0.53249469,43387000000.0,5267000000.0,32696000000.0
366,HOLX,"Hologic, Inc.",4.11858803,0.59915508,582100000.0,3.45344993,9071200000.0,2921600000.0,3862000000.0
367,HEI,Heico Corporation,2.73899334,0.12832894,242391000.0,1.35498825,4243984999.999999,381895000.0,1152730000.0
368,DOV,Dover Corporation,1.1690317,0.90983072,3325520000.0,0.6816946,10652341000.0,3631522000.0,3377045000.0
369,MKC,"McCormick & Company, Incorporated",0.69534437,1.144897,5046100000.0,0.30491784,13124900000.0,5380100000.0,2386700000.0
370,NTRS,Northern Trust Corporation,1.78106703,1.31860207,-26852300000.0,,155036700000.0,14846800000.0,49521500000.0
371,PODD,Insulet Corporation,3.93447038,3.28668224,684700000.0,2.95421903,2166200000.0,1406700000.0,1314900000.0
372,LCID,"Lucid Group, Inc.",5.03733742,0.72426682,-1003450000.0,4.20677013,6887811000.0,2340285000.0,4156428000.0
373,CHD,"Church & Dwight Company, Inc.",1.0784503,0.72834752,2248400000.0,0.61291879,8287799999.999999,2686000000.0,1564400000.0
374,TDY,Teledyne Technologies Incorporated,1.84974399,0.48057169,3282500000.0,1.26506499,14354000000.0,3920600000.0,2817900000.0
375,CTRA,Coterra Energy Inc.,1.66077739,0.21199684,1898000000.0,1.6204947,20305000000.0,2686000000.0,2350000000.0
376,WST,"West Pharmaceutical Services, Inc.",3.7959273,0.12137769,-429100000.0,2.89139479,3316800000.0,299900000.0,1733600000.0
377,WAT,Waters Corporation,2.15252674,4.23202141,1185814000.0,1.54835444,3070053000.0,1630327000.0,1575585000.0
378,EPAM,"EPAM Systems, Inc.",3.47271336,0.07151702,-1350726000.0,3.47271336,3735603000.0,197290000.0,2527986000.0
379,JBHT,"J.B. Hunt Transport Services, Inc.",1.38215352,0.34410085,1209811000.0,,7742341000.0,1261738000.0,2167536000.0
380,MPWR,"Monolithic Power Systems, Inc.",4.54814975,0.00270463,-731907000.0,3.18233742,1931221000.0,4140000.0,1323457000.0
381,BBY,"Best Buy Co., Inc.",0.97561455,1.34046108,2543000000.0,0.25840708,17021000000.0,4012000000.0,9922000000.0
382,SPOT,Spotify Technology S.A.,1.30944351,0.8083296,-1823128650.00168,1.30944351,7476688800.00687,1768268250.0016198,4564189350.004189
383,PAYC,"Paycom Software, Inc.",1.12634666,0.02694216,-288163000.0,1.12557153,3314570000.0,29000000.0,2137530000.0000005
384,TTWO,"Take-Two Interactive Software, Inc.",0.93772714,0.38914507,1774900000.0,0.93772714,17492900000.0,3671000000.0,3251100000.0
385,CNP,"CenterPoint Energy, Inc (Holding Co)",0.88549122,1.56201822,15021000000.0,0.6942095,36719000000.0,15603000000.0,4083000000.0
386,MKL,Markel Corporation,0.91389775,0.3209479,-664703000.0,,37876897000.0,4131165000.0,11534458000.0
387,WAB,Westinghouse Air Brake Technologies Corporation,1.26171875,0.44201511,3873000000.0,0.65384615,18262000000.0,4387000000.0,4199000000.0
388,GRMN,Garmin Ltd.,2.74008038,0.01704283,-1360862000.0,1.67746581,7627606000.0,100181000.0,3953725000.0
389,INCY,Incyte Corporation,3.79607211,0.00995587,-2935042000.0,3.75050368,5510214000.0,42080000.0,3821111000.0
390,WMG,Warner Music Group Corp.,0.63509501,23.88690476,3429000000.0,0.6030285,7828000000.0,4013000000.0,2139000000.0
391,WRB,W.R. Berkley Corporation,0.09915918,0.42042893,1150375000.0,,33861099000.000004,2837194000.0,1686819000.0
392,LPLA,LPL Financial Holdings Inc.,,1.4774565,-630549000.0,,9695783000.0,2954192000.0,
393,LYV,"Live Nation Entertainment, Inc.",1.03836564,7.58939769,2614514000.0,1.03836564,15787014000.0,7570705000.0,7927389000.0
394,CHWY,"Chewy, Inc.",0.85326561,3.11071331,-164994000.0,0.47215864,2491163000.0,510017000.0,1520556000.0
395,ICLR,ICON plc,1.16137345,0.60403648,4365618000.01194,1.16137345,17125813000.0468,4976488000.01361,3171575000.00867
396,RKT,"Rocket Companies, Inc.",,1.31203511,10800242000.0,,22600602000.0,11691886000.0,
397,XYL,Xylem Inc.,1.65422499,0.75294848,1240000000.0,1.22032141,8106000000.0,2426000000.0,3191000000.0
398,NIO,NIO Inc.,1.58718064,0.82161339,-3003909775.49635,1.41925555,13661610869.8103,3807780770.5324297,8892398888.763409
399,FSLR,"First Solar, Inc.",4.09026202,0.05374106,-1614963000.0,3.09713231,7492817000.0,313221000.0,3338750000.0
400,CMS,CMS Energy Corporation,1.21623794,1.83302239,13560000000.0,0.69212219,30372000000.0,13755000000.0,3026000000.0
401,MGA,"Magna International, Inc.",1.27161369,0.45546745,3810706178.14,0.85574003,26477358429.51,4904869338.2,12471672825.33
402,IEP,Icahn Enterprises L.P. - Depositary,2.04577181,1.31073275,5723000000.0,1.82107383,27520000000.0,12933000000.0,15241000000.0
403,EXPE,"Expedia Group, Inc.",0.83370807,1.76461083,137000000.0,0.83370807,21879000000.0,6552000000.0,9270000000.0
404,BALL,Ball Corporation,0.93908547,2.61566638,8787000000.0,0.58345452,20053000000.0,9283000000.0,5812000000.0
405,SNAP,Snap Inc.,4.85789679,1.44235659,-245740000.000001,4.85789679,8285193999.999999,4183212000.000001,5537672000.0
406,DRI,"Darden Restaurants, Inc.",0.46795006,2.94987382,5661100000.0,0.31263114,10025300000.0,5961400000.0,892100000.0
407,FOX,Fox Corporation,3.59652837,0.65384615,2751000000.0,3.16469094,22424000000.0,7701000000.0,8495000000.0
408,ZS,"Zscaler, Inc.",1.92872293,2.82708944,-605537000.0,1.92872293,2835732000.0,1219253000.0,2143357000.0
409,MOH,Molina Healthcare Inc,1.44877106,0.78658336,-1850000000.0,,12793000000.0,2392000000.0,10492000000.0
410,AES,The AES Corporation,1.29244324,3.33308316,19667000000.0,1.12334802,37775000000.0,22205000000.0,7628000000.0
411,BR,"Broadridge Financial Solutions, Inc.",1.23232833,2.25135263,4058200000.0,1.23232833,8090800000.0,4285899999.999999,1222100000.0
412,CAG,"ConAgra Brands, Inc.",0.91772101,1.07598109,9361900000.0,0.28707658,22414000000.0,9401600000.0,3416400000.0
413,IEX,IDEX Corporation,3.22803554,0.46353386,579600000.0,2.32912142,4892600000.0,1299100000.0,1635000000.0
414,ROL,"Rollins, Inc.",0.78262115,0.33350354,266578000.0,0.72657223,2112483000.0000005,399054000.0,398956000.0
415,AMCR,Amcor plc,1.27456962,1.86745473,6863000000.03644,0.71017651,17292000000.0918,7425000000.039431,5849000000.03106
416,CLX,Clorox Company (The),0.87711443,6.46975806,2931000000.0,0.50149254,6153000000.0,3209000000.0,1763000000.0
417,CINF,Cincinnati Financial Corporation,0.58083202,0.09405153,-196000000.0,,27547000000.0,887000000.0,4412000000.0
418,KEY,KeyCorp,0.0333202,2.1383975,27883000000.0,,189813000000.0,28770000000.0,4565000000.0
419,PINS,"Pinterest, Inc.",9.46413868,0.05827367,-2484095000.0,9.46413868,3692209000.0,183244000.0,3262052000.0
420,TW,Tradeweb Markets Inc.,6.59791839,0.00525674,-1082559000.0,6.59791839,6136601000.0,28668000.0,1287498000.0
421,SWKS,"Skyworks Solutions, Inc.",2.63256989,0.44148839,1828200000.0,1.64463281,8873800000.0,2414500000.0,3229900000.0
422,SIVB,SVB Financial Group,0.14634534,1.18735809,5545000000.0,,211793000000.0,19348000000.0,13803000000.0
423,OMC,Omnicom Group Inc.,0.94684937,1.75080293,3084600000.0,0.94684937,24132200000.0,6378000000.0,12030100000.0
424,MRO,Marathon Oil Corporation,1.08432744,0.37936891,3135000000.0,1.04195804,17858000000.0,4244000000.0,2636000000.0
425,OWL,Blue Owl Capital Inc.,1.03711931,0.31295191,1723930000.0,1.03711931,8792254000.0,1763464000.0,407591000.0
426,UI,Ubiquiti Inc.,1.96839228,-2.62623513,717869000.0,0.8258256,937239000.0,854766000.0,711562000.0
427,PKI,"PerkinElmer, Inc.",2.09760717,0.64324548,4143633000.0,1.84301465,13823764000.0,4544658000.0,3116480000.0
428,HUBS,"HubSpot, Inc.",2.2389447,0.81235076,-547800000.0,2.2389447,2296919000.0,736556000.0,1496083000.0
429,ETSY,"Etsy, Inc.",2.71920337,-3.94189449,1348587000.0,2.71920337,2450311000.0,2389742000.0,1352113000.0
430,SEDG,"SolarEdge Technologies, Inc.",3.53037236,0.3561841,-149992000.0,2.72206687,3903546000.0,730935000.0,2451773000.0
431,COO,"The Cooper Companies, Inc.",1.19793782,0.41874922,2865800000.0,0.70684268,11492300000.0,3004400000.0,1533600000.0
432,EXPD,"Expeditors International of Washington, Inc.",1.87995233,0.1427562,-1656116000.0,1.87995233,6607526000.0,498418000.0,5087621000.0
433,TRGP,"Targa Resources, Inc.",0.73586351,2.3793169,10878800000.0,0.59698854,19389900000.0,11257500000.0,2497300000.0
434,HWM,Howmet Aerospace Inc.,2.06082549,1.30827987,3828000000.0,0.89355539,9929000000.0,4282000000.0,2846000000.0
435,RIVN,"Rivian Automotive, Inc.",6.83926031,0.09819391,-11766000000.0,6.38928402,19023000000.0,1506000000.0,14424000000.0
436,DGX,Quest Diagnostics Incorporated,1.45692884,0.73082375,3940000000.0,1.34269663,13223000000.0,4640000000.0,2334000000.0
437,MOS,Mosaic Company (The),1.34489211,0.37084693,3640600000.0,0.60785919,23437600000.0,4352000000.0,6899700000.0
438,NET,"Cloudflare, Inc.",5.35177298,2.63906066,-79397999.9999999,5.35177298,2490617000.0,1567573000.0,1815787000.0
439,FMC,FMC Corporation,1.40702604,1.15769759,3345000000.0,0.93031771,10764700000.0,3708800000.0,5110600000.0
440,SYF,Synchrony Financial,,1.10238484,3897000000.0,,104564000000.0,14191000000.0,
441,ATO,Atmos Energy Corporation,0.84597041,0.88862248,8318462000.0,0.73943041,22941114000.0,8370016000.0,3047693000.0
442,AGR,"Avangrid, Inc.",0.73731265,0.43031376,8690000000.0,0.6053116,39907000000.0,8750000000.0,2804000000.0
443,BRO,"Brown & Brown, Inc.",,0.89827639,2092800000.0000005,,13973500000.0,4138000000.0,
444,CF,"CF Industries Holdings, Inc.",2.6647357,0.45737636,1054000000.0,2.30267922,13280000000.0,3246000000.0,3680000000.0
445,FICO,Fair Isaac Corporation,1.36292494,-2.45784602,1831570000.0,1.36292494,1458693000.0,1971426000.0,483822000.0
446,SJM,J.M. Smucker Company (The) New,1.09282905,0.57365558,4686800000.0,0.43331553,16219300000.0,4713900000.0,2250900000.0
447,FDS,FactSet Research Systems Inc.,2.15927514,1.41780768,1620316000.0,2.15927514,3977540000.0,2090030000.0000005,829207000.0
448,RCL,D/B/A Royal Caribbean Cruises Ltd.,0.28967202,7.47081385,22380913000.0,0.26545452,33464190000.000004,23947126000.0,2837046000.0
449,NVR,"NVR, Inc.",3.09397941,0.32592333,-815679000.0,1.42347034,5389534000.0,1005421000.0,4019927000.0
450,ZBRA,Zebra Technologies Corporation,0.90255668,0.8829507,2265000000.0,0.50988905,7448000000.0,2346000000.0,1871000000.0
451,AVTR,"Avantor, Inc.",1.64965526,1.34775885,5922500000.0,1.06649913,13113300000.0,6188100000.0,2560100000.0
452,CHKP,Check Point Software Technologies Ltd.,1.22767718,0.0,-1614300000.0,1.22767718,5467500000.0,0.0,1973000000.0
453,UAL,"United Airlines Holdings, Inc.",1.00330132,5.40893271,20841000000.0,0.94782913,67358000000.0,37300000000.0,20058000000.0
454,PTC,PTC Inc.,1.29750283,0.67081019,1267321000.0,1.29750283,4687268000.0,1540203000.0,1027957000.0000002
455,BEN,"Franklin Resources, Inc.",,0.67722989,4580000000.0,,28060600000.0,9362500000.0,
456,TER,"Teradyne, Inc.",3.02562903,0.05421014,-761500000.0,2.59010027,3501252000.0,132885000.0,2257915000.0
457,CPB,Campbell Soup Company,0.75964392,1.46641683,4957000000.0,0.31091329,12177000000.0,5087000000.0,2304000000.0
458,TME,Tencent Music Entertainment Group,2.1478003,0.12608191,-1808438628.15882,2.14615258,9413780460.28867,858669900.722009,3676387635.37901
459,EDR,"Endeavor Group Holdings, Inc.",1.03851569,1.69286551,4530601000.0,1.03851569,11915915000.0,5795586000.0,2439275000.0
460,LKQ,LKQ Corporation,1.78732454,0.69552915,3418000000.0,0.66652488,11666000000.0,3687000000.0,4202000000.0
461,AER,AerCap Holdings N.V.,0.78145752,3.03454833,46217330000.1263,0.76908658,69811154000.1908,47474046000.1297,2713605000.00742
462,PLTR,Palantir Technologies Inc.,4.2806857,0.10271284,-2244053000.0,4.2806857,3318835000.0,245136000.0,2946610000.0
463,SPLK,Splunk Inc.,1.17026456,-7.14768067,2314437000.0,1.17026456,5251345000.0,4071662000.0,2849043000.0
464,J,Jacobs Solutions Inc.,1.45254357,0.61827849,3011110000.0,1.45254357,14660419000.0,4165288999.999999,4721994000.0
465,TPL,Texas Pacific Land Corporation,13.51377325,0.0,-446588000.0,13.51377325,828974000.0,0.0,589187000.0
466,MGM,MGM Resorts International,1.4898102,5.69087919,28632091000.0,1.47058827,47330222000.0,33927525000.0,8783182000.0
467,WLK,Westlake Corporation,2.47907355,0.51972909,3517000000.0,1.65664364,20425000000.0,5295000000.0,6101000000.0
468,AVY,Avery Dennison Corporation,1.00765488,1.56070343,2974800000.0,0.6625387,8042300000.0,3132800000.0,2961800000.0
469,BURL,"Burlington Stores, Inc.",1.1178508,7.35480674,4262555999.999999,0.34853645,7101510000.0,4697721000.0,2099781000.0
470,SSNC,"SS&C Technologies Holdings, Inc.",1.125,1.29339993,7079100000.0,1.125,16500599999.999998,7484000000.0,2472300000.0
471,PARA,Paramount Global,1.30970366,0.76098653,14297000000.0,1.16521402,57287000000.0,17680000000.0,13524000000.0
472,FLT,"FleetCor Technologies, Inc.",0.9921519,3.24249726,4920330000.0,0.9921519,14486024000.0,7221210000.0,6586068000.0
473,GEN,Gen Digital Inc.,0.57415929,5.96171967,9028000000.0,0.57415929,15882000000.0,10123000000.0,1622000000.0
474,TXT,Textron Inc.,2.01662125,0.44734992,1219000000.0,1.0493188,16293000000.0,3182000000.0,7401000000.0
475,POOL,Pool Corporation,2.98331525,1.48840771,1723433000.0,0.89508043,3688055000.0,1772512000.0,2199479000.0
476,MTCH,"Match Group, Inc.",1.17251918,-5.5527211,3479968000.0,1.17251918,3914549000.0,3878398000.0,705547000.0
477,MDB,"MongoDB, Inc.",3.94897906,1.80546032,-552088000.0,3.94897906,2467186000.0,1235444000.0,2044809000.0
478,BG,Bunge Limited Bunge Limited,1.62723573,0.65453964,5084000000.0,0.83069935,24792000000.0,6135000000.0,17195000000.0
479,VTRS,Viatris Inc.,1.60821296,1.05582751,19271700000.0,1.08985801,48662600000.0,20253200000.0,10487800000.0
480,L,Loews Corporation,0.59587214,0.63393162,8403000000.0,,75111000000.0,9289000000.0,15417000000.0
481,GRAB,Grab Holdings Limited,7.12175649,0.30774811,-4440000000.0,7.07984032,10067000000.0,2121000000.0,7136000000.0
482,APA,APA Corporation,1.05060322,3.63829787,5375000000.0,0.88605898,13629000000.0,5643000000.0,3135000000.0
483,LW,"Lamb Weston Holdings, Inc.",1.96091453,4.82652705,2346200000.0,1.06586826,4569600000.0,2765600000.0,1801100000.0
484,EVRG,"Evergy, Inc.",0.51902389,1.21304144,11639300000.0,0.35147207,29247600000.0,11664000000.0,1905700000.0
485,NTAP,"NetApp, Inc.",1.33755523,2.24209651,-338000000.0,1.26568483,9780000000.0,2695000000.0,4541000000.0
486,TRMB,Trimble Inc.,0.9932872,0.44010092,1383400000.0,0.72262976,7077700000.0,1692100000.0,1435300000.0
487,ARES,Ares Management Corporation,,2.77681406,11629986000.0,,21206326000.0,12675462000.0,
488,WDC,Western Digital Corporation,1.82662102,0.60923433,5327000000.0,1.04893274,25686000000.0,7376000000.0,9071000000.0
489,IPG,"Interpublic Group of Companies, Inc. (The)",1.04476571,1.32891928,2838000000.0,1.04476571,16875200000.0,4606300000.0,8534900000.0
490,BIO,"Bio-Rad Laboratories, Inc.",5.50250842,0.1643765,-466121000.0,4.30069023,12058462000.0,1389574000.0,3140155000.0
491,MKTX,"MarketAxess Holdings, Inc.",,0.07647446,-399017000.0,,1607775000.0,82676000.0,
492,CRBG,Corebridge Financial Inc.,,1.83089024,14981000000.0,,323820000000.0,15363000000.0,10224000000.0
493,STX,Seagate Technology Holdings PLC,1.1306422,-12.82765957,5255000000.0,0.69247706,7867000000.0,6029000000.0,3081000000.0
494,AKAM,"Akamai Technologies, Inc.",2.20574998,0.74490738,2289182000.0,2.20574998,8107369000.0,3153330000.0,1660954000.0
495,AXON,"Axon Enterprise, Inc.",2.79405501,0.01324683,-362907000.0,2.39304278,2010430000.0,16311000.0,1205699000.0
496,RE,"Everest Re Group, Ltd.",0.39377606,0.40318996,1405000000.0,,35348000000.0,3084000000.0,7744000000.0
497,NDSN,Nordson Corporation,1.35814784,0.37502762,696997000.0,0.89854987,3820375000.0,860454000.0,1132971000.0
498,U,Unity Software Inc.,3.39292808,0.822193,124930000.0,3.39292808,4727161000.0,1811033000.0,2075600000.0
499,LNT,Alliant Energy Corporation,0.69900908,1.37446129,8267000000.0,0.57555739,20205000000.0,8611000000.0,1693000000.0
