,Ticker,Description,Sector,Price,Payout Ratio,Debt Levels,Cash Flow,Volatility,Dividend Yield,Price to Earnings Ratio (TTM),Debt to Equity Ratio (MRQ),Financial Health,Basic EPS (FY),Risk,Industry Safety Score,Worthiness
0,STZ,"Constellation Brands, Inc.",Consumer Non-Durables,226.36,-13.626107445805845,1.32808365,52.14015280328278,0.4641034624458438,1.3429934617423571,2325.10162602,1.39643443,17.75201215109426,-0.2122,4.03175280872958,0.9302689462229219,1165.049542641401
1,GPN,Global Payments Inc.,Commercial Services,110.29,0.9697787208244923,0.8428404433333334,55.727001762836636,0.4297839030434823,0.8069634599691721,503.16964286,0.60720563,19.956280735389992,3.299,-0.816341113570721,0.5184947665217412,253.6832106914832
2,ZBH,"Zimmer Biomet Holdings, Inc.",Health Technology,125.83,0.0,1.472257843333333,62.27891069651107,0.7483944054844932,0.7629341174600651,95.45040946,0.46643159,21.8921228466148,1.9252,-0.6710571510210236,0.6074129977422467,50.04508731085384
3,NVDA,NVIDIA Corporation,Electronic Technology,191.62,0.7409521371896596,2.4419252433333334,64.92903321691314,0.13872932711995453,0.08349859096127753,86.63745427,0.55028339,23.759319486748822,3.907,-0.9114986056580267,0.3445063585599773,45.68076035391721
4,TRGP,"Targa Resources, Inc.",Utilities,73.84,-4.9818181818181815,1.2836813066666668,12.002591683676982,0.318492942635412,0.5417118093174431,72.88643838,2.3793169,4.405290996781217,-0.0704,1.239514143245024,1.348904921317706,37.33165186919791
5,INTU,Intuit Inc.,Technology Services,416.45,0.0,1.07077653,77.82492534967783,0.4228406857099424,0.6531396326089567,64.39040741,0.47308147,28.75810062655928,7.3786,-0.49440514350873055,0.4479610778549712,35.176479432136944
6,HEI,Heico Corporation,Electronic Technology,169.31,0.7696136442742778,1.8687718733333334,42.51282195259568,2.582278808952947,0.10631386214635875,66.81322132,0.12832894,15.655764608643006,2.5857,-1.1504780307088622,1.3553038744764734,35.13883147890335
7,TW,Tradeweb Markets Inc.,Finance,74.38,0.9841413603267626,4.400364506666667,84.0857933553626,3.058723024861375,0.4302231782737295,58.63106721,0.00525674,29.87078595400975,1.1262,-2.010904851078672,1.5319898824306875,32.45094200960662
8,XYL,Xylem Inc.,Producer Manufacturing,101.1,0.0,1.3537994866666665,38.06501250240431,0.6477847244120588,1.1078140454995056,58.14362759,0.75294848,13.929270663023658,2.369,-0.7125710917033519,0.7003666022060294,30.64433847712319
9,MPWR,"Monolithic Power Systems, Inc.",Electronic Technology,407.62,0.0,3.033001376666667,56.752784819978174,3.5367468972195355,0.5887836710661891,52.46417595,0.00270463,21.688095398881615,5.2785,-1.4359582965161444,1.7697257636097679,28.670125205065116
10,LLY,Eli Lilly and Company,Health Technology,340.5,0.9475407438701396,1.2722694533333332,74.17650714729646,0.17387692887068076,0.998531571218796,51.37948125,1.5629113,27.20102553354327,6.1543,-0.9254210558231832,0.8683941144353403,28.590833052780958
11,TDG,Transdigm Group Inc.,Electronic Technology,707.25,0.7,0.8809962066666666,53.98197535405554,0.8259948863445334,0.0,52.88934533,-5.27987254,22.75502385357407,13.4021,-0.5891482846183467,-2.2269388268277335,28.215872456530025
12,UI,Ubiquiti Inc.,Electronic Technology,284.11,0.0,0.43684981,39.594205091707,3.619366316848915,0.8447432332547251,52.71338773,-2.62623513,15.389751633902334,6.1382,-0.8633032083410185,0.4965655934244575,27.993126149566493
13,MSCI,MSCI Inc,Technology Services,506.56,0.0,-0.4917977599999999,77.08994765955615,2.6583101913847815,0.7185723310170563,50.16547505,-4.3367756,28.46568329985205,8.7989,-0.45544017146198135,-0.8392327043076093,27.787772530079188
14,ROL,"Rollins, Inc.",Consumer Services,35.68,0.0,0.63291528,48.15732376356062,1.0699316116631246,0.9529147982062782,51.29592709,0.33350354,16.500979681186873,0.7127,-0.5569472613010382,0.7017175758315622,27.47800178197552
15,PWR,"Quanta Services, Inc.",Industrial Services,149.1,0.7724469688188247,1.33213594,13.773988146419477,0.9641827371336161,0.1676727028839705,51.18755119,0.80007202,6.185641362139826,3.4508,-0.7899360103776237,0.882127378566808,26.32653887617798
16,FIS,"Fidelity National Information Services, Inc.",Commercial Services,74.39,-0.8042836041358936,0.6551010033333333,37.436045254738055,0.39297198103194486,2.097056055921495,49.13894325,0.41559925,12.92271541935713,0.677,-0.465485800520936,0.4042856155159724,26.105757315578963
17,EL,"Estee Lauder Companies, Inc. (The)",Consumer Non-Durables,271.21,0.0,1.5162965566666669,75.74134626226181,0.15889368784608465,0.8591128645698906,45.1000966,1.18482213,27.965514272976154,6.6389,-0.617686408486052,0.6718579089230423,25.50511395469061
18,COO,"The Cooper Companies, Inc.",Health Technology,340.85,0.7076671437333879,0.9382082866666667,60.05319792044492,1.838327570508341,0.01760305119554056,44.37116801,0.41874922,22.939002069037198,7.8256,-0.7623854703484887,1.1285383952541705,24.630713649039258
19,CLX,Clorox Company (The),Consumer Non-Durables,142.15,0.2581943186057667,2.7413289733333333,35.049950752778955,0.8569798057856874,3.2782272247625746,42.97161732,6.46975806,13.847959908704096,3.7526,-1.7238040319038483,3.663368932892844,23.758720756734853
20,WMT,Walmart Inc.,Retail Trade,142.15,0.0,0.8475360666666667,25.098733487675336,0.08946611178355617,1.5476609215617305,44.28580258,0.81335606,10.281156518114,4.8972,-0.6122191638246327,0.4514110858917781,23.354843334763466
21,PEG,Public Service Enterprise Group Incorporated,Utilities,61.1,-0.8866842964921833,0.9073159199999999,10.470844312063237,0.7294324691670767,3.3387888707037643,44.5154185,1.5156592,3.3641534106877455,-1.2857,-0.8606015642787385,1.1225458345835384,23.066452488627984
22,BDX,"Becton, Dickinson and Company",Health Technology,250.13,0.9127771590563936,0.9132615233333334,44.92315845257021,0.4308587020273648,1.3912765362011754,42.03866315,0.65528835,17.254206658634516,5.9262,-0.9602353258574697,0.5430735260136824,22.896471067100556
23,LIN,Linde plc,Process Industries,325.03,0.9271741039462841,0.6271938566666666,27.97713766115676,0.12695404528033813,1.3044949696951051,42.95371265,0.39389815,12.002077172607807,7.4019,-0.826476249763693,0.26042609764016905,22.776951133781957
24,RMD,ResMed Inc.,Health Technology,222.71,0.0,2.28850915,55.70604397216756,1.8323945153857937,0.7543442144492838,40.82415385,0.51883283,21.11025104072252,5.3362,-1.03557251842019,1.1756136726928967,22.73010193321374
25,NEM,Newmont Corporation,Non-Energy Minerals,52.74,-0.007572123620914306,1.90840229,19.491386382280556,0.6621064207331789,4.171406901782328,42.28054873,0.28630841,7.619696224093519,1.4593,-1.6166180177882388,0.4742074153665895,22.25256435888208
26,SYK,Stryker Corporation,Health Technology,249.54,0.0,1.6267543366666668,62.596446107084404,0.3410579154996705,1.035906067163581,39.54476149,0.80325579,23.17076681458369,5.2891,-0.7168237882825126,0.5721568527498353,22.235797024896442
27,MCO,Moody's Corporation,Commercial Services,314.2,0.9087946319573654,2.2954646233333333,69.54004503055646,0.47212984307607625,0.7893061744112031,38.1496956,3.27942387,27.904403217963264,11.8777,-1.1600902970826232,1.8757768565380382,22.203365080836793
28,FDS,FactSet Research Systems Inc.,Technology Services,420.62,0.0,1.9121193200000002,52.757211376805145,4.304969593796858,0.8130854452950407,38.76022667,1.41780768,21.717343565601713,10.4827,-1.3270466303932889,2.861388636898429,22.072729300430034
29,KHC,The Kraft Heinz Company,Consumer Non-Durables,40.37,-0.43517174649250134,0.7416557433333334,32.97239181353915,0.24860098942729095,3.963339113202874,40.35997559,0.41515835,11.513615852290826,0.8268,-1.06122875127577,0.33187966971364546,21.687936350364524
30,ZTS,Zoetis Inc.,Health Technology,164.7,0.9503318352234358,1.9989891699999998,68.3127572016461,0.6875732712887749,0.652701882210079,37.75456561,1.44766195,24.868682123882028,4.2943,-1.0986748960740385,1.0676176106443875,21.533077238130684
31,VMC,Vulcan Materials Company (Holding Company),Non-Energy Minerals,178.38,0.9929996832435857,1.3773244566666667,24.73614062893988,1.1454527855410173,0.8296894270658146,40.12408119,0.70679905,10.388221695202182,5.0512,-1.0711212778995278,0.9261259177705086,21.26194476299095
32,ECL,Ecolab Inc.,Process Industries,150.46,0.0,1.3220024733333333,41.01043736403547,0.20944658076372835,1.296025521733351,38.81513569,1.26245786,15.42634661245627,3.9466,-0.6859239858812303,0.7359522203818643,21.15840310390721
33,EFX,"Equifax, Inc.",Commercial Services,217.35,0.9555282555282556,0.9469431366666669,50.013200917971524,0.8289975803869705,0.717736369910283,37.93499044,1.55792457,19.021714684879395,6.105,-0.8749544031371725,1.1934610751934853,21.092637100203948
34,HWM,Howmet Aerospace Inc.,Electronic Technology,40.19,0.7671817265703729,1.80997695,22.807723250201125,2.1378262710945375,0.09952724558347847,39.66617575,1.30827987,8.404366733400375,0.5954,-1.0665635938596807,1.7230530705472686,20.92143152762187
35,WMG,Warner Music Group Corp.,Commercial Services,36.11,0.9228403822499763,8.38569826,42.236864335191754,0.8165957765843815,1.689282747161451,33.6690512,23.88690476,17.226487531730584,1.0569,-2.964228752065512,12.351750268292191,20.90002980634109
36,A,"Agilent Technologies, Inc.",Health Technology,151.74,0.9002861230329041,1.5369317766666668,53.82593457943925,0.9908815021936983,0.55357848952155,37.25086733,0.55061263,19.85228878536864,4.194,-0.9863599349376253,0.7707470660968492,20.721533812214624
37,ATVI,"Activision Blizzard, Inc",Technology Services,75.96,0.835306310456011,3.900678726666667,73.59990912189026,0.6463673639869223,0.6187467087941022,35.96038303,0.1919396,26.991395949518978,3.4736,-1.5191686721228346,0.41915348199346114,20.673119610017718
38,BF.A,Brown Forman Inc,Consumer Non-Durables,65.67,0.0,2.547976566666667,60.62308478038815,0.8992151205611405,1.1207552916095629,36.01605293,0.79276316,21.640320449018272,1.7499,-1.0520652326532285,0.8459891402805703,20.348125343853575
39,COST,Costco Wholesale Corporation,Retail Trade,503.28,0.9565951793509204,0.82890592,12.148717361227385,0.46645551404806807,0.6715943411222381,38.04070958,0.42121438,8.716707760409127,13.1725,-0.779901705160592,0.44383494702403403,19.969961819041885
40,LHX,"L3Harris Technologies, Inc.",Electronic Technology,211.91,0.0,0.8730915466666668,30.178511283260356,0.450947729059004,1.7649001934783637,36.86387653,0.42176908,13.40733427664234,9.1704,-0.7271400943951083,0.43635840452950203,19.96371938347846
41,CTAS,Cintas Corporation,Consumer Services,436.04,0.0,1.1193141899999999,46.244381694525366,0.3438978577225335,0.8714796807632326,35.5787538,0.90364689,19.760631961508455,11.9182,-0.5492831463491881,0.6237723738612667,19.922414224364502
42,NKE,"Nike, Inc.",Consumer Non-Durables,126.37,0.0,2.0674735733333334,46.12754316977261,0.09890366457617436,0.9416791960117115,36.01423287,0.82012834,17.341505581035314,3.8295,-0.7671237420226874,0.4595160022880872,19.85062573896005
43,SBUX,Starbucks Corporation,Consumer Services,108.4,0.8111689041962467,-0.4009174933333332,19.576893599724464,0.1979810150288053,1.8081180811808115,38.47945786,-2.73659282,7.340458702130377,2.8454,-0.6654064156848767,-1.2693059024855973,19.83418478626551
44,CVS,CVS Health Corporation,Retail Trade,87.05,0.0,0.9628324333333333,17.76833884255057,0.24793937834155869,2.3549684089603677,37.23909723,1.00085902,8.242723758627967,5.997,-0.8666411173246591,0.6243991991707794,19.71753355986052
45,FTV,Fortive Corporation,Electronic Technology,66.23,0.8702748722938458,0.7558395033333333,57.28014919976402,0.80544037722888,0.42276913785293674,35.00679135,0.37877965,19.89346290103245,1.6444,-0.7200644221837456,0.5921100136144399,19.581434439393053
46,EIX,Edison International,Utilities,68.14,0.15450085110643852,1.01099827,23.495471318349548,0.19037729206702117,3.9440857058996186,36.43205427,1.84242179,8.834623196116516,1.9974,-1.3214028856722113,1.0163995410335105,19.565037644841098
47,V,Visa Inc.,Commercial Services,229.1,0.9137178354657625,1.1446264066666665,77.50255885363357,0.08987011099933762,0.6547359231776517,33.02794189,0.55484238,28.555261753433413,7.0186,-0.7831223415239971,0.3223562454996688,19.42112972760864
48,IR,Ingersoll Rand Inc.,Producer Manufacturing,55.31,0.7175793267117869,1.7447757599999998,32.13259840074528,0.7743210736962217,0.03615982643283312,36.29368805,0.31666478,11.671691386915095,1.1377,-0.812534822011767,0.5454929268481108,19.345474249503237
49,MSI,"Motorola Solutions, Inc.",Electronic Technology,252.24,0.0,-4.58418115,46.65279647533961,0.6359640586099701,1.157627656200444,37.38262825,-16.22335025,16.475605108446537,7.3582,0.7612437646583936,-7.793693095695015,18.972023158791536
50,ABC,AmerisourceBergen Corporation,Distribution Services,165.31,0.9257973468811742,27.278358006666668,3.185687740261928,0.4052228953225425,1.1130603109309782,20.43341341,80.01393234,12.870981915642865,8.1489,-7.482667085106204,40.20957761766127,18.908759742679017
51,GILD,"Gilead Sciences, Inc.",Health Technology,83.35,0.926980347847141,1.2662102233333332,75.88411515417215,0.17584079808800596,3.407318536292742,31.6631372,1.19784395,27.368841792501826,4.9562,-1.519201431366219,0.686842374044003,18.894632964551633
52,MCD,McDonald's Corporation,Consumer Services,270.89,0.9807173024994806,-1.3027258800000003,53.873116621955056,0.0998426666443854,1.9380560375059988,34.32177769,-7.20171484,20.893496913985018,10.1101,-0.5170599952479756,-3.5509360866778072,18.68215092328874
53,HLT,Hilton Worldwide Holdings Inc.,Consumer Services,142.92,0.7,-2.8812254033333335,25.20618556701031,0.851480312284418,0.0,37.5948249,-10.41247265,7.9314867212256575,1.4695,0.3475843039906707,-4.780496168857791,18.669220318750074
54,BR,"Broadridge Financial Solutions, Inc.",Technology Services,149.97,0.945827470505466,1.572003096666667,28.23324326680031,2.5857089103922384,1.7070080682803228,33.93578857,2.25135263,11.474915454488993,4.6195,-1.5386487424724962,2.418530770196119,18.61592791706891
55,TMO,Thermo Fisher Scientific Inc,Health Technology,564.29,0.753043362949211,1.37951081,50.07268368570044,0.18602369446297096,0.1843023977033086,32.25975165,0.66686487,23.686264831900147,19.6066,-0.6824220331274967,0.4264442822314855,18.533979201093892
56,CTVA,"Corteva, Inc.",Process Industries,62.53,0.9259130653056102,1.1626042466666666,36.614500159693385,0.19080758898990108,0.8635854789700944,34.30245056,0.11373784,13.389134802120019,2.3903,-0.8592381426146389,0.15227271449495056,18.521028036746536
57,SPGI,S&P Global Inc.,Commercial Services,366.14,0.9452600313741728,0.6466235133333332,71.39930095215138,0.34461334258287535,0.8412082809854156,31.21989967,0.2845615,28.201341488494904,12.5581,-0.754490960948079,0.3145874212914377,18.501673200111515
58,ADI,"Analog Devices, Inc.",Electronic Technology,168.93,0.9389451413027051,1.4111466666666665,54.19055659698352,0.3723710624587516,1.7581246670218436,32.41063975,0.19030496,20.29843442121673,5.2936,-1.1768042922468869,0.2813380112293758,18.349562956845045
59,PH,Parker-Hannifin Corporation,Producer Manufacturing,317.3,0.0,1.3995736266666665,27.652694480912654,0.2922751073971879,1.393003466750709,33.26814248,1.5916259,13.095756035859774,10.235,-0.7419855394639221,0.9419505036985939,18.197138737054374
60,WST,"West Pharmaceutical Services, Inc.",Health Technology,261.82,0.7786941271697095,2.57107743,41.45264422227717,3.112654863717378,0.2673592544496219,32.36385542,0.12137769,17.639640550759058,8.8952,-1.4490503451794106,1.617016276858689,18.151125911374663
61,IEX,IDEX Corporation,Producer Manufacturing,232.99,0.0,2.30653498,49.24406828703704,0.9415835252379469,0.9270784153826345,31.58221987,0.46353386,19.15413442234568,5.9118,-0.9496408776313506,0.7025586926189734,17.844778869533492
62,ROK,"Rockwell Automation, Inc.",Electronic Technology,278.5,0.9412641398835135,1.1419752200000002,45.361289740582755,0.6887397344871177,1.6086175942549372,30.98137613,1.36571268,18.17378832019425,8.0181,-1.1204016126960317,1.0272262072435587,17.562333736624026
63,PPL,PPL Corporation,Utilities,29.45,-8.316676522767592,0.8771487566666667,28.203354660210962,0.4087684100666512,5.636672325976231,31.26846771,0.99042063,9.749867805625877,0.1691,1.221066250797935,0.6995945200333256,17.43491339724667
64,JCI,Johnson Controls International plc,Producer Manufacturing,68.26,0.8684114867320974,0.8807740900000001,32.86691173564172,0.1541751015768448,2.0363316730149426,31.30968622,0.58769107,11.982828608547242,2.2008,-1.0563467263464963,0.3709330857884224,17.025311082679256
65,APD,"Air Products and Chemicals, Inc.",Process Industries,313.9,0.8706646612374949,1.4111176266666667,26.464242405152998,0.3254311771275033,2.0261229690984393,31.15949216,0.60769646,12.660420010606556,10.1059,-1.2128574569435253,0.4665638185637516,17.020427395988897
66,PAYX,"Paychex, Inc.",Technology Services,114.69,0.7828293289146645,0.9601834633333333,70.59002103345837,1.2864207628160194,2.415206208039062,27.96457112,0.27292297,25.1375348322639,3.8624,-1.3108007973856344,0.7796718664080097,16.762413957573337
67,PKI,"PerkinElmer, Inc.",Health Technology,135.28,0.7344819093125785,1.6128199399999998,52.89083509944113,1.3627972189832391,0.20697811945594324,28.99958141,0.64324548,20.87461834648038,8.1202,-0.9164377659708741,1.0030213494916196,16.71691084489487
68,LW,"Lamb Weston Holdings, Inc.",Consumer Non-Durables,98.55,0.8047508690614137,2.9161187033333333,20.29812876625437,2.565789298331908,0.974124809741248,30.06330082,4.82652705,8.198349156529234,1.3808,-1.6390920771899262,3.696158174165954,16.524220233741246
69,MSFT,Microsoft Corporation,Technology Services,242.71,0.9555752504225237,1.4294854,68.4016744842891,0.030879030757051094,1.0217955584854352,27.59172782,0.42583108,26.511586628096367,9.7036,-0.9519034318827997,0.22835505537852555,16.499682796545606
70,MKC,"McCormick & Company, Incorporated",Consumer Non-Durables,74.68,0.917987337292068,0.8451952466666667,35.79088260766869,0.9392127661631166,1.9817889662560255,29.49637437,1.144897,13.059659284778455,2.5429,-1.1689235362073642,1.0420548830815584,16.343850633099024
71,HSY,The Hershey Company,Consumer Non-Durables,223.19,0.0,1.0934671233333335,44.234387806410574,0.5379316826189965,1.5278462296697881,28.57142857,1.69111797,17.491584976581304,7.1469,-0.7360180906436299,1.1145248263094982,16.336960561822647
72,VRSK,"Verisk Analytics, Inc.",Technology Services,179.41,0.9817996307453114,0.9181019766666667,51.93090108717402,2.6893232412479255,0.646563736692492,27.97403686,1.82676969,18.988467687946898,4.1164,-1.1381947852878376,2.2580464656239627,16.28831138705995
73,AME,"AMETEK, Inc.",Producer Manufacturing,142.31,0.8866193897545955,1.1370227999999998,37.984470966809056,0.6084855946521454,0.5621530461668189,29.43643244,0.3538936,14.469431255603018,4.2868,-0.8263835871536349,0.4811895973260727,16.234974210926833
74,YUMC,"Yum China Holdings, Inc.",Consumer Services,61.51,0.9046035805626599,1.58065809,13.833350248655293,0.9164501967128601,0.7803609169240774,30.93675418,0.26478795,5.920002779551765,2.346,-1.0443335344348792,0.59061907335643,16.152103920875383
75,MDLZ,"Mondelez International, Inc.",Consumer Non-Durables,64.84,0.0,0.7386300233333335,37.09958217270195,0.2003506988467525,2.051202961135102,28.77595483,0.83190851,13.634370732011762,3.0649,-0.7275108509441217,0.5161296044233763,15.98700962010495
76,ROST,"Ross Stores, Inc.",Retail Trade,118.995,0.9326198298202297,1.7599904066666667,27.52838777084922,2.469805859181638,0.9580234463632925,28.99507365,1.3765416,11.396359392505296,4.9007,-1.3763912825718159,1.923173729590819,15.97997072654784
77,ODFL,"Old Dominion Freight Line, Inc.",Transportation,321.88,0.7894464383546328,1.1680796033333334,32.75120958966031,3.130199807029987,0.24853982850751832,28.58256052,0.02809281,14.287729730997881,8.9439,-1.0999910824388326,1.5791463085149935,15.950737369409655
78,NDSN,Nordson Corporation,Producer Manufacturing,235.97,0.9448447818859786,1.0304411,55.072698760519145,0.8986565846298058,0.9238462516421581,27.18144791,0.37502762,21.668913286839715,8.9036,-0.9540659992651029,0.6368421023149029,15.881961729384658
79,SYY,Sysco Corporation,Transportation,78.1,0.7859827132656896,4.156792603333333,17.796051660592948,0.4411693325093962,2.4327784891165174,27.59023768,10.06677255,8.204614754642094,2.661,-1.9886621226318635,5.253970941254698,15.710786140363615
80,KO,Coca-Cola Company (The),Consumer Non-Durables,60.64,0.7580816110227876,1.2906350833333333,59.95455249703042,0.09194317754380858,2.7704485488126647,26.51558322,1.62002783,21.16986252678792,2.2644,-1.2943909485260465,0.8559855037719043,15.693580723461833
81,ETN,"Eaton Corporation, PLC",Producer Manufacturing,160.87,0.9346815434681544,1.0514735166666667,32.17342571836153,0.20300332060355733,1.8897246223658855,28.41032466,0.58715767,12.867466411676064,5.3775,-1.0928885730625255,0.39508049530177863,15.6506086751583
82,SJM,J.M. Smucker Company (The) New,Consumer Non-Durables,151.6,0.8216622700332317,0.9197712266666667,30.245408743702257,0.8823778349986143,2.612137203166227,28.12523435,0.57365558,12.334326656789642,5.8378,-1.3029155772196466,0.7280167074993071,15.572575344773483
83,KDP,Keurig Dr Pepper Inc.,Consumer Non-Durables,34.72,0.0,0.5749369566666666,50.39817077978396,0.3339700713723635,2.05213133640553,27.15604946,0.52890323,17.49633591215021,1.5159,-0.7068625839739036,0.43143665068618176,15.54847252659542
84,WM,"Waste Management, Inc.",Industrial Services,153.1,0.9675556172882377,1.2360740966666668,26.88639785845742,0.35757219797594536,1.5022860875244939,28.35036225,2.00556189,10.814057318374696,4.3197,-1.0768703417950651,1.1815670439879726,15.535441840208007
85,WAB,Westinghouse Air Brake Technologies Corporation,Producer Manufacturing,102.87,0.8620417257443792,0.9884842033333333,27.294809511633854,0.6004524447828874,0.4666083406240886,28.59638421,0.44201511,10.415164571655728,2.9622,-0.7555556067173212,0.5212337773914437,15.415060591034539
86,MDT,Medtronic plc.,Health Technology,82.58,0.8286623864453738,1.3409845733333334,62.879505144227736,0.1833160618894786,3.0515863405182855,25.67067674,0.51130492,22.65806323918702,3.7537,-1.4156719730022074,0.3473104909447393,15.33419822885926
87,HD,"Home Depot, Inc. (The)",Retail Trade,314.24,0.0,13.691358010000002,32.05012007383052,0.26547313366084574,2.10030549898167,19.08460889,38.29969183,20.444192694610177,15.5911,-3.9877368472945447,19.282582481830424,15.254497075995815
88,GEN,Gen Digital Inc.,Technology Services,22.69,0.0,2.37001275,82.36766809728184,1.8184169132745418,2.2036139268400174,23.04277643,5.96171967,28.725526949093947,1.4389,-1.4161692062011855,3.890068291637271,15.250699040300733
89,ITW,Illinois Tool Works Inc.,Producer Manufacturing,229.95,0.9479338456320104,1.7841165433333332,40.35281909373919,0.21977815354216776,2.0526201348119155,26.3315906,2.53085601,16.895545212357508,8.5497,-1.323927738538841,1.3753170817710838,15.203282477217273
90,HON,Honeywell International Inc.,Electronic Technology,205.78,0.0,1.1554816099999998,37.1448512519266,0.18979840220944222,1.8320536495286226,26.62428204,0.97873153,15.435177620642202,8.0052,-0.775353575213572,0.5842649661047211,15.078181782716669
91,MAR,Marriott International,Consumer Services,171.2,0.7,3.6143816933333333,18.625965216136247,0.483968081410787,0.0,26.60145878,9.80714958,8.533048969823193,3.3588,-1.2211906355449513,5.145558830705394,15.061026989568903
92,CHD,"Church & Dwight Company, Inc.",Consumer Non-Durables,80.59,0.9989138477019148,0.9617493733333333,41.294002042349845,0.9960510900579265,1.2532572279439136,26.65706052,0.72834752,15.211550471894393,3.3789,-1.052779160523671,0.8621993050289632,15.042172974937255
93,OTIS,Otis Worldwide Corporation,Producer Manufacturing,80.96,0.0,0.1634972166666667,29.43068960693803,0.3046497076072872,1.1363636363636365,27.92297111,-1.45510247,10.835828941201568,2.9133,-0.3706626693986689,-0.5752263811963564,15.006593269577381
94,RSG,"Republic Services, Inc.",Industrial Services,124.12,0.0,0.8828775700000001,29.119964586100046,0.5241116312796913,1.426039316790203,27.03558175,1.25827933,11.350114052033348,4.0475,-0.6558459663895044,0.8911954806398457,14.908060711371373
95,FMC,FMC Corporation,Process Industries,130.29,0.0,1.3239165566666669,43.62958851978117,0.4968694803244199,1.5120116662829075,25.67478349,1.15769759,16.89176835881595,5.7218,-0.7835124777860566,0.8272835351622099,14.764875206763723
96,AVGO,Broadcom Inc.,Electronic Technology,581.45,0.9023345395971589,2.3361067799999997,62.00644520073487,0.11775281675836437,2.8205348697222457,22.54508139,1.7604474,30.59421732691162,27.4401,-1.6226404238033216,0.9391001083791822,14.639571893958891
97,PEP,"PepsiCo, Inc.",Consumer Non-Durables,169.48,0.7294505016055005,1.2954835233333333,53.52594755121558,0.05018658774243342,2.5061954212886475,24.26192928,2.05095375,20.111243691516304,5.5123,-1.2132553998787854,1.0505701688712168,14.48149704506686
98,PG,Procter & Gamble Company (The),Consumer Non-Durables,141.01,0.9128539760321349,0.636202,47.65360968735581,0.05586561018036605,2.498191617615772,24.68739024,0.77992174,18.09650389578527,5.9997,-1.1114771375422452,0.41789367509018305,14.375595692603916
99,AMGN,Amgen Inc.,Health Technology,251.59,0.8190567388234383,4.651054103333333,75.16450532958787,0.1869855740073707,2.7982034262093087,20.33168745,10.59512729,30.051386477640403,10.3386,-2.1770320770749696,5.391056432003686,14.311310794078212
100,MLM,"Martin Marietta Materials, Inc.",Non-Energy Minerals,347.37,0.9079111972513435,1.5985092099999998,24.685999261174732,1.1770780813034292,0.6793908512537064,25.72176537,0.78439851,12.54516949039158,11.351,-1.063805646546911,0.9807382956517146,14.27310581364018
101,TT,Trane Technologies plc,Producer Manufacturing,175.15,0.0,1.0320337366666665,31.630400950737364,0.2867034865138874,1.3474165001427347,25.58236994,0.82431327,12.875178229134677,5.9631,-0.6378680821794334,0.5555083782569437,14.260759310361186
102,CDW,CDW Corporation,Technology Services,194.03,0.938165286708976,2.57135351,17.13911088911089,1.1735502735802912,0.8761531721898675,25.40748725,5.14064857,8.94945479970363,7.1379,-1.366267061932652,3.1570994217901456,14.181097600354114
103,ACN,Accenture plc,Technology Services,274.32,0.0,0.8837491100000001,32.13578593020897,0.21157186539548511,1.4144065325167687,25.18232596,0.13944283,14.629345013402988,10.8685,-0.606274690438515,0.17550734769774257,14.170012135087672
104,CAG,"ConAgra Brands, Inc.",Consumer Non-Durables,36.97,0.8240685664846158,0.9704743699999999,24.47576695359703,0.7560604555382141,3.3811198268866653,25.76496361,1.07598109,9.098513774532345,1.8493,-1.4897316158220137,0.916020772769107,14.16467615811352
105,BMY,Bristol-Myers Squibb Company,Health Technology,72.03,0.8617021276595745,1.3521310866666667,57.69321979088067,0.13648179130398608,2.7905039566847147,23.61165428,1.22533146,20.731450292515778,3.149,-1.3577267742142944,0.6809066256519931,14.158431212629019
106,ORCL,Oracle Corporation,Technology Services,87.35,0.9854891872337005,-7.594132373333333,76.3737040527804,0.12920168300593188,1.465369204350315,27.78679823,-24.078125,23.755790559815683,2.4878,1.1678893242630697,-11.974461658497034,14.137411692143498
107,QSR,Restaurant Brands International Inc.,Consumer Services,66.59,0.707267710967833,1.8578715133333332,58.32026485450432,0.3765193278488202,3.189765280072083,22.73446477,3.56944788,20.952519609279218,2.67942246,-1.5659307963674185,1.97298360392441,14.019464515083271
108,MCHP,Microchip Technology Incorporated,Electronic Technology,75.68,0.0,1.1034537633333334,51.71751528390681,0.6872363622352891,1.202431289640592,23.69448511,1.20194655,18.382823015746716,2.3275,-0.6795567175787747,0.9445914561176445,13.926730605004382
109,AAPL,Apple Inc.,Electronic Technology,143.0,0.8462320865693953,1.4577245666666665,43.30963056136009,0.014195260574423567,0.6293706293706294,23.91471788,2.61446164,16.973985042675586,6.1546,-0.8200843183947757,1.314328450287212,13.898551765422587
110,HPE,Hewlett Packard Enterprise Company,Electronic Technology,16.01,0.779495646952867,0.81348817,31.39675537213605,0.27470764775311113,2.998126171143035,24.83458994,0.67728163,10.95881451404535,0.6662,-1.2669332088822287,0.4759946388765556,13.781494645405926
111,D,"Dominion Energy, Inc.",Utilities,62.69,0.8678031158275006,0.9896837866666667,57.04669149240905,0.08369335636689783,4.019779869197639,22.49153641,1.53970532,20.674158426358574,3.9861,-1.568651007960736,0.8116993381834489,13.720636801396235
112,SCCO,Southern Copper Corporation,Non-Energy Minerals,74.59,0.7717507566964793,2.550941213333333,56.614627632818426,0.2541338635707531,4.2901193189435585,22.44357508,0.97273204,21.186556282050585,4.3941,-2.018497977448604,0.6134329517853766,13.69029189271163
113,SSNC,"SS&C Technologies Holdings, Inc.",Technology Services,58.92,0.9172593373590211,1.18113331,47.94694119976242,1.7292155220378518,1.1541072640868975,22.80111617,1.29339993,17.419324836587474,3.1299,-1.1642332399030595,1.5113077260189258,13.443739516280917
114,DG,Dollar General Corporation,Retail Trade,232.89,0.8640352675825302,1.7210784266666668,31.5980833565334,1.1894112916735027,0.721370604147881,22.9487005,2.69746526,14.52028726106669,10.2417,-1.091436295108548,1.9434382758367512,13.278060062177953
115,MCK,McKesson Corporation,Distribution Services,378.69,0.9501879827739421,-1.2843912733333334,4.7919050180705085,0.2434937253091659,0.4832448704745306,26.87398567,-5.77421938,3.607337914912391,7.3145,-0.1688032520525539,-2.765362827345417,13.276098222864354
116,J,Jacobs Solutions Inc.,Industrial Services,121.0,0.9357359757072079,1.17445521,20.770324442063437,0.5575323846862493,0.9752066115702479,24.48434456,0.61827849,8.983459884021146,5.0056,-0.9485529045930221,0.5879054373431247,13.260764726568462
117,HRL,Hormel Foods Corporation,Consumer Non-Durables,44.78,0.933273391095853,1.7950816066666668,17.093010357493327,1.0024191080478815,2.3224653863331843,24.67161308,0.44774542,6.907730654719998,1.8351,-1.5063953013406937,0.7250822640239407,13.253203066776036
118,TGT,Target Corporation,Retail Trade,168.68,0.9375146689902816,1.15617661,27.072307910004245,0.4481535798081167,2.0037941664690537,23.07155179,1.75360741,14.153061506668083,14.2307,-1.1853458652350795,1.1008804949040585,13.253102974771018
119,ABBV,AbbVie Inc.,Health Technology,145.65,0.6804417280177802,2.0664967433333334,69.49303343594853,0.09352390897206288,3.6457260556127697,19.49594168,4.34304611,26.01287672642729,6.4791,-1.6802388908885582,2.218285009486032,12.989464231012358
120,SRE,DBA Sempra,Utilities,161.24,0.4061256961018298,0.68243023,27.899854528749714,0.18295863798537543,2.7288514016373107,22.72095472,0.90767865,10.868228252916571,4.0224,-1.0224081972427745,0.5453186439926877,12.727008234529649
121,AWK,"American Water Works Company, Inc.",Utilities,155.0,0.0,0.83046935,38.600508905852415,0.439486668964211,1.5548387096774194,21.68245464,1.53647847,15.456859418617471,6.9396,-0.6622500152639865,0.9879825694821055,12.673768645199512
122,STX,Seagate Technology Holdings PLC,Electronic Technology,66.76,0.0,-3.5221250566666664,29.74873509990567,0.6988454861404456,4.14919113241462,24.56558895,-12.82765957,11.240670014413,7.4954,-0.26159334185805516,-6.064407041929777,12.582739847111
123,AEE,Ameren Corporation,Utilities,86.91,0.9304502032257229,1.0112244,28.85517672818267,0.36135570559279573,2.5313542745368776,21.8190009,1.44753146,11.243033709394224,3.8627,-1.2655055956021417,0.9044435827963979,12.341277405392175
124,GWW,"W.W. Grainger, Inc.",Distribution Services,575.32,0.0,2.09908619,35.76255567501152,0.6613597018328623,1.1106862267955222,20.33074483,1.04683841,19.31931395500384,20.0963,-0.9016470594738099,0.8540990559164312,12.28902753841584
125,GRMN,Garmin Ltd.,Electronic Technology,97.36,0.0,1.8324011966666667,58.008788240334994,0.838723189438496,2.6910435497124077,19.74510824,0.01704283,21.82412981233389,5.6312,-1.2566696650105431,0.427883009719248,12.283981091647425
126,SO,Southern Company (The),Utilities,67.43,0.33834353108096105,1.06837577,28.2393456736978,0.1016312921979738,3.8855109001927923,21.55035812,1.58603505,10.5210404812326,2.2554,-1.3721365972562305,0.8438331710989869,12.247387172636714
127,LMT,Lockheed Martin Corporation,Electronic Technology,460.59,0.975543778293033,1.4796660333333334,15.776551891367605,0.23288136324891506,2.475086302351332,21.17445428,1.79646018,12.997672641566979,21.7368,-1.365060610811065,1.0146707716244574,12.200931127635615
128,AMCR,Amcor plc,Process Industries,11.78,0.5985463469888616,1.47219799,19.251925192519177,0.3906103928878237,4.0534804753820035,21.65639725,1.86745473,7.084607727506392,0.5297,-1.649502396724776,1.1290325614439118,12.002863717905145
129,ALB,Albemarle Corporation,Process Industries,271.98,0.03877856875234187,1.3190270000000002,30.30300571792244,1.0845221132686147,0.5735715861460401,21.36152015,0.50285622,10.89654423930748,1.0676,-0.6494004625901219,0.7936891666343073,11.921569444613203
130,WEC,"WEC Energy Group, Inc.",Utilities,92.62,0.8426637882940792,1.0178423399999998,21.296296296296298,0.37645470176098705,2.9259339235586266,21.26289251,1.40887022,8.8122795454321,4.1227,-1.3373445970567324,0.8926624608804936,11.8500656343695
131,ED,"Consolidated Edison, Inc.",Utilities,95.05,0.6975979706993839,0.9689840799999999,41.21260879104805,0.11831433483916737,3.2614413466596526,19.91272056,1.2428013,15.348330957016016,3.8634,-1.3195127966355726,0.6805578174195837,11.821497794187927
132,DD,"DuPont de Nemours, Inc.",Process Industries,72.65,0.8007023992346618,1.75066163,32.156368221941996,0.20424072830814438,1.6517549896765311,20.25278114,0.47978669,15.274443283980666,11.9163,-1.161486103897486,0.3420137091540722,11.771264528806785
133,ATO,Atmos Energy Corporation,Utilities,115.53,0.0,0.8601877666666667,30.302056662339798,0.523646334654457,2.3543668311261143,20.51195868,0.88862248,12.260248143002157,5.6185,-0.8821855996463638,0.7061344073272284,11.770449158913637
134,DUK,Duke Energy Corporation (Holding Company),Utilities,101.64,0.7111810036204769,0.98365764,28.310156592421404,0.09383550694140859,3.837072018890201,20.43822056,1.41691426,11.412638077473801,4.9441,-1.4681710920309285,0.7553748834707043,11.748339157127448
135,POOL,Pool Corporation,Distribution Services,376.48,0.8838620910919435,2.4850127366666666,30.536613147860557,1.9046239369409033,0.7915427114322141,19.51654886,1.48840771,16.409808628175742,16.2078,-1.4141841844480358,1.6965158234704516,11.676294310210082
136,PM,Philip Morris International Inc,Consumer Non-Durables,103.83,0.6595053088389166,-0.6147557299999998,67.69603777196453,0.10060022131065728,4.719252624482327,18.4817071,-3.67702283,24.30372734732151,5.8299,-1.2720411149108013,-1.7882113043446712,11.65830517482037
137,DRI,"Darden Restaurants, Inc.",Consumer Services,146.92,0.9098237519113662,1.2952579800000001,16.871235721703012,0.7688321647819543,2.994827116798258,20.46567444,2.94987382,8.540631233901005,7.4554,-1.5062844120858359,1.8593529923909773,11.607625212339538
138,MRK,"Merck & Company, Inc.",Health Technology,106.09,0.9881439401283518,1.2005945733333334,72.46610914593003,0.10305547860065946,2.4884532001131117,17.5323595,0.6831821,26.274801239754456,5.1577,-1.2835706441966332,0.39311878930032973,11.59277188742716
139,GPC,Genuine Parts Company,Distribution Services,166.61,0.9797484919089721,1.1511699433333333,33.61416835051093,0.48555447185050987,1.9566652661905044,19.9291419,1.09912479,13.677179431281422,6.2662,-1.1927039453266761,0.792339630925255,11.567152951399576
140,LNT,Alliant Energy Corporation,Utilities,53.65,0.8887391320855006,0.9241598166666666,24.502589261379125,0.7416032000208099,3.0009319664492082,20.51881457,1.37446129,9.35354969268193,2.6339,-1.4035721220120154,1.058032245010405,11.566104687713993
141,ES,Eversource Energy (D/B/A),Utilities,81.37,0.8208015105825324,0.9577676933333333,28.624999176221234,0.23614188633287908,2.9617795256236943,20.13833599,1.44463934,11.043688956518189,3.5483,-1.302588616393075,0.8403906131664395,11.507534104208169
142,SIRI,Sirius XM Holdings Inc.,Consumer Services,5.87,0.9036630602782071,-0.6863951133333335,44.089236430542776,0.3258011523529581,1.1224020442930152,20.2739726,-2.80945796,14.575447105736481,0.3235,-0.47415397669023657,-1.241828403823521,11.410990136569222
143,CAT,"Caterpillar, Inc.",Producer Manufacturing,261.5,0.0,1.7191770233333334,28.061744861132905,0.08960410775225167,1.6673040152963674,19.22082074,2.33804891,13.903073961488744,11.9283,-0.860060875820263,1.2138265088761258,11.32420738187171
144,KLAC,KLA Corporation,Electronic Technology,387.68,0.8902803010053143,2.33265266,60.34406400472982,0.43662306516062144,1.0833677259595542,16.41835837,2.39175342,28.24980555490994,22.0727,-1.2310966616158416,1.4141882425803107,11.302224495441427
145,WMB,"Williams Companies, Inc. (The)",Energy Minerals,31.03,0.1836824785295772,1.15064367,29.370034052213395,0.8913757100136542,5.28520786335804,19.22983034,1.68274623,10.588859240737799,1.2459,-1.80695810732691,1.2870609700068272,11.279038263678258
146,CPB,Campbell Soup Company,Consumer Non-Durables,51.9,0.9115074158018212,0.9952348900000002,30.214903060032704,0.8251784678052367,2.851637764932563,19.46474798,1.46641683,11.241679316677567,2.5149,-1.4045225294345636,1.1457976489026183,11.23041297499808
147,GOLD,Barrick Gold Corporation,Non-Energy Minerals,19.48,0.0,2.5559201999999996,37.65602747759051,0.353087873346551,1.8852684804928128,19.44244888,0.15770576,13.779517559196838,1.126605,-1.1632603511251858,0.2553968166732755,11.2224563721911
148,NXPI,NXP Semiconductors N.V.,Electronic Technology,179.48,0.0,1.8920298366666666,49.48928861972346,0.44279360573445387,1.253621573434366,18.08311419,1.51144211,19.43110615213004,6.912,-0.8528318933854262,0.9771178578672269,11.220170249791344
149,LOW,"Lowe's Companies, Inc.",Retail Trade,201.91,0.9483053162168202,-0.19176807333333334,31.578181818181818,0.42314639183172115,1.4858105096330048,19.84495668,-2.96953684,14.489437914949493,12.0819,-0.7188894285255631,-1.2731952240841393,11.193475194788865
150,MGA,"Magna International, Inc.",Producer Manufacturing,63.44,0.0,0.9995649433333332,9.84444505843665,0.3629935740254755,2.6862541771752837,20.8142319,0.45546745,5.278751233923328,4.9922437,-0.9759038162309756,0.40923051201273775,11.18787221188931
151,CSCO,"Cisco Systems, Inc.",Electronic Technology,48.22,0.9704511755983901,1.0493397533333333,61.94115251081328,0.07591341761143591,3.1107424305267526,17.53732692,0.2446613,21.941030754715538,2.8326,-1.3910654700661733,0.16028735880571796,11.166791703278756
152,AEP,"American Electric Power Company, Inc.",Utilities,92.87,0.8964996982498491,1.0469049833333333,28.09396336511565,0.14275647227500066,3.230321955421557,19.31914894,1.56591181,11.370622782816326,4.971,-1.40449509991742,0.8543341411375003,11.150086262059546
153,NTES,"NetEase, Inc.",Technology Services,89.58,0.9952104647019901,1.6264628466666669,53.6159476061612,0.5750107169815757,1.294931904442956,18.04844427,0.2644391,19.72393681760929,3.9294,-1.1649239579703385,0.4197249084907878,11.09356159310635
154,DE,Deere & Company,Producer Manufacturing,420.6,0.88617600464586,1.7033227333333334,29.215387545229483,0.08356469393204255,1.0366143604374702,17.92794183,2.56427764,18.11247009285427,23.4187,-1.0076805791585581,1.3239211669660211,11.042895535806522
155,DTE,DTE Energy Company,Utilities,114.33,0.4838135249834723,1.26545426,14.230692609070989,0.31110652208059175,4.167759993002711,19.65088921,2.2193412,6.728415623023662,4.6891,-1.5743042753069818,1.265223861040296,11.010676511279998
156,AVY,Avery Dennison Corporation,Process Industries,185.63,0.9979524172229939,1.1920043966666667,27.463339795202362,0.47363117100732416,1.4329580348004096,18.95233858,1.56070343,12.527648063956343,8.9276,-1.0765686295459156,1.017167300503662,10.968006497021817
157,OKE,"ONEOK, Inc.",Industrial Services,67.28,0.38594322480712506,1.1773047433333332,17.483187628234248,0.5708671637254498,5.5588585017835905,18.93399184,2.19557025,7.339197457189194,3.3571,-1.9047510145205422,1.3832187068627249,10.84297015581777
158,MO,"Altria Group, Inc.",Consumer Non-Durables,44.5,-1.1357169599400976,-1.739822916666667,66.278243569703,0.15256837451487618,7.910112359550562,17.14507671,-6.21242911,21.957973551012106,1.3355,-1.167956680919171,-3.029930367742562,10.836565204415837
159,CMI,Cummins Inc.,Producer Manufacturing,246.82,0.0,1.2094384366666666,23.616835269139504,0.2259767265311942,2.2688598979013044,18.53709805,0.89365245,13.187824568602055,14.7372,-0.9034710926216718,0.5598145882655972,10.835833280041289
160,EXC,Exelon Corporation,Utilities,41.75,0.622001606794445,1.0638312233333334,21.244301831054067,0.07992103534148982,3.6646706586826348,19.25635104,1.57281751,8.016911018129134,1.7426,-1.4118141881832713,0.8263692726707449,10.820426123396999
161,FE,FirstEnergy Corp.,Utilities,41.3,0.8121389832003174,1.0718027233333334,26.230686309737695,0.2283223550749,3.7772397094430996,18.78702269,1.89161773,9.85679634435701,2.2679,-1.5307576055754544,1.05997004253745,10.815833198329956
162,DOV,Dover Corporation,Producer Manufacturing,143.31,0.9548504834475251,1.0826313733333333,37.62932237572879,0.43085775220432765,1.3885981438838881,18.0128468,0.90983072,15.506817916354043,7.8085,-1.0166337113415882,0.6703442361021639,10.728370482110067
163,BALL,Ball Corporation,Process Industries,57.44,0.9599042067352319,1.4979457733333332,14.585127763422337,0.5382426673671816,1.2186629526462396,19.46433396,2.61566638,6.258791178918557,2.6933,-1.0958550539573015,1.576954523683591,10.685717792497469
164,VTRS,Viatris Inc.,Health Technology,11.94,0.38568435089056097,1.4240844766666665,34.700986816313275,0.5894753416859219,2.763819095477387,18.02334394,1.05582751,11.691723764326646,-1.0499,-1.270386717100598,0.8226514258429609,10.494717869438936
165,EVRG,"Evergy, Inc.",Utilities,61.69,0.9331641285956006,0.7503630733333334,31.134659101079347,0.3832938236280948,3.529745501702059,17.81252705,1.21304144,11.908840724804227,3.8415,-1.4541286623115224,0.7981676318140474,10.464342807782286
166,TEL,TE Connectivity Ltd. New Switzerland Registered Shares,Electronic Technology,125.5,0.9820274045496874,1.2273028866666669,31.509121061359867,0.47257212308405566,1.6892430278884465,17.91738136,0.37059644,13.41780798267551,7.517,-1.143731888693777,0.42158428154202787,10.439339448495423
167,AGR,"Avangrid, Inc.",Utilities,42.1,0.6085899513776337,0.6349796866666667,22.820874471086036,0.41205270507954767,4.180522565320665,18.18025011,0.43031376,8.476751385917568,1.9744,-1.4786899517409369,0.42118323253977386,10.292220101457685
168,ETR,Entergy Corporation,Utilities,107.69,0.8065411494170275,1.1995504733333333,23.06569797040072,0.2469364591960073,3.5843625220540436,17.64514925,2.22388686,9.943849481244683,5.5663,-1.5153081200222047,1.2354116595980036,10.270947345247253
169,GLW,Corning Incorporated,Electronic Technology,36.39,0.7632952190929322,1.2227554533333336,35.264429911856695,0.48867062919193827,2.638087386644682,17.1882298,0.64755802,12.596761788396677,1.3031,-1.3056646310558209,0.5681143245959691,10.100656219317747
170,EMR,Emerson Electric Company,Electronic Technology,89.69,0.0,0.9511493166666667,39.68213539809485,0.31120603227486593,2.29680008919612,16.50761421,0.66597205,15.36092823825384,5.4495,-0.8586682563069266,0.48858904113743296,10.031430920341789
171,URI,"United Rentals, Inc.",Finance,429.04,0.7,1.3194052200000002,39.78697818244288,0.5977049870466321,0.0,14.58449526,1.7308128,23.626261134147626,29.7724,-0.6645070530569949,1.164258893523316,9.821274816813727
172,GIS,"General Mills, Inc.",Consumer Non-Durables,78.21,0.0,0.7632320233333333,33.08358957078472,0.3397368817079888,2.6083621020329883,16.2765913,1.13190193,12.767773864706015,4.4565,-0.8938590635977788,0.7358194058539944,9.733687221484923
173,AMAT,"Applied Materials, Inc.",Producer Manufacturing,108.2,0.8361561256907921,1.5981083333333335,46.299396534942574,0.1078007038018386,0.9426987060998152,15.12605042,0.47802198,18.4629682894253,7.4914,-0.94402650942034,0.2929113419009193,9.467771526990662
174,K,Kellogg Company,Consumer Non-Durables,68.09,0.9706205885049042,1.00296654,31.676186446653976,0.4752307872244318,3.392568659127625,15.55095468,1.53566906,12.34758432888466,4.3636,-1.5098856238422875,1.0054499236122159,9.399594061139444
175,LRCX,Lam Research Corporation,Producer Manufacturing,478.63,0.8822677756648217,2.210796253333333,45.618485690416854,0.16355445278119668,1.25357792031423,12.98130819,0.60246874,26.91596064791673,32.9186,-1.199420432811758,0.38301159639059834,9.26426822782004
176,DGX,Quest Diagnostics Incorporated,Health Services,145.76,0.8559356136820926,1.2148938100000002,38.37597330367075,1.1346256038647342,1.7014270032930847,14.35046955,0.73082375,18.49828903789025,15.904,-1.1988515086917138,0.9327246769323672,9.261866163635636
177,FOX,Fox Corporation,Consumer Services,31.41,0.925457961484265,2.615634296666667,32.159725203950195,0.2779531860527907,1.5281757402101241,15.84406474,0.65384615,12.301453166872287,2.129,-1.401555773646609,0.4658996680263954,9.258019616948859
178,SWKS,"Skyworks Solutions, Inc.",Electronic Technology,108.58,0.9929115407147042,1.90220939,45.67313827363048,0.9676279202607191,2.118253822066679,14.26170407,0.44148839,18.47584922121016,7.8522,-1.497779030305924,0.7045581551303596,9.181396067323163
179,INTC,Intel Corporation,Electronic Technology,27.95,0.7515890916547058,1.1821142166666665,42.314524058743295,0.0908622237330387,5.2236135957066185,14.43362378,0.41109153,15.149146091803322,1.9508,-1.878117468732424,0.25097687686651937,9.116471487251056
180,FDX,FedEx Corporation,Transportation,184.08,0.906598764539388,1.3908248766666667,21.56621610060741,0.2672025288838201,1.6297262059973925,14.97053971,1.57727555,12.49264699242469,14.5209,-1.1125277175873736,0.92223903944191,8.970702210971854
181,MGM,MGM Resorts International,Consumer Services,39.86,0.7040978568208827,2.89016653,36.145355335769935,0.357001949492784,0.025087807325639738,14.02147155,5.69087919,13.825273955256646,2.4403,-1.0287981266426363,3.0239405697463924,8.897680252543243
182,NOC,Northrop Grumman Corporation,Electronic Technology,439.28,0.9138732895673495,1.0346912133333335,20.419649199497293,0.3243637933397385,1.5388818065926062,13.88615668,0.97962382,17.68728013761021,31.6075,-1.0119034753310179,0.6519938066698693,8.894902948221153
183,LH,Laboratory Corporation of America Holdings,Health Services,251.12,0.7,1.3622460066666668,32.59557468875807,0.8939330504120121,0.0,13.57251126,0.62021936,19.514040231808245,24.5843,-0.7196514592284684,0.757076205206006,8.81710974829918
184,CTSH,Cognizant Technology Solutions Corporation,Technology Services,65.27,0.9367447595561036,1.55586726,33.90068622683309,0.6674871136868455,1.4708135437413818,14.62953068,0.12711156,13.170517828944362,4.055,-1.1846539338330087,0.3972993368434228,8.739892951253958
185,FERG,Ferguson plc,Distribution Services,139.55,0.9821265157888257,1.53086985,29.598123643492446,0.3642758286730923,1.9706198495163023,14.0090252,0.90978325,13.625464497830817,9.7474,-1.2737580797061283,0.6370295393365462,8.564151134631409
186,UPS,"United Parcel Service, Inc.",Transportation,176.97,0.9766420536604219,1.39594869,17.933418377844536,0.30912536714089034,2.3054755043227666,14.2684752,1.40510949,11.359222355948177,14.7483,-1.3135495724329727,0.8571174285704453,8.540775914497885
187,DELL,Dell Technologies Inc.,Electronic Technology,40.01,0.7,-2.322628836666667,20.449529389641626,0.11733109047629492,0.0,16.91281363,-8.36104513,8.475800184324987,7.3005,0.31805754559522253,-4.121857019761853,8.51142118403965
188,LKQ,LKQ Corporation,Consumer Durables,57.88,0.7680272108843538,1.4233927433333333,38.67925623891011,1.8786597829731,0.43192812715964063,13.69980266,0.69552915,14.592549660747814,3.675,-1.0144387088787323,1.28709446648655,8.508324131200181
189,QCOM,QUALCOMM Incorporated,Electronic Technology,131.63,0.9482811306340718,1.4633598533333334,57.839366515837106,0.09482867167694918,2.1727569702955254,11.72747253,0.89707434,23.60730878972348,11.5192,-1.2551519023806823,0.4959515058384746,8.415417951931527
190,CMS,CMS Energy Corporation,Utilities,62.67,0.0,1.4218327566666666,20.944194296629824,0.43433307936072196,2.7764480612733364,14.02977032,1.83302239,9.01014235109883,4.6644,-1.114720166389109,1.133677734680361,8.30880773153438
191,IPG,"Interpublic Group of Companies, Inc. (The)",Commercial Services,35.95,0.0,1.1394835666666667,15.322194771841769,1.3010575753367877,3.004172461752434,14.24420919,1.32891928,6.295359446169478,2.4244,-1.2310726434052932,1.3149884276683939,8.19194820698534
192,KR,Kroger Company (The),Retail Trade,44.21,0.0,1.1837006766666667,19.96185309816663,0.46725200484408114,1.8321646686270077,14.10368793,2.03988317,7.782851258277765,2.203,-0.8240541370500307,1.2535675874220407,8.181653661469882
193,OMC,Omnicom Group Inc.,Commercial Services,84.84,0.0,1.2148338900000002,17.685137234593476,0.8078388039495682,3.3003300330033,13.6877247,1.75080293,8.489757041531158,6.5693,-1.2499668013432603,1.2793208669747842,8.153738550714076
194,BBY,"Best Buy Co., Inc.",Retail Trade,86.38,0.9815966530226383,1.09723006,22.317961399509283,1.1133233581486612,3.2414910858995136,12.73205584,1.34046108,11.11949715316976,9.9433,-1.595237618755101,1.2268922190743305,7.8879814258462835
195,NTAP,"NetApp, Inc.",Electronic Technology,65.51,0.0,1.6390689900000002,66.62450592885375,0.5752954417231148,3.052969012364524,9.9290995,2.24209651,24.155124972951253,4.2018,-1.2593038168495982,1.4086959758615574,7.841167962018929
196,MU,"Micron Technology, Inc.",Electronic Technology,61.71,0.7550435227854583,2.4158988833333335,45.35730541647701,0.17377213041511042,0.6968076486793064,11.58051239,0.22210279,18.528401433270115,7.812,-1.0685076855403368,0.1979374602075552,7.64551382668242
197,EOG,"EOG Resources, Inc.",Energy Minerals,132.1,0.878698224852071,1.2578907133333335,44.80457096627396,0.31234867166148245,3.77554882664648,10.58082157,0.22302822,18.029987226535763,8.0275,-1.6127565644424005,0.26768844583074125,7.363226423040133
198,CNP,"CenterPoint Energy, Inc (Holding Co)",Utilities,29.84,0.9770673486786019,1.11100022,22.641283524904214,0.3525654557475982,2.1782841823056303,12.28113644,1.56201822,8.699427914968071,2.346,-1.2171794909760578,0.957291837873799,7.298079848204524
199,EPD,Enterprise Products Partners L.P.,Industrial Services,25.59,0.6451367781155015,0.9330869233333333,16.23531279771356,0.2554427749043539,7.033997655334115,11.47193635,1.08072157,6.424666573682298,2.1056,-2.2558854332429408,0.6680821724521769,6.989862489067783
200,MPLX,MPLX LP,Industrial Services,34.67,0.5319364768434308,1.0162602366666666,43.73583350504842,0.40609082837268146,7.982405537929045,9.22152837,1.48735615,15.870297913905029,2.8588,-2.496757834800031,0.9467234891863407,6.935703444540672
201,EXPD,"Expeditors International of Washington, Inc.",Transportation,105.52,0.8386150445121587,1.3008869533333334,14.232436109092273,2.2913958801700387,1.0993176648976497,11.32559509,0.1427562,7.9672743541418685,8.3685,-1.2372758021625072,1.2170760400850194,6.689144374704705
202,BNTX,BioNTech SE,Health Technology,140.49,0.7,3.575363083333334,99.49358950713243,0.1636631077865559,0.0,3.20750546,0.01491863,50.975917530155265,49.8588,-1.163390237001317,0.08929086889327795,6.602863633094051
203,PFE,"Pfizer, Inc.",Health Technology,43.55,0.0,1.1907379433333334,57.66533805727783,0.0779176366311674,3.6050516647531574,8.4325053,0.39475299,20.936658666870386,3.9539,-1.210635047516298,0.23633531331558372,6.596627241073842
204,CARR,Carrier Global Corporation,Producer Manufacturing,43.58,0.9659435782447724,1.4998655066666666,29.14665502352884,0.21337649294465122,1.1702615878843505,10.54056013,1.25994908,10.854740176731836,1.9177,-1.0376184999651223,0.7366627864723256,6.516350948759571
205,ET,Energy Transfer LP,Industrial Services,13.1,0.0,1.1126918433333333,14.067668392245281,0.18176461054850618,4.65648854961832,9.92202005,1.17512969,5.691453411859538,1.894,-1.4695597898201893,0.6784471502742531,5.984537672220617
206,BG,Bunge Limited Bunge Limited,Process Industries,97.07,0.8431537989223796,1.3030036999999999,8.635672020287405,0.21411689508420378,2.1376326362418876,9.93040576,0.65453964,8.1445252400958,14.4949,-1.1873804479459351,0.43432826754210185,5.961546276347596
207,XOM,Exxon Mobil Corporation,Energy Minerals,113.56,0.8524445681417571,0.9722489566666667,24.099675590888026,0.040941415632561116,3.073265234237408,9.41909728,0.23532581,10.153808182518231,5.3895,-1.3158753589205179,0.13813361281628056,5.928295168346769
208,PXD,Pioneer Natural Resources Company,Energy Minerals,229.83,0.9536195926648803,0.7658976966666667,38.254057078903195,0.4048744265056167,1.000739677152678,8.36032244,0.24349645,16.02955159185662,9.0687,-0.8361573648633869,0.3241854382528084,5.864411698065152
209,COP,ConocoPhillips,Energy Minerals,120.53,0.9868335218239335,1.0893563566666666,31.97628973423658,0.18793519247588758,1.4519206836472247,8.87320809,0.34558569,13.055582030301084,6.1011,-1.0089012715882326,0.2667604412379438,5.839816277483597
210,FANG,"Diamondback Energy, Inc.",Energy Minerals,145.34,0.8416705794731474,0.5322734100000001,62.24805061056349,0.654153055918789,1.2040732076510252,6.14888313,0.36797637,25.044308006854497,12.3526,-0.8267943156161763,0.5110647129593945,5.718813197480814
211,HPQ,HP Inc.,Electronic Technology,28.82,0.0,-0.8996388666666668,18.244614046951984,0.21395243062582345,3.4698126301179735,9.69968475,-4.2131597,6.810225060095106,3.0857,-0.6746363054567002,-1.9996036346870885,5.41046178653822
212,LYB,LyondellBasell Industries NV,Process Industries,94.46,0.9650034319138142,1.4237474133333332,18.895846423851104,0.12541097352254477,4.700402286682194,7.41243551,1.04148064,12.358031279061478,16.7545,-1.8876002722020986,0.5834458067612724,5.339990245706412
213,DVN,Devon Energy Corporation,Energy Minerals,62.34,0.0,0.9764081299999999,37.88363636363636,0.531334532461585,2.133461661854347,6.8719007,0.61188335,14.352548164545455,4.1976,-0.8571676278328244,0.5716089412307925,5.113156358102857
214,CTRA,Coterra Energy Inc.,Energy Minerals,24.66,0.0,1.17785054,56.049046321525886,1.345513650749828,4.5417680454176805,5.14795545,0.21199684,19.841032287175295,2.2962,-1.6317316939668944,0.778755245374914,5.004835637937591
215,TECK,Teck Resources Ltd,Energy Minerals,41.34,0.7371202138124315,1.22763044,36.08782731251391,0.7195860662871983,0.3824866956942429,6.66284763,0.38018742,13.858377164171301,4.25967374,-0.7684592687009915,0.5498867431435992,4.788641622745175
216,DHI,"D.R. Horton, Inc.",Consumer Durables,94.83,0.7540384753944809,4.2154977,31.374253285543606,0.905435285560258,0.9490667510281556,5.98462302,0.27919854,17.414850328514536,16.6548,-1.690869871979146,0.592316912780129,4.77807961331238
217,TSN,"Tyson Foods, Inc.",Consumer Non-Durables,64.1,0.9027734170591314,1.35669196,12.126046319582597,0.33040345089183526,2.901716068642746,7.23318549,0.4450053,7.551846093194199,9.1728,-1.4301332207651578,0.3877043754459176,4.596476514196362
218,WLK,Westlake Corporation,Process Industries,119.45,0.7724605297598908,1.82595873,28.62964849719817,0.3243502669306385,0.950188363331938,5.884877,0.51972909,15.373102409066055,15.6637,-1.013050498788542,0.42203967846531926,4.55787046305401
219,GM,General Motors Company,Consumer Durables,36.29,0.7,1.2997787566666668,20.296998519731662,0.36894959977707764,0.0,6.44213957,1.61404389,9.458759092132775,6.7795,-0.6252871291332283,0.9914967448885388,4.302716330277662
220,PARA,Paramount Global,Consumer Services,22.61,0.8367833124358828,1.12679795,36.563352690128035,0.11951029641420217,4.245908889871738,4.92118006,0.76098653,14.902850213376011,7.0184,-1.653977413782624,0.4402484132071011,4.298117881587933
221,CF,"CF Industries Holdings, Inc.",Process Industries,82.7,0.981353309418302,1.9289492533333334,36.11196084429489,0.46323977132152183,1.4510278113663844,5.4531611,0.45737636,14.102003365876074,4.2651,-1.2579538901695635,0.4603080656607609,4.248149891839442
222,MRO,Marathon Oil Corporation,Energy Minerals,27.09,0.8497504159733777,0.8493412633333334,38.17175504374219,1.294537689238726,0.6644518272425249,5.43691185,0.37936891,13.407698769025174,1.202,-0.8700415716204557,0.8369532996193629,4.206057487388598
223,F,Ford Motor Company,Consumer Durables,12.89,0.722249911000356,1.8268721466666664,18.00485547267513,0.3874361570414497,0.7757951900698216,5.9996383,3.0831096,8.108709206447264,4.4944,-0.961569726590464,1.7352728785207248,4.139167192696807
224,APA,APA Corporation,Energy Minerals,44.16,0.791289975399754,1.9131681033333334,40.97683155917345,0.8458806783595343,0.5378170289855073,4.36846831,3.63829787,15.163866554168926,2.6016,-1.0165798762235543,2.2420892741797673,4.101162380529042
225,OXY,Occidental Petroleum Corporation,Energy Minerals,64.13,0.7247356378702616,0.9890946566666666,29.288960788845237,0.3639823224082583,0.06237330422579136,5.54347554,0.76211699,10.631718481837302,1.6171,-0.5711218118389447,0.5630496562041292,3.896644698663241
226,MOS,Mosaic Company (The),Process Industries,48.5,0.7637666372953671,1.0202103833333334,25.78778707495104,0.3432105626792961,0.5670103092783506,4.84039693,0.37084693,10.37353248609479,4.3126,-0.7156050806081939,0.3570287463396481,3.514097985744424
227,MPC,Marathon Petroleum Corporation,Energy Minerals,129.14,0.6428360304440996,1.3789685533333333,5.711447105871745,0.4045785089303313,1.7964999225646587,5.8326894,0.82593634,3.2656718864016927,2.7066,-1.0795465059694824,0.6152574244651656,3.4376587151927196
228,PSX,Phillips 66,Energy Minerals,106.42,0.2803234501347709,1.0442380433333334,3.0184735224755235,0.8190948741025145,3.401616237549333,4.97456216,0.53009697,2.3435705219362855,2.968,-1.3324410088832135,0.6745959220512572,3.0634748394704916
229,VZ,Verizon Communications Inc.,Communications,41.05,0.9889789463279629,1.1387209066666666,44.289107319033874,inf,6.297198538367844,8.04306523,1.9070439,16.828776075233517,5.0585,-inf,inf,
230,TPL,Texas Pacific Land Corporation,Miscellaneous,1987.79,0.0,9.009182166666667,84.58792171333029,inf,0.5533783749792482,37.18787817,0.0,42.80803462666565,34.827,-inf,inf,
