,index,Ticker,Description,Sector,Price,Payout Ratio,Debt Levels,Cash Flow,Volatility,Dividend Yield,Price to Earnings Ratio (TTM),Debt to Equity Ratio (MRQ),Financial Health,Basic EPS (FY),Risk,Industry Safety Score,Worthiness,Normalized
0,144,ZBH,"Zimmer Biomet Holdings, Inc.",Health Technology,125.83,0.49864949096197797,1.472257843333333,62.27891069651107,0.7483944054844932,0.7629341174600651,95.45040946,0.46643159,21.8921228466148,1.9252,0.8455844728577158,0.6074129977422467,19.197003641549635,100.0
1,3,NVDA,NVIDIA Corporation,Electronic Technology,191.62,0.040952137189659586,2.4419252433333334,64.92903321691314,0.13872932711995453,0.08349859096127753,86.63745427,0.55028339,23.759319486748822,3.907,0.6664986056580267,0.3445063585599773,17.973606902408655,92.70913176989004
2,37,INTU,Intuit Inc.,Technology Services,416.45,0.36863361613314183,1.07077653,77.82492534967783,0.4228406857099424,0.6531396326089567,64.39040741,0.47308147,28.75810062655928,7.3786,0.6234269091553302,0.4479610778549712,15.806775961668873,79.7958401446796
3,192,TW,Tradeweb Markets Inc.,Finance,74.38,0.28414136032676257,4.400364506666667,84.0857933553626,3.058723024861375,0.4302231782737295,58.63106721,0.00525674,29.87078595400975,1.1262,1.7659048510786723,1.5319898824306875,15.492559426796806,77.92325762244516
4,6,LLY,Eli Lilly and Company,Health Technology,340.5,0.5524592561298604,1.2722694533333332,74.17650714729646,0.17387692887068076,0.998531571218796,51.37948125,1.5629113,27.20102553354327,6.1543,0.7871425351140855,0.8683941144353403,13.730311810796348,67.42109201580286
5,168,HEI,Heico Corporation,Electronic Technology,169.31,0.06961364427427776,1.8687718733333334,42.51282195259568,2.582278808952947,0.10631386214635875,66.81322132,0.12832894,15.655764608643006,2.5857,0.9054780307088623,1.3553038744764734,13.54693017349737,66.32822384753598
6,101,MSCI,MSCI Inc,Technology Services,506.56,0.41368807464569435,-0.4917977599999999,77.08994765955615,2.6583101913847815,0.7185723310170563,50.16547505,-4.3367756,28.46568329985205,8.7989,0.6002309975879743,-0.8392327043076093,13.499664095741759,66.04654029089002
7,174,MPWR,"Monolithic Power Systems, Inc.",Electronic Technology,407.62,0.4546746234725774,3.033001376666667,56.752784819978174,3.5367468972195355,0.5887836710661891,52.46417595,0.00270463,21.688095398881615,5.2785,1.5950944147315465,1.7697257636097679,12.959626753640043,62.82817214045088
8,42,EL,"Estee Lauder Companies, Inc. (The)",Consumer Non-Durables,271.21,0.3509617557125428,1.5162965566666669,75.74134626226181,0.15889368784608465,0.8591128645698906,45.1000966,1.18482213,27.965514272976154,6.6389,0.7405230229854419,0.6718579089230423,12.868167750604863,62.28311956817173
9,109,TDG,Transdigm Group Inc.,Electronic Technology,707.25,0.0,0.8809962066666666,53.98197535405554,0.8259948863445334,0.0,52.88934533,-5.27987254,22.75502385357407,13.4021,0.3441482846183467,-2.2269388268277335,12.347749758686628,59.18167350226307
10,180,XYL,Xylem Inc.,Producer Manufacturing,101.1,0.47277332207682565,1.3537994866666665,38.06501250240431,0.6477847244120588,1.1078140454995056,58.14362759,0.75294848,13.929270663023658,2.369,0.8780417544302408,0.7003666022060294,12.129289583582748,57.87975377397646
11,65,MCO,Moody's Corporation,Commercial Services,314.2,0.20879463195736547,2.2954646233333333,69.54004503055646,0.47212984307607625,0.7893061744112031,38.1496956,3.27942387,27.904403217963264,11.8777,0.9150902970826235,1.8757768565380382,11.956477095840473,56.849872758001936
12,118,ABC,AmerisourceBergen Corporation,Distribution Services,165.31,0.22579734688117417,27.278358006666668,3.185687740261928,0.4052228953225425,1.1130603109309782,20.43341341,80.01393234,12.870981915642865,8.1489,7.237667085106204,40.20957761766127,11.803501020950545,55.93820741780736
13,200,TRGP,"Targa Resources, Inc.",Utilities,73.84,-5.681818181818182,1.2836813066666668,12.002591683676982,0.318492942635412,0.5417118093174431,72.88643838,2.3793169,4.405290996781217,-0.0704,-1.4845141432450242,1.348904921317706,11.740299455471991,55.56155586144932
14,41,GILD,"Gilead Sciences, Inc.",Health Technology,83.35,0.573019652152859,1.2662102233333332,75.88411515417215,0.17584079808800596,3.407318536292742,31.6631372,1.19784395,27.368841792501826,4.9562,1.3953151878732202,0.686842374044003,11.66294753376089,55.10057484809677
15,196,UI,Ubiquiti Inc.,Electronic Technology,284.11,0.3909941025056205,0.43684981,39.594205091707,3.619366316848915,0.8447432332547251,52.71338773,-2.62623513,15.389751633902334,6.1382,1.0001511442179858,0.4965655934244575,11.538075801653825,54.35639815109374
16,189,ROL,"Rollins, Inc.",Consumer Services,35.68,0.4770590711379262,0.63291528,48.15732376356062,1.0699316116631246,0.9529147982062782,51.29592709,0.33350354,16.500979681186873,0.7127,0.7239179361993124,0.7017175758315622,11.531610680832241,54.317869076678356
17,198,COO,"The Cooper Companies, Inc.",Health Technology,340.85,0.007667143733387855,0.9382082866666667,60.05319792044492,1.838327570508341,0.01760305119554056,44.37116801,0.41874922,22.939002069037198,7.8256,0.5173854703484887,1.1285383952541705,11.49095673777864,54.075590727917735
18,62,ATVI,"Activision Blizzard, Inc",Technology Services,75.96,0.13530631045601105,3.900678726666667,73.59990912189026,0.6463673639869223,0.6187467087941022,35.96038303,0.1919396,26.991395949518978,3.4736,1.2741686721228345,0.41915348199346114,11.338418173272082,53.16653274349941
19,43,SYK,Stryker Corporation,Health Technology,249.54,0.4887409956325272,1.6267543366666668,62.596446107084404,0.3410579154996705,1.035906067163581,39.54476149,0.80325579,23.17076681458369,5.2891,0.8878831367538971,0.5721568527498353,11.155825876029269,52.078368670113726
20,51,ZTS,Zoetis Inc.,Health Technology,164.7,0.2503318352234357,1.9989891699999998,68.3127572016461,0.6875732712887749,0.652701882210079,37.75456561,1.44766195,24.868682123882028,4.2943,0.8536748960740383,1.0676176106443875,11.152912316022379,52.06100522503403
21,191,CLX,Clorox Company (The),Consumer Non-Durables,142.15,1.2418056813942333,2.7413289733333333,35.049950752778955,0.8569798057856874,3.2782272247625746,42.97161732,6.46975806,13.847959908704096,3.7526,2.068068008879812,3.663368932892844,11.08215664267883,51.639334744497404
22,209,FDS,FactSet Research Systems Inc.,Technology Services,420.62,0.32625182443454454,1.9121193200000002,52.757211376805145,4.304969593796858,0.8130854452950407,38.76022667,1.41780768,21.717343565601713,10.4827,1.4412347689453795,2.861388636898429,11.047875903135044,51.43503768627575
23,2,V,Visa Inc.,Commercial Services,229.1,0.2137178354657624,1.1446264066666665,77.50255885363357,0.08987011099933762,0.6547359231776517,33.02794189,0.55484238,28.555261753433413,7.0186,0.5381223415239971,0.3223562454996688,11.028430621070944,51.319152965734304
24,90,FIS,"Fidelity National Information Services, Inc.",Commercial Services,74.39,2.3042836041358936,0.6551010033333333,37.436045254738055,0.39297198103194486,2.097056055921495,49.13894325,0.41559925,12.92271541935713,0.677,1.5534843234160616,0.4042856155159724,11.013301030553485,51.22898773371335
25,122,RMD,ResMed Inc.,Health Technology,222.71,0.3148307784565796,2.28850915,55.70604397216756,1.8323945153857937,0.7543442144492838,40.82415385,0.51883283,21.11025104072252,5.3362,1.1457632908799926,1.1756136726928967,10.975978739968578,51.006564464143835
26,31,AMGN,Amgen Inc.,Health Technology,251.59,0.6809432611765617,4.651054103333333,75.16450532958787,0.1869855740073707,2.7982034262093087,20.33168745,10.59512729,30.051386477640403,10.3386,2.1286923598985625,5.391056432003686,10.970770174065883,50.97552386508922
27,179,WMG,Warner Music Group Corp.,Commercial Services,36.11,0.5771596177500237,8.38569826,42.236864335191754,0.8165957765843815,1.689282747161451,33.6690512,23.88690476,17.226487531730584,1.0569,2.8432404844905284,12.351750268292191,10.948425158446403,50.84235809860551
28,114,BNTX,BioNTech SE,Health Technology,140.49,0.0,3.575363083333334,99.49358950713243,0.1636631077865559,0.0,3.20750546,0.01491863,50.975917530155265,49.8588,0.9183902370013168,0.08929086889327795,10.914835971170712,50.6421823661154
29,13,AVGO,Broadcom Inc.,Electronic Technology,581.45,0.5976654604028411,2.3361067799999997,62.00644520073487,0.11775281675836437,2.8205348697222457,22.54508139,1.7604474,30.59421732691162,27.4401,1.5160062460853103,0.9391001083791822,10.819677707158244,50.07508394111218
30,35,SPGI,S&P Global Inc.,Commercial Services,366.14,0.24526003137417285,0.6466235133333332,71.39930095215138,0.34461334258287535,0.8412082809854156,31.21989967,0.2845615,28.201341488494904,12.5581,0.509490960948079,0.3145874212914377,10.73444721486077,49.567150358614164
31,219,GEN,Gen Digital Inc.,Technology Services,22.69,0.3474876641879213,2.37001275,82.36766809728184,1.8184169132745418,2.2036139268400174,23.04277643,5.96171967,28.725526949093947,1.4389,1.5377898886669579,3.890068291637271,10.636060333701261,48.98081089639756
32,8,HD,"Home Depot, Inc. (The)",Retail Trade,314.24,0.4233184316693498,13.691358010000002,32.05012007383052,0.26547313366084574,2.10030549898167,19.08460889,38.29969183,20.444192694610177,15.5911,4.135898298378818,19.282582481830424,10.543854344894282,48.43130664081918
33,128,BF.A,Brown Forman Inc,Consumer Non-Durables,65.67,0.42059546259786273,2.547976566666667,60.62308478038815,0.8992151205611405,1.1207552916095629,36.01605293,0.79276316,21.640320449018272,1.7499,1.1992736445624805,0.8459891402805703,10.4511159419552,47.878629447830704
34,53,BDX,"Becton, Dickinson and Company",Health Technology,250.13,0.5872228409436064,0.9132615233333334,44.92315845257021,0.4308587020273648,1.3912765362011754,42.03866315,0.65528835,17.254206658634516,5.9262,0.8462913145179942,0.5430735260136824,10.439903946318124,47.811811235740414
35,97,PAYX,"Paychex, Inc.",Technology Services,114.69,0.7171706710853355,0.9601834633333333,70.59002103345837,1.2864207628160194,2.415206208039062,27.96457112,0.27292297,25.1375348322639,3.8624,1.2878202671453691,0.7796718664080097,10.346676750291643,47.25622106621866
36,79,KHC,The Kraft Heinz Company,Consumer Non-Durables,40.37,1.9351717464925013,0.7416557433333334,32.97239181353915,0.24860098942729095,3.963339113202874,40.35997559,0.41515835,11.513615852290826,0.8268,1.8908489738205208,0.33187966971364546,10.051621453345522,45.49783049527384
37,143,EFX,"Equifax, Inc.",Commercial Services,217.35,0.25552825552825553,0.9469431366666669,50.013200917971524,0.8289975803869705,0.717736369910283,37.93499044,1.55792457,19.021714684879395,6.105,0.6299544031371724,1.1934610751934853,9.986747122252606,45.11121004388446
38,87,A,"Agilent Technologies, Inc.",Health Technology,151.74,0.20028612303290413,1.5369317766666668,53.82593457943925,0.9908815021936983,0.55357848952155,37.25086733,0.55061263,19.85228878536864,4.194,0.7413599349376253,0.7707470660968492,9.986576093774284,45.1101907947242
39,1,MSFT,Microsoft Corporation,Technology Services,242.71,0.2555752504225236,1.4294854,68.4016744842891,0.030879030757051094,1.0217955584854352,27.59172782,0.42583108,26.511586628096367,9.7036,0.7069034318827997,0.22835505537852555,9.947176529673456,44.87538795359139
40,11,ABBV,AbbVie Inc.,Health Technology,145.65,0.8195582719822198,2.0664967433333334,69.49303343594853,0.09352390897206288,3.6457260556127697,19.49594168,4.34304611,26.01287672642729,6.4791,1.728929681276112,2.218285009486032,9.874745335236922,44.44373215666893
41,17,TMO,Thermo Fisher Scientific Inc,Health Technology,564.29,0.053043362949210984,1.37951081,50.07268368570044,0.18602369446297096,0.1843023977033086,32.25975165,0.66686487,23.686264831900147,19.6066,0.4374220331274966,0.4264442822314855,9.783506369696044,43.899990904197416
42,89,CTAS,Cintas Corporation,Consumer Services,436.04,0.31884009330267993,1.1193141899999999,46.244381694525366,0.3438978577225335,0.8714796807632326,35.5787538,0.90364689,19.760631961508455,11.9182,0.6608771790051261,0.6237723738612667,9.777979898668068,43.867055740359405
43,46,ADI,"Analog Devices, Inc.",Electronic Technology,168.93,0.5610548586972949,1.4111466666666665,54.19055659698352,0.3723710624587516,1.7581246670218436,32.41063975,0.19030496,20.29843442121673,5.2936,1.0445426933349935,0.2813380112293758,9.737989721306585,43.628733122427604
44,93,NEM,Newmont Corporation,Non-Energy Minerals,52.74,1.5075721236209143,1.90840229,19.491386382280556,0.6621064207331789,4.171406901782328,42.28054873,0.28630841,7.619696224093519,1.4593,2.146918504322879,0.4742074153665895,9.70159399247078,43.411831724384825
45,162,PPL,PPL Corporation,Utilities,29.45,9.816676522767592,0.8771487566666667,28.203354660210962,0.4087684100666512,5.636672325976231,31.26846771,0.99042063,9.749867805625877,0.1691,5.125607315139379,0.6995945200333256,9.682606696206223,43.29867638345417
46,40,MDT,Medtronic plc.,Health Technology,82.58,0.6713376135546262,1.3409845733333334,62.879505144227736,0.1833160618894786,3.0515863405182855,25.67067674,0.51130492,22.65806323918702,3.7537,1.3606083024904456,0.3473104909447393,9.672573185709973,43.23888138762563
47,47,MO,"Altria Group, Inc.",Consumer Non-Durables,44.5,2.6357169599400976,-1.739822916666667,66.278243569703,0.15256837451487618,7.910112359550562,17.14507671,-6.21242911,21.957973551012106,1.3355,2.487958552877239,-3.029930367742562,9.655386526012645,43.136456992366135
48,18,MCD,McDonald's Corporation,Consumer Services,270.89,0.5192826975005194,-1.3027258800000003,53.873116621955056,0.0998426666443854,1.9380560375059988,34.32177769,-7.20171484,20.893496913985018,10.1101,0.35555788349833917,-3.5509360866778072,9.642178709755607,43.05774462960049
49,91,ECL,Ecolab Inc.,Process Industries,150.46,0.4940961840571631,1.3220024733333333,41.01043736403547,0.20944658076372835,1.296025521733351,38.81513569,1.26245786,15.42634661245627,3.9466,0.8588576503012374,0.7359522203818643,9.584656967124754,42.714942141682855
50,154,FTV,Fortive Corporation,Electronic Technology,66.23,0.17027487229384577,0.7558395033333333,57.28014919976402,0.80544037722888,0.42276913785293674,35.00679135,0.37877965,19.89346290103245,1.6444,0.4750644221837455,0.5921100136144399,9.534519130969752,42.4161442578454
51,64,SCCO,Southern Copper Corporation,Non-Energy Minerals,74.59,0.7282492433035207,2.550941213333333,56.614627632818426,0.2541338635707531,4.2901193189435585,22.44357508,0.97273204,21.186556282050585,4.3941,2.003272447761068,0.6134329517853766,9.45304472121199,41.93059515781517
52,10,KO,Coca-Cola Company (The),Consumer Non-Durables,60.64,0.7419183889772124,1.2906350833333333,59.95455249703042,0.09194317754380858,2.7704485488126647,26.51558322,1.62002783,21.16986252678792,2.2644,1.2887338208100951,0.8559855037719043,9.450226558581097,41.913800236155254
53,24,LIN,Linde plc,Process Industries,325.03,0.5728258960537159,0.6271938566666666,27.97713766115676,0.12695404528033813,1.3044949696951051,42.95371265,0.39389815,12.002077172607807,7.4019,0.7024543770012943,0.26042609764016905,9.436477026944434,41.83185950492606
54,20,NKE,"Nike, Inc.",Consumer Non-Durables,126.37,0.3107455281368325,2.0674735733333334,46.12754316977261,0.09890366457617436,0.9416791960117115,36.01423287,0.82012834,17.341505581035314,3.8295,0.8758846768705788,0.4595160022880872,9.41786257495703,41.72092614024244
55,5,WMT,Walmart Inc.,Retail Trade,142.15,0.4492362982929021,0.8475360666666667,25.098733487675336,0.08946611178355617,1.5476609215617305,44.28580258,0.81335606,10.281156518114,4.8972,0.7694518682271485,0.4514110858917781,9.400904042737285,41.61986127727978
56,23,PM,Philip Morris International Inc,Consumer Non-Durables,103.83,0.8404946911610834,-0.6147557299999998,67.69603777196453,0.10060022131065728,4.719252624482327,18.4817071,-3.67702283,24.30372734732151,5.8299,1.3353873987235596,-1.7882113043446712,9.203803041055423,40.44523216040461
57,164,PWR,"Quanta Services, Inc.",Industrial Services,149.1,0.07244696881882462,1.33213594,13.773988146419477,0.9641827371336161,0.1676727028839705,51.18755119,0.80007202,6.185641362139826,3.4508,0.5449360103776236,0.882127378566808,9.190009502244243,40.363029167146806
58,188,IEX,IDEX Corporation,Producer Manufacturing,232.99,0.3653709530092358,2.30653498,49.24406828703704,0.9415835252379469,0.9270784153826345,31.58221987,0.46353386,19.15413442234568,5.9118,1.0775207111845833,0.7025586926189734,9.185919436641969,40.33865430296365
59,73,D,"Dominion Energy, Inc.",Utilities,62.69,0.6321968841724994,0.9896837866666667,57.04669149240905,0.08369335636689783,4.019779869197639,22.49153641,1.53970532,20.674158426358574,3.9861,1.4861888268814858,0.8116993381834489,9.167213248069721,40.227174231450945
60,167,QSR,Restaurant Brands International Inc.,Consumer Services,66.59,0.792732289032167,1.8578715133333332,58.32026485450432,0.3765193278488202,3.189765280072083,22.73446477,3.56944788,20.952519609279218,2.67942246,1.5958433986899354,1.97298360392441,9.153862431442393,40.147609653845024
61,125,ROK,"Rockwell Automation, Inc.",Electronic Technology,278.5,0.5587358601164865,1.1419752200000002,45.361289740582755,0.6887397344871177,1.6086175942549372,30.98137613,1.36571268,18.17378832019425,8.0181,0.9865167147775722,1.0272262072435587,9.11390116123408,39.909459308928135
62,103,LHX,"L3Harris Technologies, Inc.",Electronic Technology,211.91,0.40783390037511996,0.8730915466666668,30.178511283260356,0.450947729059004,1.7649001934783637,36.86387653,0.42176908,13.40733427664234,9.1704,0.8698819595264002,0.43635840452950203,9.001624723206527,39.24034463106837
63,146,EIX,Edison International,Utilities,68.14,1.3454991488935615,1.01099827,23.495471318349548,0.19037729206702117,3.9440857058996186,36.43205427,1.84242179,8.834623196116516,1.9974,1.7382522898977042,1.0163995410335105,8.951161518070965,38.93960770138624
64,9,MRK,"Merck & Company, Inc.",Health Technology,106.09,0.5118560598716482,1.2005945733333334,72.46610914593003,0.10305547860065946,2.4884532001131117,17.5323595,0.6831821,26.274801239754456,5.1577,1.116869886106787,0.39311878930032973,8.949879483441553,38.931967378954084
65,229,NDSN,Nordson Corporation,Producer Manufacturing,235.97,0.2448447818859787,1.0304411,55.072698760519145,0.8986565846298058,0.9238462516421581,27.18144791,0.37502762,21.668913286839715,8.9036,0.7090659992651029,0.6368421023149029,8.929104429408355,38.80815784392474
66,173,WST,"West Pharmaceutical Services, Inc.",Health Technology,261.82,0.0786941271697095,2.57107743,41.45264422227717,3.112654863717378,0.2673592544496219,32.36385542,0.12137769,17.639640550759058,8.8952,1.2040503451794105,1.617016276858689,8.925428413467419,38.786250520666734
67,25,BMY,Bristol-Myers Squibb Company,Health Technology,72.03,0.6382978723404255,1.3521310866666667,57.69321979088067,0.13648179130398608,2.7905039566847147,23.61165428,1.22533146,20.731450292515778,3.149,1.2795352848525923,0.6809066256519931,8.913163871286917,38.71315962702625
68,197,PKI,"PerkinElmer, Inc.",Health Technology,135.28,0.03448190931257851,1.6128199399999998,52.89083509944113,1.3627972189832391,0.20697811945594324,28.99958141,0.64324548,20.87461834648038,8.1202,0.6714377659708741,1.0030213494916196,8.855115893074741,38.367221022950496
69,68,KLAC,KLA Corporation,Electronic Technology,387.68,0.19028030100531426,2.33265266,60.34406400472982,0.43662306516062144,1.0833677259595542,16.41835837,2.39175342,28.24980555490994,22.0727,0.9860966616158416,1.4141882425803107,8.825668173931845,38.19172648951002
70,15,PEP,"PepsiCo, Inc.",Consumer Non-Durables,169.48,0.7705494983944995,1.2954835233333333,53.52594755121558,0.05018658774243342,2.5061954212886475,24.26192928,2.05095375,20.111243691516304,5.5123,1.227640048754935,1.0505701688712168,8.82536378576571,38.189912479435364
71,150,VMC,Vulcan Materials Company (Holding Company),Non-Energy Minerals,178.38,0.2929996832435857,1.3773244566666667,24.73614062893988,1.1454527855410173,0.8296894270658146,40.12408119,0.70679905,10.388221695202182,5.0512,0.8261212778995279,0.9261259177705086,8.644306256912113,37.11089490262884
72,141,VRSK,"Verisk Analytics, Inc.",Technology Services,179.41,0.28179963074531145,0.9181019766666667,51.93090108717402,2.6893232412479255,0.646563736692492,27.97403686,1.82676969,18.988467687946898,4.1164,0.8931947852878375,2.2580464656239627,8.636871530481484,37.06658743555917
73,131,PEG,Public Service Enterprise Group Incorporated,Utilities,61.1,-1.5866842964921832,0.9073159199999999,10.470844312063237,0.7294324691670767,3.3387888707037643,44.5154185,1.5156592,3.3641534106877455,-1.2857,0.6156015642787385,1.1225458345835384,8.617935092876717,36.95373518828165
74,86,HSY,The Hershey Company,Consumer Non-Durables,223.19,0.4771299444514405,1.0934671233333335,44.234387806410574,0.5379316826189965,1.5278462296697881,28.57142857,1.69111797,17.491584976581304,7.1469,0.9030135712016341,1.1145248263094982,8.579591025148554,36.72522260829165
75,178,GRMN,Garmin Ltd.,Electronic Technology,97.36,0.4652649524080125,1.8324011966666667,58.008788240334994,0.838723189438496,2.6910435497124077,19.74510824,0.01704283,21.82412981233389,5.6312,1.4195123983533473,0.427883009719248,8.531571663940761,36.43904983713821
76,186,BR,"Broadridge Financial Solutions, Inc.",Technology Services,149.97,0.554172529494534,1.572003096666667,28.23324326680031,2.5857089103922384,1.7070080682803228,33.93578857,2.25135263,11.474915454488993,4.6195,1.40156951311867,2.418530770196119,8.489699252181175,36.18950998890352
77,80,KDP,Keurig Dr Pepper Inc.,Consumer Non-Durables,34.72,0.47001781120126657,0.5749369566666666,50.39817077978396,0.3339700713723635,2.05213133640553,27.15604946,0.52890323,17.49633591215021,1.5159,0.8713688178943468,0.43143665068618176,8.449299871893905,35.94874871430717
78,54,ITW,Illinois Tool Works Inc.,Producer Manufacturing,229.95,0.5520661543679896,1.7841165433333332,40.35281909373919,0.21977815354216776,2.0526201348119155,26.3315906,2.53085601,16.895545212357508,8.5497,1.1853740465964338,1.3753170817710838,8.378508892741293,35.5268678277809
79,7,PG,Procter & Gamble Company (The),Consumer Non-Durables,141.01,0.5871460239678651,0.636202,47.65360968735581,0.05586561018036605,2.498191617615772,24.68739024,0.77992174,18.09650389578527,5.9997,0.9974793543197507,0.41789367509018305,8.363026006530742,35.43459711986469
80,100,PH,Parker-Hannifin Corporation,Producer Manufacturing,317.3,0.43185148998534445,1.3995736266666665,27.652694480912654,0.2922751073971879,1.393003466750709,33.26814248,1.5916259,13.095756035859774,10.235,0.8931335609587926,0.9419505036985939,8.344752059806723,35.32569300614078
81,92,MSI,"Motorola Solutions, Inc.",Electronic Technology,252.24,0.39683618276208854,-4.58418115,46.65279647533961,0.6359640586099701,1.157627656200444,37.38262825,-16.22335025,16.475605108446537,7.3582,-0.6223511006916626,-7.793693095695015,8.314846471307023,35.14746978703337
82,19,CSCO,"Cisco Systems, Inc.",Electronic Technology,48.22,0.5295488244016099,1.0493397533333333,61.94115251081328,0.07591341761143591,3.1107424305267526,17.53732692,0.2446613,21.941030754715538,2.8326,1.2367496471473003,0.16028735880571796,8.27724406576853,34.92337716430102
83,88,CTVA,"Corteva, Inc.",Process Industries,62.53,0.2259130653056102,1.1626042466666666,36.614500159693385,0.19080758898990108,0.8635854789700944,34.30245056,0.11373784,13.389134802120019,2.3903,0.614238142614639,0.15227271449495056,8.251056995218187,34.76731456039936
84,39,CVS,CVS Health Corporation,Retail Trade,87.05,0.34183758545939635,0.9628324333333333,17.76833884255057,0.24793937834155869,2.3549684089603677,37.23909723,1.00085902,8.242723758627967,5.997,0.9862842722354478,0.6243991991707794,8.249910846889643,34.760484056305124
85,55,APD,"Air Products and Chemicals, Inc.",Process Industries,313.9,0.6293353387625051,1.4111176266666667,26.464242405152998,0.3254311771275033,2.0261229690984393,31.15949216,0.60769646,12.660420010606556,10.1059,1.128392194077279,0.4665638185637516,8.142599147226537,34.12095688023777
86,201,HWM,Howmet Aerospace Inc.,Electronic Technology,40.19,0.06718172657037286,1.80997695,22.807723250201125,2.1378262710945375,0.09952724558347847,39.66617575,1.30827987,8.404366733400375,0.5954,0.8215635938596807,1.7230530705472686,8.038354088374765,33.499705438729116
87,170,MKC,"McCormick & Company, Incorporated",Consumer Non-Durables,74.68,0.582012662707932,0.8451952466666667,35.79088260766869,0.9392127661631166,1.9817889662560255,29.49637437,1.144897,13.059659284778455,2.5429,1.0513324001029167,1.0420548830815584,7.997963290666384,33.25899531225975
88,204,FMC,FMC Corporation,Process Industries,130.29,0.3442972491174106,1.3239165566666669,43.62958851978117,0.4968694803244199,1.5120116662829075,25.67478349,1.15769759,16.89176835881595,5.7218,0.9040165149771502,0.8272835351622099,7.991907177408571,33.222903730243324
89,159,IR,Ingersoll Rand Inc.,Producer Manufacturing,55.31,0.01757932671178694,1.7447757599999998,32.13259840074528,0.7743210736962217,0.03615982643283312,36.29368805,0.31666478,11.671691386915095,1.1377,0.567534822011767,0.5454929268481108,7.985672431000621,33.18574757880513
90,82,JCI,Johnson Controls International plc,Producer Manufacturing,68.26,0.6315885132679026,0.8807740900000001,32.86691173564172,0.1541751015768448,2.0363316730149426,31.30968622,0.58769107,11.982828608547242,2.2008,0.9734586856340283,0.3709330857884224,7.98437613660128,33.17802227486188
91,58,LRCX,Lam Research Corporation,Producer Manufacturing,478.63,0.18226777566482172,2.210796253333333,45.618485690416854,0.16355445278119668,1.25357792031423,12.98130819,0.60246874,26.91596064791673,32.9186,0.9544204328117579,0.38301159639059834,7.983368002019614,33.17201426768157
92,45,MDLZ,"Mondelez International, Inc.",Consumer Non-Durables,64.84,0.4339456425984535,0.7386300233333335,37.09958217270195,0.2003506988467525,2.051202961135102,28.77595483,0.83190851,13.634370732011762,3.0649,0.8793918258535804,0.5161296044233763,7.930089176148615,32.85449756483897
93,29,HON,Honeywell International Inc.,Electronic Technology,205.78,0.47094388647379204,1.1554816099999998,37.1448512519266,0.18979840220944222,1.8320536495286226,26.62428204,0.97873153,15.435177620642202,8.0052,0.9401839354793992,0.5842649661047211,7.923766405467348,32.816816830199535
94,95,MCHP,Microchip Technology Incorporated,Electronic Technology,75.68,0.39097744360902253,1.1034537633333334,51.71751528390681,0.6872363622352891,1.202431289640592,23.69448511,1.20194655,18.382823015746716,2.3275,0.8163988228419325,0.9445914561176445,7.890025607863768,32.615737571577974
95,208,SJM,J.M. Smucker Company (The) New,Consumer Non-Durables,151.6,0.6783377299667683,0.9197712266666667,30.245408743702257,0.8823778349986143,2.612137203166227,28.12523435,0.57365558,12.334326656789642,5.8378,1.2527519881963844,0.7280167074993071,7.855281312606823,32.40867793968432
96,16,COST,Costco Wholesale Corporation,Retail Trade,503.28,0.25659517935092047,0.82890592,12.148717361227385,0.46645551404806807,0.6715943411222381,38.04070958,0.42121438,8.716707760409127,13.1725,0.5349017051605919,0.44383494702403403,7.829035212411048,32.25226354690441
97,14,ORCL,Oracle Corporation,Technology Services,87.35,0.5145108127662995,-7.594132373333333,76.3737040527804,0.12920168300593188,1.465369204350315,27.78679823,-24.078125,23.755790559815683,2.4878,-1.33273175532666,-11.974461658497034,7.828159503086864,32.247044731873906
98,33,SBUX,Starbucks Corporation,Consumer Services,108.4,0.6888310958037533,-0.4009174933333332,19.576893599724464,0.1979810150288053,1.8081180811808115,38.47945786,-2.73659282,7.340458702130377,2.8454,0.622588182747504,-1.2693059024855973,7.811162299218634,32.14574940410427
99,226,NTAP,"NetApp, Inc.",Electronic Technology,65.51,0.47598648198391164,1.6390689900000002,66.62450592885375,0.5752954417231148,3.052969012364524,9.9290995,2.24209651,24.155124972951253,4.2018,1.4258990855439673,1.4086959758615574,7.733624992271756,31.683663582080403
100,116,MPLX,MPLX LP,Industrial Services,34.67,0.9680635231565692,1.0162602366666666,43.73583350504842,0.40609082837268146,7.982405537929045,9.22152837,1.48735615,15.870297913905029,2.8588,2.6494023010096295,0.9467234891863407,7.7090334238307605,31.53710941911859
101,171,CHD,"Church & Dwight Company, Inc.",Consumer Non-Durables,80.59,0.29891384770191487,0.9617493733333333,41.294002042349845,0.9960510900579265,1.2532572279439136,26.65706052,0.72834752,15.211550471894393,3.3789,0.8077791605236709,0.8621993050289632,7.705011061395867,31.51313803391844
102,59,ETN,"Eaton Corporation, PLC",Producer Manufacturing,160.87,0.5653184565318456,1.0514735166666667,32.17342571836153,0.20300332060355733,1.8897246223658855,28.41032466,0.58715767,12.867466411676064,5.3775,0.9636114926348176,0.39508049530177863,7.682370290733861,31.37820970670977
103,123,AME,"AMETEK, Inc.",Producer Manufacturing,142.31,0.1866193897545955,1.1370227999999998,37.984470966809056,0.6084855946521454,0.5621530461668189,29.43643244,0.3538936,14.469431255603018,4.2868,0.5813835871536349,0.4811895973260727,7.671461887491665,31.313200762272338
104,217,SSNC,"SS&C Technologies Holdings, Inc.",Technology Services,58.92,0.21725933735902106,1.18113331,47.94694119976242,1.7292155220378518,1.1541072640868975,22.80111617,1.29339993,17.419324836587474,3.1299,0.9192332399030595,1.5113077260189258,7.631203654621222,31.07328065978656
105,113,ODFL,"Old Dominion Freight Line, Inc.",Transportation,321.88,0.08944643835463278,1.1680796033333334,32.75120958966031,3.130199807029987,0.24853982850751832,28.58256052,0.02809281,14.287729730997881,8.9439,0.8549910824388324,1.5791463085149935,7.591154374213039,30.83460581553953
106,136,GWW,"W.W. Grainger, Inc.",Distribution Services,575.32,0.3179689793643606,2.09908619,35.76255567501152,0.6613597018328623,1.1106862267955222,20.33074483,1.04683841,19.31931395500384,20.0963,1.012936202251336,0.8540990559164312,7.585324339693901,30.799861556301217
107,106,SYY,Sysco Corporation,Transportation,78.1,0.7140172867343104,4.156792603333333,17.796051660592948,0.4411693325093962,2.4327784891165174,27.59023768,10.06677255,8.204614754642094,2.661,1.9634742233458806,5.253970941254698,7.5255577996253145,30.443681133165857
108,0,AAPL,Apple Inc.,Electronic Technology,143.0,0.14623208656939524,1.4577245666666665,43.30963056136009,0.014195260574423567,0.6293706293706294,23.91471788,2.61446164,16.973985042675586,6.1546,0.5750843183947758,1.314328450287212,7.446019803973721,29.969672148974833
109,119,ED,"Consolidated Edison, Inc.",Utilities,95.05,0.8024020293006161,0.9689840799999999,41.21260879104805,0.11831433483916737,3.2614413466596526,19.91272056,1.2428013,15.348330957016016,3.8634,1.3561942171460037,0.6805578174195837,7.442111015429558,29.946377610659425
110,28,QCOM,QUALCOMM Incorporated,Electronic Technology,131.63,0.2482811306340718,1.4633598533333334,57.839366515837106,0.09482867167694918,2.1727569702955254,11.72747253,0.89707434,23.60730878972348,11.5192,1.0101519023806822,0.4959515058384746,7.4345428547123715,29.901274938102
111,98,ROST,"Ross Stores, Inc.",Retail Trade,118.995,0.23261982982022977,1.7599904066666667,27.52838777084922,2.469805859181638,0.9580234463632925,28.99507365,1.3765416,11.396359392505296,4.9007,1.131391282571816,1.923173729590819,7.391105153512083,29.642406702199583
112,21,ACN,Accenture plc,Technology Services,274.32,0.35699498550857983,0.8837491100000001,32.13578593020897,0.21157186539548511,1.4144065325167687,25.18232596,0.13944283,14.629345013402988,10.8685,0.7312229353665178,0.17550734769774257,7.327896325047032,29.265711861863572
113,83,NXPI,NXP Semiconductors N.V.,Electronic Technology,179.48,0.3255208333333333,1.8920298366666666,49.48928861972346,0.44279360573445387,1.253621573434366,18.08311419,1.51144211,19.43110615213004,6.912,0.9667641850520928,0.9771178578672269,7.314177663006065,29.183955098882226
114,66,NTES,"NetEase, Inc.",Technology Services,89.58,0.29521046470199014,1.6264628466666669,53.6159476061612,0.5750107169815757,1.294931904442956,18.04844427,0.2644391,19.72393681760929,3.9294,0.9199239579703387,0.4197249084907878,7.3124870556964074,29.173879875752046
115,110,WMB,"Williams Companies, Inc. (The)",Energy Minerals,31.03,1.3163175214704228,1.15064367,29.370034052213395,0.8913757100136542,5.28520786335804,19.22983034,1.68274623,10.588859240737799,1.2459,2.203380372356206,1.2870609700068272,7.267359948244707,28.90494357446079
116,38,INTC,Intel Corporation,Electronic Technology,27.95,0.7484109083452942,1.1821142166666665,42.314524058743295,0.0908622237330387,5.2236135957066185,14.43362378,0.41109153,15.149146091803322,1.9508,1.87700510457413,0.25097687686651937,7.2563058279028345,28.83906622475577
117,49,TGT,Target Corporation,Retail Trade,168.68,0.23751466899028156,1.15617661,27.072307910004245,0.4481535798081167,2.0037941664690537,23.07155179,1.75360741,14.153061506668083,14.2307,0.9403458652350795,1.1008804949040585,7.237657835573509,28.72793297543496
118,60,WM,"Waste Management, Inc.",Industrial Services,153.1,0.5324443827117623,1.2360740966666668,26.88639785845742,0.35757219797594536,1.5022860875244939,28.35036225,2.00556189,10.814057318374696,4.3197,0.9245814096932987,1.1815670439879726,7.215353684254409,28.595010740930583
119,224,LW,"Lamb Weston Holdings, Inc.",Consumer Non-Durables,98.55,0.6952491309385863,2.9161187033333333,20.29812876625437,2.565789298331908,0.974124809741248,30.06330082,4.82652705,8.198349156529234,1.3808,1.6007664688469367,3.696158174165954,7.211209831856551,28.57031533278439
120,166,HPE,Hewlett Packard Enterprise Company,Electronic Technology,16.01,0.720504353047133,0.81348817,31.39675537213605,0.27470764775311113,2.998126171143035,24.83458994,0.67728163,10.95881451404535,0.6662,1.246286256015222,0.4759946388765556,7.175560273043441,28.357860756560463
121,187,CAG,"ConAgra Brands, Inc.",Consumer Non-Durables,36.97,0.6759314335153842,0.9704743699999999,24.47576695359703,0.7560604555382141,3.3811198268866653,25.76496361,1.07598109,9.098513774532345,1.8493,1.437883619282783,0.916020772769107,7.1498562265700745,28.204676748607714
122,134,URI,"United Rentals, Inc.",Finance,429.04,0.0,1.3194052200000002,39.78697818244288,0.5977049870466321,0.0,14.58449526,1.7308128,23.626261134147626,29.7724,0.41950705305699487,1.164258893523316,7.134229168446106,28.111546844006103
123,140,AWK,"American Water Works Company, Inc.",Utilities,155.0,0.34728226410744134,0.83046935,38.600508905852415,0.439486668964211,1.5548387096774194,21.68245464,1.53647847,15.456859418617471,6.9396,0.7837988077015909,0.9879825694821055,7.104939651500329,27.936995121132313
124,104,TT,Trane Technologies plc,Producer Manufacturing,175.15,0.39576730224212237,1.0320337366666665,31.630400950737364,0.2867034865138874,1.3474165001427347,25.58236994,0.82431327,12.875178229134677,5.9631,0.7763866379641762,0.5555083782569437,7.066263584186495,27.706503980014812
125,107,RSG,"Republic Services, Inc.",Industrial Services,124.12,0.4373069796170475,0.8828775700000001,29.119964586100046,0.5241116312796913,1.426039316790203,27.03558175,1.25827933,11.350114052033348,4.0475,0.808903409255471,0.8911954806398457,7.044517268321582,27.57690618202431
126,52,SO,Southern Company (The),Utilities,67.43,1.161656468919039,1.06837577,28.2393456736978,0.1016312921979738,3.8855109001927923,21.55035812,1.58603505,10.5210404812326,2.2554,1.6602961254995576,0.8438331710989869,7.001872432789146,27.32276305198784
127,74,DG,Dollar General Corporation,Retail Trade,232.89,0.16403526758253023,1.7210784266666668,31.5980833565334,1.1894112916735027,0.721370604147881,22.9487005,2.69746526,14.52028726106669,10.2417,0.8464362951085479,1.9434382758367512,6.968726609818515,27.125229561889515
128,48,DUK,Duke Energy Corporation (Holding Company),Utilities,101.64,0.7888189963795231,0.98365764,28.310156592421404,0.09383550694140859,3.837072018890201,20.43822056,1.41691426,11.412638077473801,4.9441,1.4953443894965948,0.7553748834707043,6.94875589088304,27.00621348512496
129,32,DE,Deere & Company,Producer Manufacturing,420.6,0.18617600464585993,1.7033227333333334,29.215387545229483,0.08356469393204255,1.0366143604374702,17.92794183,2.56427764,18.11247009285427,23.4187,0.7626805791585582,1.3239211669660211,6.945731862688337,26.988191701686834
130,36,LMT,Lockheed Martin Corporation,Electronic Technology,460.59,0.524456221706967,1.4796660333333334,15.776551891367605,0.23288136324891506,2.475086302351332,21.17445428,1.79646018,12.997672641566979,21.7368,1.207179966005942,1.0146707716244574,6.921490629682727,26.843725372878893
131,220,POOL,Pool Corporation,Distribution Services,376.48,0.1838620910919434,2.4850127366666666,30.536613147860557,1.9046239369409033,0.7915427114322141,19.51654886,1.48840771,16.409808628175742,16.2078,1.169184184448036,1.6965158234704516,6.908854496523867,26.76841997206178
132,12,PFE,"Pfizer, Inc.",Health Technology,43.55,0.39707630440830577,1.1907379433333334,57.66533805727783,0.0779176366311674,3.6050516647531574,8.4325053,0.39475299,20.936658666870386,3.9539,1.3496117540592047,0.23633531331558372,6.894759497646384,26.68442041882491
133,163,MLM,"Martin Marietta Materials, Inc.",Non-Energy Minerals,347.37,0.20791119725134347,1.5985092099999998,24.685999261174732,1.1770780813034292,0.6793908512537064,25.72176537,0.78439851,12.54516949039158,11.351,0.8188056465469111,0.9807382956517146,6.8738912001563275,26.56005519671915
134,193,SWKS,"Skyworks Solutions, Inc.",Electronic Technology,108.58,0.29291154071470415,1.90220939,45.67313827363048,0.9676279202607191,2.118253822066679,14.26170407,0.44148839,18.47584922121016,7.8522,1.252779030305924,0.7045581551303596,6.853552174451552,26.438844185116764
135,112,DD,"DuPont de Nemours, Inc.",Process Industries,72.65,0.10070239923466176,1.75066163,32.156368221941996,0.20424072830814438,1.6517549896765311,20.25278114,0.47978669,15.274443283980666,11.9163,0.9164861038974861,0.3420137091540722,6.851655221588872,26.42753923969877
136,77,SRE,DBA Sempra,Utilities,161.24,1.0938743038981702,0.68243023,27.899854528749714,0.18295863798537543,2.7288514016373107,22.72095472,0.90767865,10.868228252916571,4.0224,1.2631202099714935,0.5453186439926877,6.77075619596665,25.9454191580562
137,120,OTIS,Otis Worldwide Corporation,Producer Manufacturing,80.96,0.31579308687742424,0.1634972166666667,29.43068960693803,0.3046497076072872,1.1363636363636365,27.92297111,-1.45510247,10.835828941201568,2.9133,0.48119024980576736,-0.5752263811963564,6.75929546998121,25.877118630265098
138,50,EOG,"EOG Resources, Inc.",Energy Minerals,132.1,0.621301775147929,1.2578907133333335,44.80457096627396,0.31234867166148245,3.77554882664648,10.58082157,0.22302822,18.029987226535763,8.0275,1.5226678070459507,0.26768844583074125,6.733221125145659,25.721727818519156
139,202,DGX,Quest Diagnostics Incorporated,Health Services,145.76,0.15593561368209255,1.2148938100000002,38.37597330367075,1.1346256038647342,1.7014270032930847,14.35046955,0.73082375,18.49828903789025,15.904,0.9538515086917138,0.9327246769323672,6.69439168593214,25.49032265313216
140,177,WAB,Westinghouse Air Brake Technologies Corporation,Producer Manufacturing,102.87,0.16204172574437917,0.9884842033333333,27.294809511633854,0.6004524447828874,0.4666083406240886,28.59638421,0.44201511,10.415164571655728,2.9622,0.5105556067173214,0.5212337773914437,6.692235327436847,25.477471772348302
141,228,STX,Seagate Technology Holdings PLC,Electronic Technology,66.76,0.36955999679803614,-3.5221250566666664,29.74873509990567,0.6988454861404456,4.14919113241462,24.56558895,-12.82765957,11.240670014413,7.4954,0.3909393407373678,-6.064407041929777,6.66902381609835,25.339142099580407
142,158,AEE,Ameren Corporation,Utilities,86.91,0.5695497967742771,1.0112244,28.85517672818267,0.36135570559279573,2.5313542745368776,21.8190009,1.44753146,11.243033709394224,3.8627,1.1391904533441357,0.9044435827963979,6.656105130855581,25.262152821451856
143,132,OKE,"ONEOK, Inc.",Industrial Services,67.28,1.114056775192875,1.1773047433333332,17.483187628234248,0.5708671637254498,5.5588585017835905,18.93399184,2.19557025,7.339197457189194,3.3571,2.159590757155555,1.3832187068627249,6.653815377948078,25.248506972812567
144,152,GPC,Genuine Parts Company,Distribution Services,166.61,0.5202515080910279,1.1511699433333333,33.61416835051093,0.48555447185050987,1.9566652661905044,19.9291419,1.09912479,13.677179431281422,6.2662,1.0318800009903957,0.792339630925255,6.64901071445356,25.21987344183459
145,172,CTRA,Coterra Energy Inc.,Energy Minerals,24.66,0.48776239003571126,1.17785054,56.049046321525886,1.345513650749828,4.5417680454176805,5.14795545,0.21199684,19.841032287175295,2.2962,1.8024485304793934,0.778755245374914,6.631417845717703,25.115028232068198
146,108,HLT,Hilton Worldwide Holdings Inc.,Consumer Services,142.92,0.0,-2.8812254033333335,25.20618556701031,0.851480312284418,0.0,37.5948249,-10.41247265,7.9314867212256575,1.4695,-0.5925843039906706,-4.780496168857791,6.599325386361684,24.923772292879423
147,117,GOLD,Barrick Gold Corporation,Non-Energy Minerals,19.48,0.32597964681498837,2.5559201999999996,37.65602747759051,0.353087873346551,1.8852684804928128,19.44244888,0.15770576,13.779517559196838,1.126605,1.2773532275104316,0.2553968166732755,6.582729376532146,24.824867892580198
148,205,ATO,Atmos Energy Corporation,Utilities,115.53,0.48411497730711045,0.8601877666666667,30.302056662339798,0.523646334654457,2.3543668311261143,20.51195868,0.88862248,12.260248143002157,5.6185,1.0516258417038524,0.7061344073272284,6.568673381096952,24.741100781485073
149,81,AEP,"American Electric Power Company, Inc.",Utilities,92.87,0.6035003017501509,1.0469049833333333,28.09396336511565,0.14275647227500066,3.230321955421557,19.31914894,1.56591181,11.370622782816326,4.971,1.3019453111425254,0.8543341411375003,6.552013226089113,24.641814106141595
150,72,EMR,Emerson Electric Company,Electronic Technology,89.69,0.37801633177355726,0.9511493166666667,39.68213539809485,0.31120603227486593,2.29680008919612,16.50761421,0.66597205,15.36092823825384,5.4495,0.9909739724276716,0.48858904113743296,6.533970203130265,24.534286189271246
151,30,CAT,"Caterpillar, Inc.",Producer Manufacturing,261.5,0.36551729919602965,1.7191770233333334,28.061744861132905,0.08960410775225167,1.6673040152963674,19.22082074,2.33804891,13.903073961488744,11.9283,0.9879919305388734,1.2138265088761258,6.532309741408991,24.52439061964642
152,225,EVRG,"Evergy, Inc.",Utilities,61.69,0.5668358714043994,0.7503630733333334,31.134659101079347,0.3832938236280948,3.529745501702059,17.81252705,1.21304144,11.908840724804227,3.8415,1.3259137722946022,0.7981676318140474,6.523866059226518,24.47407025160901
153,138,ES,Eversource Energy (D/B/A),Utilities,81.37,0.6791984894174676,0.9577676933333333,28.624999176221234,0.23614188633287908,2.9617795256236943,20.13833599,1.44463934,11.043688956518189,3.5483,1.2530275589853024,0.8403906131664395,6.515317998553716,24.423127836941354
154,148,FANG,"Diamondback Energy, Inc.",Energy Minerals,145.34,0.14167057947314735,0.5322734100000001,62.24805061056349,0.654153055918789,1.2040732076510252,6.14888313,0.36797637,25.044308006854497,12.3526,0.5817943156161762,0.5110647129593945,6.48897108336619,24.266112634303973
155,169,DOV,Dover Corporation,Producer Manufacturing,143.31,0.25485048344752514,1.0826313733333333,37.62932237572879,0.43085775220432765,1.3885981438838881,18.0128468,0.90983072,15.506817916354043,7.8085,0.7716337113415883,0.6703442361021639,6.4798128978815885,24.21153416318428
156,210,CPB,Campbell Soup Company,Consumer Non-Durables,51.9,0.5884925841981788,0.9952348900000002,30.214903060032704,0.8251784678052367,2.851637764932563,19.46474798,1.46641683,11.241679316677567,2.5149,1.2914673383732889,1.1457976489026183,6.460985989298866,24.099334657279645
157,145,CDW,CDW Corporation,Technology Services,194.03,0.23816528670897602,2.57135351,17.13911088911089,1.1735502735802912,0.8761531721898675,25.40748725,5.14064857,8.94945479970363,7.1379,1.1212670619326521,3.1570994217901456,6.459886706759864,24.092783451212878
158,70,MAR,Marriott International,Consumer Services,171.2,0.0,3.6143816933333333,18.625965216136247,0.483968081410787,0.0,26.60145878,9.80714958,8.533048969823193,3.3588,0.9761906355449513,5.145558830705394,6.455432152921416,24.06623640885043
159,44,AMAT,"Applied Materials, Inc.",Producer Manufacturing,108.2,0.1361561256907921,1.5981083333333335,46.299396534942574,0.1078007038018386,0.9426987060998152,15.12605042,0.47802198,18.4629682894253,7.4914,0.6990265094203402,0.2929113419009193,6.448358594260182,24.024081331542288
160,190,AMCR,Amcor plc,Process Industries,11.78,0.9014536530111384,1.47219799,19.251925192519177,0.3906103928878237,4.0534804753820035,21.65639725,1.86745473,7.084607727506392,0.5297,1.755519953832573,1.1290325614439118,6.433208520218414,23.93379402736613
161,115,CMI,Cummins Inc.,Producer Manufacturing,246.82,0.3799907716526884,1.2094384366666666,23.616835269139504,0.2259767265311942,2.2688598979013044,18.53709805,0.89365245,13.187824568602055,14.7372,1.0364678627001127,0.5598145882655972,6.41388601509239,23.818640999536107
162,151,FE,FirstEnergy Corp.,Utilities,41.3,0.6878610167996826,1.0718027233333334,26.230686309737695,0.2283223550749,3.7772397094430996,18.78702269,1.89161773,9.85679634435701,2.2679,1.4872603173352321,1.05997004253745,6.400396668791886,23.73825085033859
163,57,NOC,Northrop Grumman Corporation,Electronic Technology,439.28,0.2138732895673495,1.0346912133333335,20.419649199497293,0.3243637933397385,1.5388818065926062,13.88615668,0.97962382,17.68728013761021,31.6075,0.766903475331018,0.6519938066698693,6.338969320999565,23.372172795566748
164,147,YUMC,"Yum China Holdings, Inc.",Consumer Services,61.51,0.20460358056265984,1.58065809,13.833350248655293,0.9164501967128601,0.7803609169240774,30.93675418,0.26478795,5.920002779551765,2.346,0.7993335344348793,0.59061907335643,6.317517248931939,23.244328551991515
165,34,LOW,"Lowe's Companies, Inc.",Retail Trade,201.91,0.24830531621682023,-0.19176807333333334,31.578181818181818,0.42314639183172115,1.4858105096330048,19.84495668,-2.96953684,14.489437914949493,12.0819,0.4738894285255631,-1.2731952240841393,6.311527072602776,23.208629923007333
166,230,LNT,Alliant Energy Corporation,Utilities,53.65,0.6112608679144994,0.9241598166666666,24.502589261379125,0.7416032000208099,3.0009319664492082,20.51881457,1.37446129,9.35354969268193,2.6339,1.306454729552165,1.058032245010405,6.28122862086023,23.028065424048187
167,129,GLW,Corning Incorporated,Electronic Technology,36.39,0.7367047809070678,1.2227554533333336,35.264429911856695,0.48867062919193827,2.638087386644682,17.1882298,0.64755802,12.596761788396677,1.3031,1.2963579776907683,0.5681143245959691,6.269913970555029,22.960635438495895
168,155,K,Kellogg Company,Consumer Non-Durables,68.09,0.5293794114950958,1.00296654,31.676186446653976,0.4752307872244318,3.392568659127625,15.55095468,1.53566906,12.34758432888466,4.3636,1.3554512118888546,1.0054499236122159,6.259338460848655,22.89761038270773
169,135,WEC,"WEC Energy Group, Inc.",Utilities,92.62,0.6573362117059208,1.0178423399999998,21.296296296296298,0.37645470176098705,2.9259339235586266,21.26289251,1.40887022,8.8122795454321,4.1227,1.2724799452508768,0.8926624608804936,6.237056195054777,22.764818575623526
170,156,SIRI,Sirius XM Holdings Inc.,Consumer Services,5.87,0.2036630602782071,-0.6863951133333335,44.089236430542776,0.3258011523529581,1.1224020442930152,20.2739726,-2.80945796,14.575447105736481,0.3235,0.22915397669023663,-1.241828403823521,6.226011578225408,22.698997862375975
171,184,DRI,"Darden Restaurants, Inc.",Consumer Services,146.92,0.5901762480886338,1.2952579800000001,16.871235721703012,0.7688321647819543,2.994827116798258,20.46567444,2.94987382,8.540631233901005,7.4554,1.3944077857478794,1.8593529923909773,6.210962793495746,22.60931419478316
172,222,VTRS,Viatris Inc.,Health Technology,11.94,-0.314315649109439,1.4240844766666665,34.700986816313275,0.5894753416859219,2.763819095477387,18.02334394,1.05582751,11.691723764326646,-1.0499,1.0253867171005981,0.8226514258429609,6.209603894367991,22.601215796151305
173,161,ETR,Entergy Corporation,Utilities,107.69,0.6934588505829725,1.1995504733333333,23.06569797040072,0.2469364591960073,3.5843625220540436,17.64514925,2.22388686,9.943849481244683,5.5663,1.4757293154302857,1.2354116595980036,6.203324535182521,22.563793773575917
174,149,HRL,Hormel Foods Corporation,Consumer Non-Durables,44.78,0.566726608904147,1.7950816066666668,17.093010357493327,1.0024191080478815,2.3224653863331843,24.67161308,0.44774542,6.907730654719998,1.8351,1.3781039275735965,0.7250822640239407,6.196061917139748,22.520511991418594
175,105,TEL,TE Connectivity Ltd. New Switzerland Registered Shares,Electronic Technology,125.5,0.2820274045496874,1.2273028866666669,31.509121061359867,0.47257212308405566,1.6892430278884465,17.91738136,0.37059644,13.41780798267551,7.517,0.8987318886937772,0.42158428154202787,6.144783109229283,22.214914453423816
176,160,LH,Laboratory Corporation of America Holdings,Health Services,251.12,0.0,1.3622460066666668,32.59557468875807,0.8939330504120121,0.0,13.57251126,0.62021936,19.514040231808245,24.5843,0.4746514592284685,0.757076205206006,6.133055220689367,22.145021762666786
177,85,GIS,"General Mills, Inc.",Consumer Non-Durables,78.21,0.4577583305284416,0.7632320233333333,33.08358957078472,0.3397368817079888,2.6083621020329883,16.2765913,1.13190193,12.767773864706015,4.4565,1.0540744792827335,0.7358194058539944,6.114652658957183,22.035351164084
178,206,AGR,"Avangrid, Inc.",Utilities,42.1,0.8914100486223663,0.6349796866666667,22.820874471086036,0.41205270507954767,4.180522565320665,18.18025011,0.43031376,8.476751385917568,1.9744,1.577676985776593,0.42118323253977386,6.11308213297784,22.025991569112872
179,153,DTE,DTE Energy Company,Utilities,114.33,1.0161864750165277,1.26545426,14.230692609070989,0.31110652208059175,4.167759993002711,19.65088921,2.2193412,6.728415623023662,4.6891,1.7606348078185512,1.265223861040296,6.110325592064213,22.009563883858235
180,216,AVY,Avery Dennison Corporation,Process Industries,185.63,0.29795241722299387,1.1920043966666667,27.463339795202362,0.47363117100732416,1.4329580348004096,18.95233858,1.56070343,12.527648063956343,8.9276,0.8315686295459155,1.017167300503662,6.0878766976682375,21.87577904880331
181,96,EXC,Exelon Corporation,Utilities,41.75,0.877998393205555,1.0638312233333334,21.244301831054067,0.07992103534148982,3.6646706586826348,19.25635104,1.57281751,8.016911018129134,1.7426,1.5014130634271599,0.8263692726707449,6.049226250354481,21.645440590816843
182,212,J,Jacobs Solutions Inc.,Industrial Services,121.0,0.2357359757072079,1.17445521,20.770324442063437,0.5575323846862493,0.9752066115702479,24.48434456,0.61827849,8.983459884021146,5.0056,0.7035529045930221,0.5879054373431247,5.996584414157872,21.331720046351435
183,126,ALB,Albemarle Corporation,Process Industries,271.98,1.4612214312476581,1.3190270000000002,30.30300571792244,1.0845221132686147,0.5735715861460401,21.36152015,0.50285622,10.89654423930748,1.0676,1.1472554644634827,0.7936891666343073,5.9217911289846095,20.885987301405436
184,56,MU,"Micron Technology, Inc.",Electronic Technology,61.71,0.055043522785458265,2.4158988833333335,45.35730541647701,0.17377213041511042,0.6968076486793064,11.58051239,0.22210279,18.528401433270115,7.812,0.8235076855403369,0.1979374602075552,5.877470107163655,20.621854890731115
185,67,EPD,Enterprise Products Partners L.P.,Industrial Services,25.59,0.8548632218844985,0.9330869233333333,16.23531279771356,0.2554427749043539,7.033997655334115,11.47193635,1.08072157,6.424666573682298,2.1056,2.3292896885620897,0.6680821724521769,5.765053703222434,19.95190608196303
186,142,FERG,Ferguson plc,Distribution Services,139.55,0.2821265157888257,1.53086985,29.598123643492446,0.3642758286730923,1.9706198495163023,14.0090252,0.90978325,13.625464497830817,9.7474,1.0287580797061284,0.6370295393365462,5.738525108281241,19.79380815358208
187,185,FOX,Fox Corporation,Consumer Services,31.41,0.22545796148426492,2.615634296666667,32.159725203950195,0.2779531860527907,1.5281757402101241,15.84406474,0.65384615,12.301453166872287,2.129,1.156555773646609,0.4658996680263954,5.631081976651786,19.15349770491213
188,175,BBY,"Best Buy Co., Inc.",Retail Trade,86.38,0.2815966530226383,1.09723006,22.317961399509283,1.1133233581486612,3.2414910858995136,12.73205584,1.34046108,11.11949715316976,9.9433,1.3502376187551008,1.2268922190743305,5.566403759000014,18.76804599724406
189,121,CTSH,Cognizant Technology Solutions Corporation,Technology Services,65.27,0.23674475955610358,1.55586726,33.90068622683309,0.6674871136868455,1.4708135437413818,14.62953068,0.12711156,13.170517828944362,4.055,0.9396539338330085,0.3972993368434228,5.544420648053882,18.637037012122295
190,84,FDX,FedEx Corporation,Transportation,184.08,0.20659876453938805,1.3908248766666667,21.56621610060741,0.2672025288838201,1.6297262059973925,14.97053971,1.57727555,12.49264699242469,14.5209,0.8675277175873737,0.92223903944191,5.54213405012519,18.623409965670426
191,130,LYB,LyondellBasell Industries NV,Process Industries,94.46,0.2650034319138142,1.4237474133333332,18.895846423851104,0.12541097352254477,4.700402286682194,7.41243551,1.04148064,12.358031279061478,16.7545,1.6426002722020985,0.5834458067612724,5.462586917043606,18.14934652670125
192,26,UPS,"United Parcel Service, Inc.",Transportation,176.97,0.2766420536604219,1.39594869,17.933418377844536,0.30912536714089034,2.3054755043227666,14.2684752,1.40510949,11.359222355948177,14.7483,1.0685495724329728,0.8571174285704453,5.456607538451753,18.113712247144683
193,211,LKQ,LKQ Corporation,Consumer Durables,57.88,0.06802721088435375,1.4233927433333333,38.67925623891011,1.8786597829731,0.43192812715964063,13.69980266,0.69552915,14.592549660747814,3.675,0.7694387088787323,1.28709446648655,5.424127893165792,17.92014886221452
194,218,PARA,Paramount Global,Consumer Services,22.61,0.13678331243588282,1.12679795,36.563352690128035,0.11951029641420217,4.245908889871738,4.92118006,0.76098653,14.902850213376011,7.0184,1.4089774137826239,0.4402484132071011,5.38878891340309,17.70954519081901
195,214,MGM,MGM Resorts International,Consumer Services,39.86,0.004097856820882678,2.89016653,36.145355335769935,0.357001949492784,0.025087807325639738,14.02147155,5.69087919,13.825273955256646,2.4403,0.7837981266426365,3.0239405697463924,5.374145454384319,17.622277073516493
196,182,MGA,"Magna International, Inc.",Producer Manufacturing,63.44,0.34136147039456427,0.9995649433333332,9.84444505843665,0.3629935740254755,2.6862541771752837,20.8142319,0.45546745,5.278751233923328,4.9922437,1.095380330869073,0.40923051201273775,5.298529418855793,17.171641124046083
197,194,OMC,Omnicom Group Inc.,Commercial Services,84.84,0.4262250163639961,1.2148338900000002,17.685137234593476,0.8078388039495682,3.3003300330033,13.6877247,1.75080293,8.489757041531158,6.5693,1.3991455570706588,1.2793208669747842,5.218927599172365,16.697251778692458
198,181,CMS,CMS Energy Corporation,Utilities,62.67,0.3730383329045537,1.4218327566666666,20.944194296629824,0.43433307936072196,2.7764480612733364,14.02977032,1.83302239,9.01014235109883,4.6644,1.245283582905703,1.133677734680361,5.16411710579623,16.370607059079003
199,124,DHI,"D.R. Horton, Inc.",Consumer Durables,94.83,0.05403847539448087,4.2154977,31.374253285543606,0.905435285560258,0.9490667510281556,5.98462302,0.27919854,17.414850328514536,16.6548,1.4458698719791458,0.592316912780129,5.086082703284153,15.905558781665414
200,69,PXD,Pioneer Natural Resources Company,Energy Minerals,229.83,0.25361959266488027,0.7658976966666667,38.254057078903195,0.4048744265056167,1.000739677152678,8.36032244,0.24349645,16.02955159185662,9.0687,0.5911573648633868,0.3241854382528084,4.940388472558255,15.037289802253538
201,183,BALL,Ball Corporation,Process Industries,57.44,0.25990420673523185,1.4979457733333332,14.585127763422337,0.5382426673671816,1.2186629526462396,19.46433396,2.61566638,6.258791178918557,2.6933,0.8508550539573017,1.576954523683591,4.907416431435268,14.840791970099547
202,99,DVN,Devon Energy Corporation,Energy Minerals,62.34,0.31684772250809984,0.9764081299999999,37.88363636363636,0.531334532461585,2.133461661854347,6.8719007,0.61188335,14.352548164545455,4.1976,0.9680643307106593,0.5716089412307925,4.840510213266139,14.44206242894626
203,227,IPG,"Interpublic Group of Companies, Inc. (The)",Commercial Services,35.95,0.4454710443821152,1.1394835666666667,15.322194771841769,1.3010575753367877,3.004172461752434,14.24420919,1.32891928,6.295359446169478,2.4244,1.3869875089390336,1.3149884276683939,4.775200726261223,14.052848653320808
204,4,XOM,Exxon Mobil Corporation,Energy Minerals,113.56,0.6475554318582429,0.9722489566666667,24.099675590888026,0.040941415632561116,3.073265234237408,9.41909728,0.23532581,10.153808182518231,5.3895,1.244164161221288,0.13813361281628056,4.6904602003618185,13.547835039734922
205,71,MCK,McKesson Corporation,Distribution Services,378.69,0.25018798277394216,-1.2843912733333334,4.7919050180705085,0.2434937253091659,0.4832448704745306,26.87398567,-5.77421938,3.607337914912391,7.3145,-0.07619674794744605,-2.765362827345417,4.601953424903434,13.020376353036028
206,27,COP,ConocoPhillips,Energy Minerals,120.53,0.2868335218239334,1.0893563566666666,31.97628973423658,0.18793519247588758,1.4519206836472247,8.87320809,0.34558569,13.055582030301084,6.1011,0.7639012715882327,0.2667604412379438,4.595325186675237,12.980875175720895
207,127,KR,Kroger Company (The),Retail Trade,44.21,0.3676804357694054,1.1837006766666667,19.96185309816663,0.46725200484408114,1.8321646686270077,14.10368793,2.03988317,7.782851258277765,2.203,0.9527422895693226,1.2535675874220407,4.5853151728781905,12.921220209150448
208,176,CNP,"CenterPoint Energy, Inc (Holding Co)",Utilities,29.84,0.2770673486786019,1.11100022,22.641283524904214,0.3525654557475982,2.1782841823056303,12.28113644,1.56201822,8.699427914968071,2.346,0.9721794909760579,0.957291837873799,4.574315360216697,12.855666507636451
209,102,ET,Energy Transfer LP,Industrial Services,13.1,0.3220696937697994,1.1126918433333333,14.067668392245281,0.18176461054850618,4.65648854961832,9.92202005,1.17512969,5.691453411859538,1.894,1.582284182639619,0.6784471502742531,4.486956015444734,12.335045967280626
210,215,WLK,Westlake Corporation,Process Industries,119.45,0.0724605297598907,1.82595873,28.62964849719817,0.3243502669306385,0.950188363331938,5.884877,0.51972909,15.373102409066055,15.6637,0.768050498788542,0.42203967846531926,4.4766251333564595,12.273478776853672
211,111,CARR,Carrier Global Corporation,Producer Manufacturing,43.58,0.2659435782447724,1.4998655066666666,29.14665502352884,0.21337649294465122,1.1702615878843505,10.54056013,1.25994908,10.854740176731836,1.9177,0.7926184999651222,0.7366627864723256,4.374931434850185,11.667432241072987
212,207,CF,"CF Industries Holdings, Inc.",Process Industries,82.7,0.281353309418302,1.9289492533333334,36.11196084429489,0.46323977132152183,1.4510278113663844,5.4531611,0.45737636,14.102003365876074,4.2651,1.0129538901695634,0.4603080656607609,4.372952460693598,11.655638487383072
213,223,APA,APA Corporation,Energy Minerals,44.16,0.091289975399754,1.9131681033333334,40.97683155917345,0.8458806783595343,0.5378170289855073,4.36846831,3.63829787,15.163866554168926,2.6016,0.7715798762235542,2.2420892741797673,4.266492562503303,11.021187646814894
214,165,TECK,Teck Resources Ltd,Energy Minerals,41.34,0.03712021381243156,1.22763044,36.08782731251391,0.7195860662871983,0.3824866956942429,6.66284763,0.38018742,13.858377164171301,4.25967374,0.5234592687009915,0.5498867431435992,4.071702077532141,9.860328121064352
215,221,BG,Bunge Limited Bunge Limited,Process Industries,97.07,0.14315379892237962,1.3030036999999999,8.635672020287405,0.21411689508420378,2.1376326362418876,9.93040576,0.65453964,8.1445252400958,14.4949,0.9423804479459353,0.43432826754210185,4.0387836416324205,9.664149750787917
216,199,EXPD,"Expeditors International of Washington, Inc.",Transportation,105.52,0.1386150445121587,1.3008869533333334,14.232436109092273,2.2913958801700387,1.0993176648976497,11.32559509,0.1427562,7.9672743541418685,8.3685,0.9922758021625071,1.2170760400850194,3.9918659883467975,9.384542639842328
217,195,MRO,Marathon Oil Corporation,Energy Minerals,27.09,0.1497504159733777,0.8493412633333334,38.17175504374219,1.294537689238726,0.6644518272425249,5.43691185,0.37936891,13.407698769025174,1.202,0.6250415716204556,0.8369532996193629,3.9363678023448427,9.053799596147034
218,139,HPQ,HP Inc.,Electronic Technology,28.82,0.3240755744239557,-0.8996388666666668,18.244614046951984,0.21395243062582345,3.4698126301179735,9.69968475,-4.2131597,6.810225060095106,3.0857,0.7880627565050846,-1.9996036346870885,3.854996839211976,8.568866989268061
219,157,TSN,"Tyson Foods, Inc.",Consumer Non-Durables,64.1,0.20277341705913135,1.35669196,12.126046319582597,0.33040345089183526,2.901716068642746,7.23318549,0.4450053,7.551846093194199,9.1728,1.1851332207651577,0.3877043754459176,3.800915605467545,8.246568313509547
220,137,DELL,Dell Technologies Inc.,Electronic Technology,40.01,0.0,-2.322628836666667,20.449529389641626,0.11733109047629492,0.0,16.91281363,-8.36104513,8.475800184324987,7.3005,-0.5630575455952225,-4.121857019761853,3.679131992990006,7.520795354703098
221,203,MOS,Mosaic Company (The),Process Industries,48.5,0.06376663729536708,1.0202103833333334,25.78778707495104,0.3432105626792961,0.5670103092783506,4.84039693,0.37084693,10.37353248609479,4.3126,0.47060508060819395,0.3570287463396481,3.1242232742884766,4.213800805549087
222,63,OXY,Occidental Petroleum Corporation,Energy Minerals,64.13,0.02473563787026158,0.9890946566666666,29.288960788845237,0.3639823224082583,0.06237330422579136,5.54347554,0.76211699,10.631718481837302,1.6171,0.32612181183894484,0.5630496562041292,3.114412437215347,4.1553328384221775
223,75,F,Ford Motor Company,Consumer Durables,12.89,0.022249911000356,1.8268721466666664,18.00485547267513,0.3874361570414497,0.7757951900698216,5.9996383,3.0831096,8.108709206447264,4.4944,0.716569726590464,1.7352728785207248,3.107095862810088,4.111729501762969
224,76,GM,General Motors Company,Consumer Durables,36.29,0.0,1.2997787566666668,20.296998519731662,0.36894959977707764,0.0,6.44213957,1.61404389,9.458759092132775,6.7795,0.3802871291332283,0.9914967448885388,3.052294210698716,3.785137471922438
225,78,PSX,Phillips 66,Energy Minerals,106.42,1.219676549865229,1.0442380433333334,3.0184735224755235,0.8190948741025145,3.401616237549333,4.97456216,0.53009697,2.3435705219362855,2.968,1.6612145937888738,0.6745959220512572,2.718146540304401,1.7937747714187664
226,61,MPC,Marathon Petroleum Corporation,Energy Minerals,129.14,0.8571639695559004,1.3789685533333333,5.711447105871745,0.4045785089303313,1.7964999225646587,5.8326894,0.82593634,3.2656718864016927,2.7066,1.1545612846586129,0.6152574244651656,2.4171538276609064,0.0
